5.380109418183565140e-03 8.830971121788024902e-01 -4.691593647003173828e-01 1.552917599678039551e+00 9.999855160713195801e-01 -4.751227796077728271e-03 2.524165203794836998e-03 -1.266300439834594727e+00 -4.336808689942017736e-19 -4.691661596298217773e-01 -8.831099271774291992e-01 1.081492677330970764e-01 0.000000000000000000e+00 0.000000000000000000e+00 0.000000000000000000e+00 1.000000000000000000e+00
-8.589810132980346680e-01 -2.019235044717788696e-01 -4.705087840557098389e-01 1.594026833772659302e-01 5.120074152946472168e-01 -3.387615978717803955e-01 -7.893598675727844238e-01 -2.072802305221557617e+00 0.000000000000000000e+00 -9.189491271972656250e-01 3.943761289119720459e-01 1.161061748862266541e-01 0.000000000000000000e+00 0.000000000000000000e+00 0.000000000000000000e+00 1.000000000000000000e+00
-9.893110394477844238e-01 -3.136986494064331055e-02 -1.424063891172409058e-01 9.998574852943420410e-01 1.458206027746200562e-01 -2.128269523382186890e-01 -9.661475419998168945e-01 6.977307796478271484e-01 0.000000000000000000e+00 -9.765862226486206055e-01 2.151264250278472900e-01 2.504545636475086212e-02 0.000000000000000000e+00 0.000000000000000000e+00 0.000000000000000000e+00 1.000000000000000000e+00
9.972681999206542969e-01 -1.641599088907241821e-02 7.201822847127914429e-02 1.927909970283508301e+00 -7.386548072099685669e-02 -2.216345816850662231e-01 9.723281264305114746e-01 -1.016462564468383789e+00 -1.387778780781445676e-17 -9.749916195869445801e-01 -2.222416996955871582e-01 1.582538604736328125e+00 0.000000000000000000e+00 0.000000000000000000e+00 0.000000000000000000e+00 1.000000000000000000e+00
9.064094424247741699e-01 3.122514486312866211e-01 2.844660282135009766e-01 1.420574188232421875e+00 -4.224001467227935791e-01 6.700463294982910156e-01 6.104228496551513672e-01 1.333042860031127930e+00 5.551115123125782702e-17 -6.734515428543090820e-01 7.392314076423645020e-01 1.567491173744201660e+00 0.000000000000000000e+00 0.000000000000000000e+00 0.000000000000000000e+00 1.000000000000000000e+00
3.335896730422973633e-01 7.343621850013732910e-01 5.911261439323425293e-01 1.090964436531066895e+00 -9.427183866500854492e-01 2.598609030246734619e-01 2.091754972934722900e-01 -7.874765992164611816e-01 0.000000000000000000e+00 -6.270442605018615723e-01 7.789835929870605469e-01 1.389047503471374512e-01 0.000000000000000000e+00 0.000000000000000000e+00 0.000000000000000000e+00 1.000000000000000000e+00
3.809210956096649170e-01 -5.470009446144104004e-01 -7.454455494880676270e-01 -1.422036409378051758e+00 9.246075153350830078e-01 2.253541946411132812e-01 3.071097135543823242e-01 -1.485541462898254395e+00 -1.387778780781445676e-17 -8.062291741371154785e-01 5.916033387184143066e-01 5.699211955070495605e-01 0.000000000000000000e+00 0.000000000000000000e+00 0.000000000000000000e+00 1.000000000000000000e+00
8.711532354354858398e-01 1.979741156101226807e-01 4.493309855461120605e-01 1.675736665725708008e+00 -4.910112917423248291e-01 3.512460887432098389e-01 7.972039580345153809e-01 1.535080432891845703e+00 0.000000000000000000e+00 -9.151133298873901367e-01 4.031966924667358398e-01 9.016174077987670898e-01 0.000000000000000000e+00 0.000000000000000000e+00 0.000000000000000000e+00 1.000000000000000000e+00
-9.271657466888427734e-01 2.099089026451110840e-01 3.103255033493041992e-01 7.976661324501037598e-01 -3.746514022350311279e-01 -5.194705128669738770e-01 -7.679757475852966309e-01 -2.568106412887573242e+00 0.000000000000000000e+00 -8.283047080039978027e-01 5.602779388427734375e-01 -3.058821260929107666e-01 0.000000000000000000e+00 0.000000000000000000e+00 0.000000000000000000e+00 1.000000000000000000e+00
-8.702749013900756836e-01 -2.114198654890060425e-01 4.448856711387634277e-01 -9.836548566818237305e-02 -4.925663471221923828e-01 3.735403120517730713e-01 -7.860318422317504883e-01 -1.505842328071594238e+00 2.775557561562891351e-17 -9.031994342803955078e-01 -4.292210638523101807e-01 1.368082687258720398e-02 0.000000000000000000e+00 0.000000000000000000e+00 0.000000000000000000e+00 1.000000000000000000e+00
8.515963554382324219e-01 3.204430341720581055e-01 -4.148492813110351562e-01 -3.776157498359680176e-01 5.241981148719787598e-01 -5.205820202827453613e-01 6.739515662193298340e-01 -2.321311950683593750e+00 0.000000000000000000e+00 -7.913978695869445801e-01 -6.113013625144958496e-01 2.056977301836013794e-01 0.000000000000000000e+00 0.000000000000000000e+00 0.000000000000000000e+00 1.000000000000000000e+00
-9.577732086181640625e-01 -2.147387266159057617e-01 1.912009268999099731e-01 -8.655040860176086426e-01 -2.875248193740844727e-01 7.153156399726867676e-01 -6.369089484214782715e-01 -1.416680693626403809e+00 0.000000000000000000e+00 -6.649892926216125488e-01 -7.468528747558593750e-01 1.290881872177124023e+00 0.000000000000000000e+00 0.000000000000000000e+00 0.000000000000000000e+00 1.000000000000000000e+00
-8.951475620269775391e-01 -5.059342831373214722e-02 -4.428894817829132080e-01 -3.717937469482421875e-01 4.457699060440063477e-01 -1.015963330864906311e-01 -8.893634676933288574e-01 -2.118026018142700195e+00 -6.938893903907228378e-18 -9.935383796691894531e-01 1.134967431426048279e-01 -1.445974111557006836e-01 0.000000000000000000e+00 0.000000000000000000e+00 0.000000000000000000e+00 1.000000000000000000e+00
-9.978709220886230469e-01 -2.276420593261718750e-02 -6.111760437488555908e-02 2.189274311065673828e+00 6.521940231323242188e-02 -3.482972383499145508e-01 -9.351125359535217285e-01 -1.551244139671325684e+00 0.000000000000000000e+00 -9.371076822280883789e-01 3.490403890609741211e-01 8.405109047889709473e-01 0.000000000000000000e+00 0.000000000000000000e+00 0.000000000000000000e+00 1.000000000000000000e+00
8.514883518218994141e-01 3.890834152698516846e-01 3.515418469905853271e-01 -8.791034817695617676e-01 -5.243735313415527344e-01 6.318015456199645996e-01 5.708407759666442871e-01 -1.320305585861206055e+00 5.551115123125782702e-17 -6.704035401344299316e-01 7.419967055320739746e-01 1.171278357505798340e+00 0.000000000000000000e+00 0.000000000000000000e+00 0.000000000000000000e+00 1.000000000000000000e+00
9.843972325325012207e-01 -6.022622063755989075e-02 -1.653327941894531250e-01 1.152521848678588867e+00 1.759606003761291504e-01 3.369306921958923340e-01 9.249408841133117676e-01 1.299329161643981934e+00 0.000000000000000000e+00 -9.396012425422668457e-01 3.422710597515106201e-01 1.301817059516906738e+00 0.000000000000000000e+00 0.000000000000000000e+00 0.000000000000000000e+00 1.000000000000000000e+00
3.934085071086883545e-01 -4.150253832340240479e-01 -8.203558325767517090e-01 -1.088910922408103943e-01 9.193637967109680176e-01 1.775951087474822998e-01 3.510416150093078613e-01 -3.778428733348846436e-01 0.000000000000000000e+00 -8.923081755638122559e-01 4.514267444610595703e-01 1.112540245056152344e+00 0.000000000000000000e+00 0.000000000000000000e+00 0.000000000000000000e+00 1.000000000000000000e+00
9.519440531730651855e-01 -2.745039761066436768e-01 -1.358311176300048828e-01 1.929580420255661011e-01 3.062720000743865967e-01 8.532038331031799316e-01 4.221856296062469482e-01 1.121223643422126770e-01 -5.551115123125782702e-17 -4.434983432292938232e-01 8.962751626968383789e-01 -2.888110876083374023e-01 0.000000000000000000e+00 0.000000000000000000e+00 0.000000000000000000e+00 1.000000000000000000e+00
9.175650477409362793e-01 -7.388592511415481567e-02 3.906600177288055420e-01 1.637033462524414062e+00 -3.975856900215148926e-01 -1.705170571804046631e-01 9.015817046165466309e-01 5.230580568313598633e-01 -1.387778780781445676e-17 -9.825806617736816406e-01 -1.858364790678024292e-01 1.085781931877136230e+00 0.000000000000000000e+00 0.000000000000000000e+00 0.000000000000000000e+00 1.000000000000000000e+00
7.024405002593994141e-01 3.165113925933837891e-01 6.374934315681457520e-01 -1.084703207015991211e+00 -7.117424607276916504e-01 3.123748302459716797e-01 6.291618943214416504e-01 -1.061743795871734619e-01 0.000000000000000000e+00 -8.956798911094665527e-01 4.446993470191955566e-01 9.513400197029113770e-01 0.000000000000000000e+00 0.000000000000000000e+00 0.000000000000000000e+00 1.000000000000000000e+00
-7.644339203834533691e-01 -3.642783761024475098e-01 5.319229960441589355e-01 -1.432673811912536621e+00 -6.447020769119262695e-01 4.319308996200561523e-01 -6.307098865509033203e-01 -1.960621476173400879e+00 -2.775557561562891351e-17 -8.250678777694702148e-01 -5.650336742401123047e-01 1.128156304359436035e+00 0.000000000000000000e+00 0.000000000000000000e+00 0.000000000000000000e+00 1.000000000000000000e+00
9.008620381355285645e-01 5.602554604411125183e-02 -4.304749965667724609e-01 8.204191923141479492e-01 4.341054856777191162e-01 -1.162650287151336670e-01 8.933279514312744141e-01 -5.698033571243286133e-01 -1.387778780781445676e-17 -9.916368126869201660e-01 -1.290597468614578247e-01 1.348553419113159180e+00 0.000000000000000000e+00 0.000000000000000000e+00 0.000000000000000000e+00 1.000000000000000000e+00
9.976040720939636230e-01 -1.555649191141128540e-02 6.741027534008026123e-02 -9.688603878021240234e-01 -6.918200850486755371e-02 -2.243245095014572144e-01 9.720557332038879395e-01 1.159827709197998047e+00 1.387778780781445676e-17 -9.743903279304504395e-01 -2.248632758855819702e-01 4.391826093196868896e-01 0.000000000000000000e+00 0.000000000000000000e+00 0.000000000000000000e+00 1.000000000000000000e+00
5.799264311790466309e-01 -1.060713380575180054e-01 -8.077340126037597656e-01 -5.837337970733642578e-01 8.146688342094421387e-01 7.550746202468872070e-02 5.749898552894592285e-01 -2.533026218414306641e+00 6.938893903907228378e-18 -9.914875030517578125e-01 1.302017867565155029e-01 9.969024062156677246e-01 0.000000000000000000e+00 0.000000000000000000e+00 0.000000000000000000e+00 1.000000000000000000e+00
7.571392655372619629e-01 -4.448956251144409180e-01 4.783387780189514160e-01 1.251103281974792480e+00 -6.532534956932067871e-01 -5.156466364860534668e-01 5.544081926345825195e-01 -1.532083868980407715e+00 0.000000000000000000e+00 -7.322406768798828125e-01 -6.810459494590759277e-01 9.491040706634521484e-01 0.000000000000000000e+00 0.000000000000000000e+00 0.000000000000000000e+00 1.000000000000000000e+00
9.875320196151733398e-01 1.551572531461715698e-01 2.658499963581562042e-02 -2.054704725742340088e-01 -1.574183553457260132e-01 9.733474850654602051e-01 1.667755991220474243e-01 3.803442418575286865e-01 0.000000000000000000e+00 -1.688812077045440674e-01 9.856364130973815918e-01 -9.041190743446350098e-01 0.000000000000000000e+00 0.000000000000000000e+00 0.000000000000000000e+00 1.000000000000000000e+00
-9.916731119155883789e-01 -5.872083827853202820e-02 1.146138384938240051e-01 -1.571265339851379395e+00 -1.287806928157806396e-01 4.521785974502563477e-01 -8.825814723968505859e-01 -7.496217489242553711e-01 2.775557561562891351e-17 -8.899923563003540039e-01 -4.559754729270935059e-01 1.353026926517486572e-02 0.000000000000000000e+00 0.000000000000000000e+00 0.000000000000000000e+00 1.000000000000000000e+00
-3.666675090789794922e-01 -2.403767406940460205e-01 8.987624645233154297e-01 2.610734403133392334e-01 -9.303520321846008301e-01 9.473653882741928101e-02 -3.542174994945526123e-01 7.504935264587402344e-01 -6.938893903907228378e-18 -9.660455584526062012e-01 -2.583718001842498779e-01 1.040630817413330078e+00 0.000000000000000000e+00 0.000000000000000000e+00 0.000000000000000000e+00 1.000000000000000000e+00
-9.841298460960388184e-01 1.852221414446830750e-02 1.764806360006332397e-01 1.851743459701538086e-01 -1.774499565362930298e-01 -1.027234047651290894e-01 -9.787539839744567871e-01 -9.998331218957901001e-02 0.000000000000000000e+00 -9.945374727249145508e-01 1.043799296021461487e-01 -4.210334718227386475e-01 0.000000000000000000e+00 0.000000000000000000e+00 0.000000000000000000e+00 1.000000000000000000e+00
8.320380449295043945e-01 1.809309273958206177e-01 5.243821740150451660e-01 -1.476939320564270020e+00 -5.547185540199279785e-01 2.713834047317504883e-01 7.865356802940368652e-01 -8.646171689033508301e-01 0.000000000000000000e+00 -9.453121423721313477e-01 3.261670768260955811e-01 -3.261364698410034180e-01 0.000000000000000000e+00 0.000000000000000000e+00 0.000000000000000000e+00 1.000000000000000000e+00
9.737701416015625000e-01 -1.720751523971557617e-01 1.488685160875320435e-01 1.368950247764587402e+00 -2.275339365005493164e-01 -7.364248633384704590e-01 6.371081471443176270e-01 -1.191813349723815918e+00 -5.551115123125782702e-17 -6.542695164680480957e-01 -7.562614679336547852e-01 2.328655123710632324e-01 0.000000000000000000e+00 0.000000000000000000e+00 0.000000000000000000e+00 1.000000000000000000e+00
-3.097108304500579834e-01 1.745929270982742310e-01 -9.346638321876525879e-01 -1.120829105377197266e+00 9.508308172225952148e-01 5.686955153942108154e-02 -3.044448196887969971e-01 1.342355161905288696e-01 0.000000000000000000e+00 -9.829970598220825195e-01 -1.836214512586593628e-01 -1.463132817298173904e-02 0.000000000000000000e+00 0.000000000000000000e+00 0.000000000000000000e+00 1.000000000000000000e+00
1.509953141212463379e-01 -9.286029934883117676e-01 3.389644920825958252e-01 1.843095302581787109e+00 -9.885344505310058594e-01 -1.418409794569015503e-01 5.177568644285202026e-02 -7.521604299545288086e-01 1.387778780781445676e-17 -3.428959548473358154e-01 -9.393733739852905273e-01 1.036569833755493164e+00 0.000000000000000000e+00 0.000000000000000000e+00 0.000000000000000000e+00 1.000000000000000000e+00
-2.410713732242584229e-01 5.124891996383666992e-01 -8.241598010063171387e-01 1.458376646041870117e+00 9.705073833465576172e-01 1.273009181022644043e-01 -2.047190368175506592e-01 1.085560917854309082e+00 -1.387778780781445676e-17 -8.492050766944885254e-01 -5.280631780624389648e-01 1.356738209724426270e+00 0.000000000000000000e+00 0.000000000000000000e+00 0.000000000000000000e+00 1.000000000000000000e+00
6.616129875183105469e-01 -3.487952649593353271e-01 -6.637846827507019043e-01 3.317390978336334229e-01 7.498454451560974121e-01 3.077533841133117676e-01 5.856787562370300293e-01 5.875028371810913086e-01 -2.775557561562891351e-17 -8.852286338806152344e-01 4.651561677455902100e-01 -2.348930239677429199e-01 0.000000000000000000e+00 0.000000000000000000e+00 0.000000000000000000e+00 1.000000000000000000e+00
9.552299380302429199e-01 -1.032831370830535889e-01 -2.772514820098876953e-01 -8.991937041282653809e-01 2.958644926548004150e-01 3.334605693817138672e-01 8.951358795166015625e-01 -2.060428857803344727e+00 0.000000000000000000e+00 -9.370894432067871094e-01 3.490893244743347168e-01 -4.760079979896545410e-01 0.000000000000000000e+00 0.000000000000000000e+00 0.000000000000000000e+00 1.000000000000000000e+00
-3.277826011180877686e-01 5.901263356208801270e-01 7.377732992172241211e-01 1.359744787216186523e+00 -9.447531700134277344e-01 -2.047446519136428833e-01 -2.559708356857299805e-01 -7.169257402420043945e-01 -2.775557561562891351e-17 -7.809164524078369141e-01 6.246354579925537109e-01 3.923923969268798828e-01 0.000000000000000000e+00 0.000000000000000000e+00 0.000000000000000000e+00 1.000000000000000000e+00
1.220975145697593689e-01 5.262023210525512695e-01 -8.415481448173522949e-01 -1.179129958152770996e+00 9.925181269645690918e-01 -6.473231315612792969e-02 1.035255044698715210e-01 -2.068484544754028320e+00 0.000000000000000000e+00 -8.478919863700866699e-01 -5.301690101623535156e-01 2.188739180564880371e-01 0.000000000000000000e+00 0.000000000000000000e+00 0.000000000000000000e+00 1.000000000000000000e+00
9.994921684265136719e-01 -1.093364879488945007e-02 2.993078716099262238e-02 1.434704303741455078e+00 -3.186529129743576050e-02 -3.429467082023620605e-01 9.388142228126525879e-01 1.417189717292785645e+00 2.775557561562891351e-17 -9.392912387847900391e-01 -3.431209623813629150e-01 -7.423632740974426270e-01 0.000000000000000000e+00 0.000000000000000000e+00 0.000000000000000000e+00 1.000000000000000000e+00
-2.898244559764862061e-01 1.188612058758735657e-01 -9.496703743934631348e-01 -1.652096062898635864e-01 9.570798277854919434e-01 3.599374368786811829e-02 -2.875807285308837891e-01 1.600364595651626587e-01 -3.469446951953614189e-18 -9.922582507133483887e-01 -1.241915300488471985e-01 1.169608473777770996e+00 0.000000000000000000e+00 0.000000000000000000e+00 0.000000000000000000e+00 1.000000000000000000e+00
-8.478754758834838867e-01 2.958697676658630371e-01 4.399639666080474854e-01 -1.283937931060791016e+00 -5.301954150199890137e-01 -4.731476306915283203e-01 -7.035794854164123535e-01 -2.290230512619018555e+00 0.000000000000000000e+00 -8.298146724700927734e-01 5.580390691757202148e-01 9.522659778594970703e-01 0.000000000000000000e+00 0.000000000000000000e+00 0.000000000000000000e+00 1.000000000000000000e+00
-5.149160623550415039e-01 -1.752186380326747894e-02 -8.570615053176879883e-01 -1.400391459465026855e+00 8.572406172752380371e-01 -1.052480470389127731e-02 -5.148085355758666992e-01 -1.215993762016296387e+00 0.000000000000000000e+00 -9.997910857200622559e-01 2.043984457850456238e-02 1.302033662796020508e+00 0.000000000000000000e+00 0.000000000000000000e+00 0.000000000000000000e+00 1.000000000000000000e+00
-2.167797088623046875e-01 -3.377366065979003906e-01 9.159370064735412598e-01 3.792782425880432129e-01 -9.762205481529235840e-01 7.499784976243972778e-02 -2.033931314945220947e-01 -2.206712722778320312e+00 0.000000000000000000e+00 -9.382479786872863770e-01 -3.459634184837341309e-01 -6.141528487205505371e-01 0.000000000000000000e+00 0.000000000000000000e+00 0.000000000000000000e+00 1.000000000000000000e+00
8.298038840293884277e-01 3.235819041728973389e-01 -4.546649754047393799e-01 1.129291772842407227e+00 5.580551028251647949e-01 -4.811523556709289551e-01 6.760672330856323242e-01 -2.250801801681518555e+00 0.000000000000000000e+00 -8.147313594818115234e-01 -5.798386335372924805e-01 -6.759575009346008301e-01 0.000000000000000000e+00 0.000000000000000000e+00 0.000000000000000000e+00 1.000000000000000000e+00
-8.997548818588256836e-01 4.134195446968078613e-01 -1.397333741188049316e-01 -8.259941935539245605e-01 4.363956153392791748e-01 8.523831367492675781e-01 -2.881004810333251953e-01 7.495383024215698242e-01 -5.551115123125782702e-17 -3.201988339424133301e-01 -9.473503828048706055e-01 1.381858110427856445e+00 0.000000000000000000e+00 0.000000000000000000e+00 0.000000000000000000e+00 1.000000000000000000e+00
-8.756630420684814453e-01 -3.713267445564270020e-01 3.087567090988159180e-01 -1.308406352996826172e+00 -4.829226136207580566e-01 6.733109951019287109e-01 -5.598554015159606934e-01 1.112634539604187012e+00 5.551115123125782702e-17 -6.393502354621887207e-01 -7.689156532287597656e-01 3.965425491333007812e-01 0.000000000000000000e+00 0.000000000000000000e+00 0.000000000000000000e+00 1.000000000000000000e+00
9.537141770124435425e-02 -8.141282796859741211e-01 5.727996230125427246e-01 -2.128831297159194946e-01 -9.954417347908020020e-01 -7.800011336803436279e-02 5.487886071205139160e-02 -5.187743902206420898e-01 0.000000000000000000e+00 -5.754225254058837891e-01 -8.178563117980957031e-01 1.410578340291976929e-01 0.000000000000000000e+00 0.000000000000000000e+00 0.000000000000000000e+00 1.000000000000000000e+00
5.897170305252075195e-01 1.009309813380241394e-01 -8.012781739234924316e-01 -4.622882306575775146e-01 8.076099157333374023e-01 -7.369983196258544922e-02 5.850936174392700195e-01 9.044653773307800293e-01 6.938893903907228378e-18 -9.921599030494689941e-01 -1.249749138951301575e-01 1.273950695991516113e+00 0.000000000000000000e+00 0.000000000000000000e+00 0.000000000000000000e+00 1.000000000000000000e+00
5.617646574974060059e-01 5.070829391479492188e-01 -6.536721587181091309e-01 -2.111535519361495972e-01 8.272970914840698242e-01 -3.443276882171630859e-01 4.438670873641967773e-01 8.386945724487304688e-01 -2.775557561562891351e-17 -7.901299595832824707e-01 -6.129393577575683594e-01 -5.483941435813903809e-01 0.000000000000000000e+00 0.000000000000000000e+00 0.000000000000000000e+00 1.000000000000000000e+00
8.271005153656005859e-01 -4.234374687075614929e-02 -5.604567527770996094e-01 7.277207076549530029e-02 5.620540380477905273e-01 6.231168285012245178e-02 8.247499465942382812e-01 -2.247992038726806641e+00 3.469446951953614189e-18 -9.971581101417541504e-01 7.533749938011169434e-02 1.095002889633178711e+00 0.000000000000000000e+00 0.000000000000000000e+00 0.000000000000000000e+00 1.000000000000000000e+00
9.790772199630737305e-01 1.968838125467300415e-01 -5.142521113157272339e-02 7.250279784202575684e-01 2.034890353679656982e-01 -9.472965002059936523e-01 2.474298030138015747e-01 -1.068810820579528809e+00 0.000000000000000000e+00 -2.527173459529876709e-01 -9.675401449203491211e-01 -2.752594649791717529e-01 0.000000000000000000e+00 0.000000000000000000e+00 0.000000000000000000e+00 1.000000000000000000e+00
-9.895740151405334473e-01 -2.418901771306991577e-03 1.440048515796661377e-01 1.543394088745117188e+00 -1.440251618623733521e-01 1.661988906562328339e-02 -9.894344210624694824e-01 -4.293367266654968262e-01 -1.734723475976807094e-18 -9.998589754104614258e-01 -1.679499447345733643e-02 -9.118770360946655273e-01 0.000000000000000000e+00 0.000000000000000000e+00 0.000000000000000000e+00 1.000000000000000000e+00
-3.585056066513061523e-01 7.072190642356872559e-01 -6.093561649322509766e-01 8.211253881454467773e-01 9.335275888442993164e-01 2.715956270694732666e-01 -2.340130060911178589e-01 -1.864390820264816284e-01 0.000000000000000000e+00 -6.527457237243652344e-01 -7.575770616531372070e-01 8.308602571487426758e-01 0.000000000000000000e+00 0.000000000000000000e+00 0.000000000000000000e+00 1.000000000000000000e+00
-9.437249302864074707e-01 3.230313360691070557e-01 -7.095110416412353516e-02 1.629379034042358398e+00 3.307314515113830566e-01 9.217529892921447754e-01 -2.024552673101425171e-01 -1.270933508872985840e+00 0.000000000000000000e+00 -2.145278453826904297e-01 -9.767178893089294434e-01 -3.010418415069580078e-01 0.000000000000000000e+00 0.000000000000000000e+00 0.000000000000000000e+00 1.000000000000000000e+00
9.768183827400207520e-01 -1.338120102882385254e-01 -1.670933812856674194e-01 1.040475726127624512e+00 2.140697389841079712e-01 6.105955839157104492e-01 7.624612450599670410e-01 7.445380091667175293e-01 0.000000000000000000e+00 -7.805558443069458008e-01 6.250860691070556641e-01 1.467089295387268066e+00 0.000000000000000000e+00 0.000000000000000000e+00 0.000000000000000000e+00 1.000000000000000000e+00
-1.455157548189163208e-01 9.105342030525207520e-01 3.869788348674774170e-01 4.890656173229217529e-01 -9.893559217453002930e-01 -1.339225471019744873e-01 -5.691734701395034790e-02 -1.377801537513732910e+00 1.387778780781445676e-17 -3.911421895027160645e-01 9.203302860260009766e-01 -9.539402127265930176e-01 0.000000000000000000e+00 0.000000000000000000e+00 0.000000000000000000e+00 1.000000000000000000e+00
9.854595065116882324e-01 1.406098343431949615e-02 -1.693277209997177124e-01 -1.386888861656188965e+00 1.699105203151702881e-01 -8.155191689729690552e-02 9.820792675018310547e-01 -2.449972391128540039e+00 0.000000000000000000e+00 -9.965699315071105957e-01 -8.275522291660308838e-02 -1.752945333719253540e-01 0.000000000000000000e+00 0.000000000000000000e+00 0.000000000000000000e+00 1.000000000000000000e+00
-5.354841351509094238e-01 -3.655419945716857910e-01 7.613381743431091309e-01 -9.137347936630249023e-01 -8.445453047752380371e-01 2.317719757556915283e-01 -4.827266335487365723e-01 -2.698025941848754883e+00 -1.387778780781445676e-17 -9.014770388603210449e-01 -4.328269660472869873e-01 1.161943554878234863e+00 0.000000000000000000e+00 0.000000000000000000e+00 0.000000000000000000e+00 1.000000000000000000e+00
6.469079293310642242e-03 4.239315539598464966e-02 -9.990800619125366211e-01 3.030700385570526123e-01 9.999790787696838379e-01 -2.742504293564707041e-04 6.463263183832168579e-03 4.910012781620025635e-01 0.000000000000000000e+00 -9.991009831428527832e-01 -4.239404201507568359e-02 2.958336174488067627e-01 0.000000000000000000e+00 0.000000000000000000e+00 0.000000000000000000e+00 1.000000000000000000e+00
-5.933596491813659668e-01 7.962914109230041504e-01 -1.176619455218315125e-01 2.542247474193572998e-01 8.049374818801879883e-01 5.869861841201782227e-01 -8.673449605703353882e-02 1.315403342247009277e+00 0.000000000000000000e+00 -1.461752504110336304e-01 -9.892587065696716309e-01 4.623671174049377441e-01 0.000000000000000000e+00 0.000000000000000000e+00 0.000000000000000000e+00 1.000000000000000000e+00
1.367588192224502563e-01 4.676896035671234131e-01 8.732488155364990234e-01 -1.504995822906494141e+00 -9.906044006347656250e-01 6.456732749938964844e-02 1.205571815371513367e-01 -1.084003504365682602e-02 0.000000000000000000e+00 -8.815313577651977539e-01 4.721255302429199219e-01 1.084594726562500000e+00 0.000000000000000000e+00 0.000000000000000000e+00 0.000000000000000000e+00 1.000000000000000000e+00
8.327808380126953125e-01 -1.296926140785217285e-01 5.381969213485717773e-01 -9.559055566787719727e-01 -5.536028146743774414e-01 -1.950956881046295166e-01 8.096058368682861328e-01 -5.372942090034484863e-01 0.000000000000000000e+00 -9.721715450286865234e-01 -2.342701405286788940e-01 7.893148064613342285e-01 0.000000000000000000e+00 0.000000000000000000e+00 0.000000000000000000e+00 1.000000000000000000e+00
-4.747177064418792725e-01 7.969046831130981445e-01 -3.736121356487274170e-01 -7.434846758842468262e-01 8.801380991935729980e-01 4.298243224620819092e-01 -2.015141546726226807e-01 -5.225050449371337891e-01 2.775557561562891351e-17 -4.244925975799560547e-01 -9.054313898086547852e-01 1.128362536430358887e+00 0.000000000000000000e+00 0.000000000000000000e+00 0.000000000000000000e+00 1.000000000000000000e+00
5.907832384109497070e-01 -2.891464233398437500e-01 7.532393336296081543e-01 -1.415527343750000000e+00 -8.068303465843200684e-01 -2.117209136486053467e-01 5.515424609184265137e-01 -9.925437718629837036e-02 0.000000000000000000e+00 -9.335783720016479492e-01 -3.583732843399047852e-01 1.410274386405944824e+00 0.000000000000000000e+00 0.000000000000000000e+00 0.000000000000000000e+00 1.000000000000000000e+00
8.879816532135009766e-01 4.006791710853576660e-01 -2.257095575332641602e-01 -1.672028422355651855e+00 4.598789215087890625e-01 -7.736726999282836914e-01 4.358233213424682617e-01 7.950785160064697266e-01 0.000000000000000000e+00 -4.908021688461303711e-01 -8.712710738182067871e-01 1.441838145256042480e+00 0.000000000000000000e+00 0.000000000000000000e+00 0.000000000000000000e+00 1.000000000000000000e+00
9.415480494499206543e-01 -3.177562952041625977e-01 1.118845641613006592e-01 1.293896079063415527e+00 -3.368786275386810303e-01 -8.881027102470397949e-01 3.127081394195556641e-01 6.275135874748229980e-01 5.551115123125782702e-17 -3.321212828159332275e-01 -9.432367086410522461e-01 6.393564343452453613e-01 0.000000000000000000e+00 0.000000000000000000e+00 0.000000000000000000e+00 1.000000000000000000e+00
9.872331619262695312e-01 1.491332948207855225e-01 -5.594575032591819763e-02 -1.105851680040359497e-01 1.592817157506942749e-01 -9.243329167366027832e-01 3.467535376548767090e-01 -1.227918863296508789e+00 5.551115123125782702e-17 -3.512377142906188965e-01 -9.362863302230834961e-01 1.383132100105285645e+00 0.000000000000000000e+00 0.000000000000000000e+00 0.000000000000000000e+00 1.000000000000000000e+00
8.443707227706909180e-02 5.952762961387634277e-01 -7.990722656250000000e-01 -1.744365692138671875e+00 9.964287877082824707e-01 -5.044353008270263672e-02 6.771314144134521484e-02 4.443817734718322754e-01 0.000000000000000000e+00 -8.019361495971679688e-01 -5.974097251892089844e-01 1.597914457321166992e+00 0.000000000000000000e+00 0.000000000000000000e+00 0.000000000000000000e+00 1.000000000000000000e+00
-9.141395241022109985e-02 4.983714595437049866e-02 9.945651292800903320e-01 -1.208174943923950195e+00 -9.958129525184631348e-01 -4.574966151267290115e-03 -9.129939973354339600e-02 -1.806486994028091431e-01 0.000000000000000000e+00 -9.987468719482421875e-01 5.004669353365898132e-02 1.558996796607971191e+00 0.000000000000000000e+00 0.000000000000000000e+00 0.000000000000000000e+00 1.000000000000000000e+00
7.319923043251037598e-01 2.239580303430557251e-01 6.434516310691833496e-01 7.971232533454895020e-01 -6.813128590583801270e-01 2.406171411275863647e-01 6.913148164749145508e-01 -1.311629712581634521e-01 1.387778780781445676e-17 -9.444290399551391602e-01 3.287153840065002441e-01 1.622985959053039551e+00 0.000000000000000000e+00 0.000000000000000000e+00 0.000000000000000000e+00 1.000000000000000000e+00
-7.961984872817993164e-01 -4.824462234973907471e-01 -3.651213347911834717e-01 1.216737985610961914e+00 6.050354838371276855e-01 -6.348767280578613281e-01 -4.804826378822326660e-01 1.119094491004943848e+00 5.551115123125782702e-17 -6.034709215164184570e-01 7.973849773406982422e-01 1.675513535737991333e-01 0.000000000000000000e+00 0.000000000000000000e+00 0.000000000000000000e+00 1.000000000000000000e+00
-9.063712954521179199e-01 1.773964017629623413e-01 3.834339380264282227e-01 9.718726873397827148e-01 -4.224820435047149658e-01 -3.805771470069885254e-01 -8.225995302200317383e-01 -2.005133390426635742e+00 0.000000000000000000e+00 -9.075745344161987305e-01 4.198909997940063477e-01 1.142070963978767395e-01 0.000000000000000000e+00 0.000000000000000000e+00 0.000000000000000000e+00 1.000000000000000000e+00
-9.254273027181625366e-02 6.095387041568756104e-02 -9.938412904739379883e-01 1.076894998550415039e+00 9.957087039947509766e-01 5.665148608386516571e-03 -9.236916899681091309e-02 -5.676432847976684570e-01 0.000000000000000000e+00 -9.981244802474975586e-01 -6.121657043695449829e-02 -7.721826434135437012e-02 0.000000000000000000e+00 0.000000000000000000e+00 0.000000000000000000e+00 1.000000000000000000e+00
-9.066717028617858887e-01 2.894542217254638672e-01 -3.068594634532928467e-01 5.819389820098876953e-01 4.218370318412780762e-01 6.221358776092529297e-01 -6.595456600189208984e-01 -2.237724810838699341e-01 -5.551115123125782702e-17 -7.274360656738281250e-01 -6.861754655838012695e-01 2.956367135047912598e-01 0.000000000000000000e+00 0.000000000000000000e+00 0.000000000000000000e+00 1.000000000000000000e+00
3.125510215759277344e-01 -9.322691708803176880e-02 9.453150629997253418e-01 1.711414337158203125e+00 -9.499009847640991211e-01 -3.067495301365852356e-02 3.110421001911163330e-01 -3.310640454292297363e-01 -1.734723475976807094e-18 -9.951722621917724609e-01 -9.814382344484329224e-02 2.384585142135620117e-01 0.000000000000000000e+00 0.000000000000000000e+00 0.000000000000000000e+00 1.000000000000000000e+00
6.694905757904052734e-01 -5.677258372306823730e-01 4.790300428867340088e-01 -5.494286417961120605e-01 -7.428205609321594238e-01 -5.116809010505676270e-01 4.317409694194793701e-01 -2.751187086105346680e+00 0.000000000000000000e+00 -6.448798775672912598e-01 -7.642839550971984863e-01 8.805704116821289062e-01 0.000000000000000000e+00 0.000000000000000000e+00 0.000000000000000000e+00 1.000000000000000000e+00
-5.224464535713195801e-01 5.392941832542419434e-01 6.604630947113037109e-01 3.646528124809265137e-01 -8.526721000671386719e-01 -3.304345607757568359e-01 -4.046767652034759521e-01 5.699471235275268555e-01 0.000000000000000000e+00 -7.745803594589233398e-01 6.324754953384399414e-01 7.990223169326782227e-01 0.000000000000000000e+00 0.000000000000000000e+00 0.000000000000000000e+00 1.000000000000000000e+00
-9.487470984458923340e-01 -4.294228553771972656e-02 -3.131052851676940918e-01 3.944662511348724365e-01 3.160363435745239258e-01 -1.289135515689849854e-01 -9.399480223655700684e-01 -1.841739535331726074e+00 -1.387778780781445676e-17 -9.907256364822387695e-01 1.358776837587356567e-01 4.748975336551666260e-01 0.000000000000000000e+00 0.000000000000000000e+00 0.000000000000000000e+00 1.000000000000000000e+00
7.481096982955932617e-01 5.065615177154541016e-01 4.286342561244964600e-01 -2.044180631637573242e-01 -6.635751128196716309e-01 5.710937380790710449e-01 4.832390844821929932e-01 3.732567429542541504e-01 0.000000000000000000e+00 -6.459468603134155273e-01 7.633823752403259277e-01 -6.029468774795532227e-01 0.000000000000000000e+00 0.000000000000000000e+00 0.000000000000000000e+00 1.000000000000000000e+00
-9.926967620849609375e-01 6.532450020313262939e-02 1.014192029833793640e-01 -5.747589468955993652e-01 -1.206364184617996216e-01 -5.375443100929260254e-01 -8.345615267753601074e-01 -2.915857136249542236e-01 0.000000000000000000e+00 -8.407014012336730957e-01 5.414990186691284180e-01 7.349082827568054199e-01 0.000000000000000000e+00 0.000000000000000000e+00 0.000000000000000000e+00 1.000000000000000000e+00
7.172365784645080566e-01 -8.151394873857498169e-02 6.920456290245056152e-01 -2.853570692241191864e-02 -6.968297362327575684e-01 -8.390110731124877930e-02 7.123123407363891602e-01 -2.272317886352539062e+00 0.000000000000000000e+00 -9.931344985961914062e-01 -1.169782876968383789e-01 8.600179553031921387e-01 0.000000000000000000e+00 0.000000000000000000e+00 0.000000000000000000e+00 1.000000000000000000e+00
-5.743301510810852051e-01 6.474722921848297119e-02 8.160592317581176758e-01 8.254911899566650391e-01 -8.186237812042236328e-01 -4.542537033557891846e-02 -5.725309252738952637e-01 -1.317496538162231445e+00 0.000000000000000000e+00 -9.968672394752502441e-01 7.909277826547622681e-02 2.885325551033020020e-01 0.000000000000000000e+00 0.000000000000000000e+00 0.000000000000000000e+00 1.000000000000000000e+00
-5.807633996009826660e-01 -6.809188425540924072e-02 -8.112196922302246094e-01 -1.071647167205810547e+00 8.140723705291748047e-01 -4.857710003852844238e-02 -5.787282586097717285e-01 9.785378575325012207e-01 3.469446951953614189e-18 -9.964957237243652344e-01 8.364352583885192871e-02 1.520773410797119141e+00 0.000000000000000000e+00 0.000000000000000000e+00 0.000000000000000000e+00 1.000000000000000000e+00
1.579377204179763794e-01 -9.307873845100402832e-01 3.296824395656585693e-01 1.009872436523437500e+00 -9.874490499496459961e-01 -1.488749533891677856e-01 5.273111909627914429e-02 5.260279774665832520e-01 0.000000000000000000e+00 -3.338728547096252441e-01 -9.426181316375732422e-01 -2.716177999973297119e-01 0.000000000000000000e+00 0.000000000000000000e+00 0.000000000000000000e+00 1.000000000000000000e+00
8.311131000518798828e-01 -4.297950863838195801e-01 3.528841137886047363e-01 5.845389962196350098e-01 -5.561034083366394043e-01 -6.423415541648864746e-01 5.273957848548889160e-01 1.150398492813110352e+00 0.000000000000000000e+00 -6.345655918121337891e-01 -7.728689908981323242e-01 1.381449341773986816e+00 0.000000000000000000e+00 0.000000000000000000e+00 0.000000000000000000e+00 1.000000000000000000e+00
9.608725309371948242e-01 1.010390967130661011e-01 2.579050958156585693e-01 2.913159132003784180e-01 -2.769908607006072998e-01 3.505014181137084961e-01 8.946646451950073242e-01 -1.647852182388305664e+00 0.000000000000000000e+00 -9.310960769653320312e-01 3.647741079330444336e-01 -7.676604390144348145e-01 0.000000000000000000e+00 0.000000000000000000e+00 0.000000000000000000e+00 1.000000000000000000e+00
-6.481801271438598633e-01 -1.331024616956710815e-01 -7.497641444206237793e-01 1.229838490486145020e+00 7.614870667457580566e-01 -1.132972240447998047e-01 -6.382015347480773926e-01 3.345531821250915527e-01 0.000000000000000000e+00 -9.846052527427673340e-01 1.747928112745285034e-01 -8.564057201147079468e-02 0.000000000000000000e+00 0.000000000000000000e+00 0.000000000000000000e+00 1.000000000000000000e+00
7.762767672538757324e-01 -7.615305483341217041e-02 -6.257755756378173828e-01 1.857128143310546875e+00 6.303922533988952637e-01 9.377629309892654419e-02 7.705917358398437500e-01 3.973235487937927246e-01 0.000000000000000000e+00 -9.926765561103820801e-01 1.208026483654975891e-01 1.413759469985961914e+00 0.000000000000000000e+00 0.000000000000000000e+00 0.000000000000000000e+00 1.000000000000000000e+00
3.690279126167297363e-01 -1.053375005722045898e-01 -9.234297275543212891e-01 1.012101769447326660e+00 9.294183254241943359e-01 4.182452335953712463e-02 3.666501343250274658e-01 -4.519279599189758301e-01 0.000000000000000000e+00 -9.935566186904907227e-01 1.133370175957679749e-01 -2.736552953720092773e-01 0.000000000000000000e+00 0.000000000000000000e+00 0.000000000000000000e+00 1.000000000000000000e+00
1.392139047384262085e-01 -1.700895428657531738e-01 -9.755455255508422852e-01 1.297182083129882812e+00 9.902623295783996582e-01 2.391167357563972473e-02 1.371449679136276245e-01 3.434414789080619812e-02 0.000000000000000000e+00 -9.851384758949279785e-01 1.717621088027954102e-01 5.926653742790222168e-02 0.000000000000000000e+00 0.000000000000000000e+00 0.000000000000000000e+00 1.000000000000000000e+00
4.292522370815277100e-01 4.452762603759765625e-01 7.857936024665832520e-01 7.522192001342773438e-01 -9.031846523284912109e-01 2.116243094205856323e-01 3.734603524208068848e-01 -2.225420475006103516e+00 1.387778780781445676e-17 -8.700253963470458984e-01 4.930068850517272949e-01 -9.933915734291076660e-02 0.000000000000000000e+00 0.000000000000000000e+00 0.000000000000000000e+00 1.000000000000000000e+00
-7.668623328208923340e-01 -3.002602458000183105e-01 5.672441720962524414e-01 -8.516787290573120117e-01 -6.418116688728332520e-01 3.587630093097686768e-01 -6.777661442756652832e-01 -1.806197911500930786e-01 0.000000000000000000e+00 -8.838171958923339844e-01 -4.678323566913604736e-01 6.539053320884704590e-01 0.000000000000000000e+00 0.000000000000000000e+00 0.000000000000000000e+00 1.000000000000000000e+00
-9.554615020751953125e-01 -2.435525655746459961e-01 1.666595786809921265e-01 1.957986474037170410e+00 -2.951156795024871826e-01 7.885216474533081055e-01 -5.395742058753967285e-01 -9.665983915328979492e-01 0.000000000000000000e+00 -5.647262930870056152e-01 -8.252782821655273438e-01 4.823337793350219727e-01 0.000000000000000000e+00 0.000000000000000000e+00 0.000000000000000000e+00 1.000000000000000000e+00
6.945024728775024414e-01 -1.285811066627502441e-01 -7.079076170921325684e-01 -7.912185192108154297e-01 7.194902896881103516e-01 1.241155043244361877e-01 6.833220720291137695e-01 -1.385797500610351562e+00 6.938893903907228378e-18 -9.839015603065490723e-01 1.787113845348358154e-01 -2.912334501743316650e-01 0.000000000000000000e+00 0.000000000000000000e+00 0.000000000000000000e+00 1.000000000000000000e+00
-9.700095057487487793e-01 -1.254364997148513794e-01 2.081999331712722778e-01 -1.414394825696945190e-01 -2.430669218301773071e-01 5.005806684494018555e-01 -8.308655023574829102e-01 -2.417006969451904297e+00 0.000000000000000000e+00 -8.565539717674255371e-01 -5.160574913024902344e-01 8.610102534294128418e-01 0.000000000000000000e+00 0.000000000000000000e+00 0.000000000000000000e+00 1.000000000000000000e+00
4.891349002718925476e-02 6.401287317276000977e-01 7.667090296745300293e-01 -1.217694059014320374e-01 -9.988030195236206055e-01 3.134845197200775146e-02 3.754735738039016724e-02 -1.867997527122497559e+00 0.000000000000000000e+00 -7.676278352737426758e-01 6.408958435058593750e-01 -5.117058753967285156e-01 0.000000000000000000e+00 0.000000000000000000e+00 0.000000000000000000e+00 1.000000000000000000e+00
-9.310481548309326172e-01 -3.346232771873474121e-01 -1.455219089984893799e-01 5.797438025474548340e-01 3.648963868618011475e-01 -8.538050651550292969e-01 -3.713051676750183105e-01 7.787693738937377930e-01 0.000000000000000000e+00 -3.988033831119537354e-01 9.170364737510681152e-01 3.857173398137092590e-02 0.000000000000000000e+00 0.000000000000000000e+00 0.000000000000000000e+00 1.000000000000000000e+00
9.970460534095764160e-01 2.784817107021808624e-02 7.157938927412033081e-02 -1.353394269943237305e+00 -7.680579274892807007e-02 3.615080118179321289e-01 9.292001128196716309e-01 6.245951056480407715e-01 2.775557561562891351e-17 -9.319530129432678223e-01 3.625790476799011230e-01 -1.863633096218109131e-01 0.000000000000000000e+00 0.000000000000000000e+00 0.000000000000000000e+00 1.000000000000000000e+00
-1.001980900764465332e-01 9.156447649002075195e-01 -3.893005847930908203e-01 -5.913029313087463379e-01 9.949675202369689941e-01 9.220990538597106934e-02 -3.920447453856468201e-02 3.267014920711517334e-01 0.000000000000000000e+00 -3.912696540355682373e-01 -9.202760457992553711e-01 5.842344760894775391e-01 0.000000000000000000e+00 0.000000000000000000e+00 0.000000000000000000e+00 1.000000000000000000e+00
8.073021173477172852e-01 1.854148879647254944e-02 -5.898469686508178711e-01 -1.414026379585266113e+00 5.901383161544799805e-01 -2.536453306674957275e-02 8.069036006927490234e-01 8.801428228616714478e-02 0.000000000000000000e+00 -9.995062947273254395e-01 -3.141888603568077087e-02 -1.429546326398849487e-01 0.000000000000000000e+00 0.000000000000000000e+00 0.000000000000000000e+00 1.000000000000000000e+00
-9.924879670143127441e-01 -1.177322641015052795e-01 3.326830640435218811e-02 -1.042354464530944824e+00 -1.223424151539802551e-01 9.550886750221252441e-01 -2.698850929737091064e-01 2.206065654754638672e-01 -1.110223024625156540e-16 -2.719278335571289062e-01 -9.623176455497741699e-01 1.054395198822021484e+00 0.000000000000000000e+00 0.000000000000000000e+00 0.000000000000000000e+00 1.000000000000000000e+00
7.646285295486450195e-01 5.606588721275329590e-01 3.178125917911529541e-01 -9.624058008193969727e-01 -6.444712877273559570e-01 6.651898622512817383e-01 3.770665526390075684e-01 -8.975673913955688477e-01 0.000000000000000000e+00 -4.931369423866271973e-01 8.699517250061035156e-01 1.073001980781555176e+00 0.000000000000000000e+00 0.000000000000000000e+00 0.000000000000000000e+00 1.000000000000000000e+00
-2.483543902635574341e-01 6.692527532577514648e-01 7.003005743026733398e-01 -9.747203588485717773e-01 -9.686692357063293457e-01 -1.715878397226333618e-01 -1.795480847358703613e-01 -1.062562942504882812e+00 1.387778780781445676e-17 -7.229511737823486328e-01 6.908991336822509766e-01 1.210826709866523743e-01 0.000000000000000000e+00 0.000000000000000000e+00 0.000000000000000000e+00 1.000000000000000000e+00
-7.914689779281616211e-01 -1.424570288509130478e-02 -6.110432744026184082e-01 1.626157164573669434e+00 6.112093329429626465e-01 -1.844708807766437531e-02 -7.912539839744567871e-01 -2.723323106765747070e+00 1.734723475976807094e-18 -9.997283220291137695e-01 2.330740354955196381e-02 -1.400091797113418579e-01 0.000000000000000000e+00 0.000000000000000000e+00 0.000000000000000000e+00 1.000000000000000000e+00
-9.928905367851257324e-01 -8.857180178165435791e-02 7.952026277780532837e-02 5.658842325210571289e-01 -1.190312430262565613e-01 7.388153076171875000e-01 -6.633125543594360352e-01 -2.419049263000488281e+00 5.551115123125782702e-17 -6.680621504783630371e-01 -7.441055178642272949e-01 -5.874894857406616211e-01 0.000000000000000000e+00 0.000000000000000000e+00 0.000000000000000000e+00 1.000000000000000000e+00
-9.801974296569824219e-01 7.867895066738128662e-02 -1.817211210727691650e-01 8.647887110710144043e-01 1.980225890874862671e-01 3.894551098346710205e-01 -8.995063900947570801e-01 9.901824593544006348e-01 0.000000000000000000e+00 -9.176787734031677246e-01 -3.973231315612792969e-01 3.736212849617004395e-01 0.000000000000000000e+00 0.000000000000000000e+00 0.000000000000000000e+00 1.000000000000000000e+00
-8.138045072555541992e-01 -1.640415191650390625e-01 5.575056672096252441e-01 8.875030279159545898e-01 -5.811387300491333008e-01 2.297174930572509766e-01 -7.807096838951110840e-01 3.024158179759979248e-01 1.387778780781445676e-17 -9.593332409858703613e-01 -2.822760343551635742e-01 1.478105425834655762e+00 0.000000000000000000e+00 0.000000000000000000e+00 0.000000000000000000e+00 1.000000000000000000e+00
5.206981897354125977e-01 -1.157876700162887573e-01 -8.458526134490966797e-01 -1.754489541053771973e-01 8.537408113479614258e-01 7.061912119388580322e-02 5.158871412277221680e-01 -5.229416489601135254e-01 1.387778780781445676e-17 -9.907603859901428223e-01 1.356239169836044312e-01 -7.611864805221557617e-01 0.000000000000000000e+00 0.000000000000000000e+00 0.000000000000000000e+00 1.000000000000000000e+00
-6.226280331611633301e-01 -3.195701837539672852e-01 -7.142893671989440918e-01 -1.131375879049301147e-01 7.825179696083068848e-01 -2.542732059955596924e-01 -5.683403611183166504e-01 1.109079718589782715e+00 -2.775557561562891351e-17 -9.128088951110839844e-01 4.083870053291320801e-01 5.478042364120483398e-01 0.000000000000000000e+00 0.000000000000000000e+00 0.000000000000000000e+00 1.000000000000000000e+00
9.979068636894226074e-01 -2.712125331163406372e-02 -5.870547890663146973e-02 6.761500239372253418e-01 6.466757506132125854e-02 4.185170531272888184e-01 9.059037566184997559e-01 1.406726479530334473e+00 -2.775557561562891351e-17 -9.078038930892944336e-01 4.193949103355407715e-01 1.285740613937377930e+00 0.000000000000000000e+00 0.000000000000000000e+00 0.000000000000000000e+00 1.000000000000000000e+00
8.953352570533752441e-01 7.046864181756973267e-02 4.397827982902526855e-01 -1.270097732543945312e+00 -4.453927874565124512e-01 1.416571289300918579e-01 8.840579986572265625e-01 2.544689476490020752e-01 0.000000000000000000e+00 -9.874044060707092285e-01 1.582168489694595337e-01 -2.265494316816329956e-01 0.000000000000000000e+00 0.000000000000000000e+00 0.000000000000000000e+00 1.000000000000000000e+00
-9.901277422904968262e-01 7.709932327270507812e-02 1.170585304498672485e-01 -8.931747674942016602e-01 -1.401677727699279785e-01 -5.446200966835021973e-01 -8.268868923187255859e-01 -2.739609241485595703e+00 0.000000000000000000e+00 -8.351315259933471680e-01 5.500503182411193848e-01 1.428078889846801758e+00 0.000000000000000000e+00 0.000000000000000000e+00 0.000000000000000000e+00 1.000000000000000000e+00
-1.385589241981506348e-01 5.989420413970947266e-01 7.887140512466430664e-01 -1.729841947555541992e+00 -9.903541803359985352e-01 -8.379705995321273804e-02 -1.103477627038955688e-01 8.863429427146911621e-01 -6.938893903907228378e-18 -7.963959574699401855e-01 6.047756075859069824e-01 1.074728846549987793e+00 0.000000000000000000e+00 0.000000000000000000e+00 0.000000000000000000e+00 1.000000000000000000e+00
-9.323579668998718262e-01 -2.702968120574951172e-01 -2.401005625724792480e-01 -1.398245453834533691e+00 3.615365028381347656e-01 -6.970620751380920410e-01 -6.191896796226501465e-01 -2.820921838283538818e-01 0.000000000000000000e+00 -6.641115546226501465e-01 7.476335167884826660e-01 1.383745789527893066e+00 0.000000000000000000e+00 0.000000000000000000e+00 0.000000000000000000e+00 1.000000000000000000e+00
1.595168411731719971e-01 3.132318556308746338e-01 -9.361838698387145996e-01 4.566905498504638672e-01 9.871951937675476074e-01 -5.061385408043861389e-02 1.512741148471832275e-01 -7.482711672782897949e-01 0.000000000000000000e+00 -9.483269453048706055e-01 -3.172947466373443604e-01 1.161485195159912109e+00 0.000000000000000000e+00 0.000000000000000000e+00 0.000000000000000000e+00 1.000000000000000000e+00
8.269552141427993774e-02 -4.290051460266113281e-01 8.995087742805480957e-01 2.494389265775680542e-01 -9.965748786926269531e-01 -3.559873625636100769e-02 7.464100420475006104e-02 -1.742846727371215820e+00 0.000000000000000000e+00 -9.026002883911132812e-01 -4.304795861244201660e-01 2.722795903682708740e-01 0.000000000000000000e+00 0.000000000000000000e+00 0.000000000000000000e+00 1.000000000000000000e+00
9.700281023979187012e-01 -3.213960677385330200e-02 -2.408579289913177490e-01 -9.166314601898193359e-01 2.429927885532379150e-01 1.283014267683029175e-01 9.615057110786437988e-01 -1.006553411483764648e+00 0.000000000000000000e+00 -9.912142753601074219e-01 1.322656720876693726e-01 3.274164497852325439e-01 0.000000000000000000e+00 0.000000000000000000e+00 0.000000000000000000e+00 1.000000000000000000e+00
5.655468106269836426e-01 -3.023745715618133545e-01 -7.672851085662841797e-01 4.199420809745788574e-01 8.247161507606506348e-01 2.073525190353393555e-01 5.261636376380920410e-01 -2.745911836624145508e+00 -1.387778780781445676e-17 -9.303625822067260742e-01 3.666407465934753418e-01 1.098148822784423828e+00 0.000000000000000000e+00 0.000000000000000000e+00 0.000000000000000000e+00 1.000000000000000000e+00
-4.928188025951385498e-01 -7.253603339195251465e-01 4.806059002876281738e-01 1.321879625320434570e-01 -8.701319694519042969e-01 4.108241498470306396e-01 -2.722019553184509277e-01 -8.106399178504943848e-01 2.775557561562891351e-17 -5.523368120193481445e-01 -8.336210846900939941e-01 2.290993183851242065e-01 0.000000000000000000e+00 0.000000000000000000e+00 0.000000000000000000e+00 1.000000000000000000e+00
-5.236178636550903320e-01 1.735214442014694214e-01 -8.340951204299926758e-01 -7.880464196205139160e-01 8.519532680511474609e-01 1.066477894783020020e-01 -5.126420855522155762e-01 -2.103229522705078125e+00 0.000000000000000000e+00 -9.790385961532592773e-01 -2.036748528480529785e-01 -2.276255339384078979e-01 0.000000000000000000e+00 0.000000000000000000e+00 0.000000000000000000e+00 1.000000000000000000e+00
-9.095900505781173706e-02 -5.713449716567993164e-01 8.156539201736450195e-01 -4.287573695182800293e-02 -9.958546161651611328e-01 5.218530073761940002e-02 -7.449990510940551758e-02 1.414246439933776855e+00 3.469446951953614189e-18 -8.190491795539855957e-01 -5.737232565879821777e-01 6.433057785034179688e-02 0.000000000000000000e+00 0.000000000000000000e+00 0.000000000000000000e+00 1.000000000000000000e+00
-9.997966289520263672e-01 -1.072819810360670090e-02 -1.707702688872814178e-02 -4.286454021930694580e-01 2.016727626323699951e-02 -5.318524837493896484e-01 -8.465968370437622070e-01 -1.278036355972290039e+00 0.000000000000000000e+00 -8.467690348625183105e-01 5.319606661796569824e-01 7.317798137664794922e-01 0.000000000000000000e+00 0.000000000000000000e+00 0.000000000000000000e+00 1.000000000000000000e+00
7.707340717315673828e-01 -2.585898041725158691e-01 -5.823231935501098633e-01 -2.197126895189285278e-01 6.371569633483886719e-01 3.128020167350769043e-01 7.044046521186828613e-01 -1.312651395797729492e+00 2.775557561562891351e-17 -9.139399528503417969e-01 4.058494567871093750e-01 1.456201672554016113e+00 0.000000000000000000e+00 0.000000000000000000e+00 0.000000000000000000e+00 1.000000000000000000e+00
-9.977061152458190918e-01 -6.435136497020721436e-02 2.100913226604461670e-02 2.318435758352279663e-01 -6.769403070211410522e-02 9.484403729438781738e-01 -3.096423745155334473e-01 3.082692250609397888e-02 -5.551115123125782702e-17 -3.103542923927307129e-01 -9.506209492683410645e-01 8.802723884582519531e-01 0.000000000000000000e+00 0.000000000000000000e+00 0.000000000000000000e+00 1.000000000000000000e+00
9.479314088821411133e-01 -2.171219885349273682e-01 -2.329895645380020142e-01 1.666518807411193848e+00 3.184746205806732178e-01 6.462578773498535156e-01 6.934872865676879883e-01 1.564636945724487305e+00 0.000000000000000000e+00 -7.315796613693237305e-01 6.817559599876403809e-01 7.150254845619201660e-01 0.000000000000000000e+00 0.000000000000000000e+00 0.000000000000000000e+00 1.000000000000000000e+00
-9.934462308883666992e-01 -1.076811626553535461e-01 3.833232820034027100e-02 1.005428194999694824e+00 -1.143004819750785828e-01 9.359142184257507324e-01 -3.331666290760040283e-01 -1.221527457237243652e+00 0.000000000000000000e+00 -3.353645205497741699e-01 -9.420884251594543457e-01 8.132159709930419922e-01 0.000000000000000000e+00 0.000000000000000000e+00 0.000000000000000000e+00 1.000000000000000000e+00
8.613681793212890625e-01 -3.909321725368499756e-01 3.243715465068817139e-01 1.945248395204544067e-01 -5.079811811447143555e-01 -6.628917455673217773e-01 5.500269532203674316e-01 -2.239888429641723633e+00 0.000000000000000000e+00 -6.385503411293029785e-01 -7.695800662040710449e-01 4.970061779022216797e-02 0.000000000000000000e+00 0.000000000000000000e+00 0.000000000000000000e+00 1.000000000000000000e+00
-9.923083186149597168e-01 -8.231947571039199829e-02 -9.245376288890838623e-02 1.023213744163513184e+00 1.237909346818923950e-01 -6.598730683326721191e-01 -7.411095499992370605e-01 -1.816357851028442383e+00 5.551115123125782702e-17 -7.468540668487548828e-01 6.649879217147827148e-01 -8.221220970153808594e-01 0.000000000000000000e+00 0.000000000000000000e+00 0.000000000000000000e+00 1.000000000000000000e+00
7.603657841682434082e-01 -2.385956794023513794e-02 -6.490567326545715332e-01 7.465496659278869629e-01 6.494951248168945312e-01 2.793246507644653320e-02 7.598525285720825195e-01 1.406792044639587402e+00 0.000000000000000000e+00 -9.993250370025634766e-01 3.673556447029113770e-02 -3.943560123443603516e-01 0.000000000000000000e+00 0.000000000000000000e+00 0.000000000000000000e+00 1.000000000000000000e+00
9.953095316886901855e-01 3.811092115938663483e-03 9.666668623685836792e-02 1.682012319564819336e+00 -9.674178063869476318e-02 3.920970112085342407e-02 9.945368766784667969e-01 -1.535242319107055664e+00 0.000000000000000000e+00 -9.992237091064453125e-01 3.939447924494743347e-02 6.250123381614685059e-01 0.000000000000000000e+00 0.000000000000000000e+00 0.000000000000000000e+00 1.000000000000000000e+00
8.079809546470642090e-01 -1.804154515266418457e-01 -5.609073638916015625e-01 -1.490370929241180420e-01 5.892086029052734375e-01 2.474034577608108521e-01 7.691714763641357422e-01 -2.521016120910644531e+00 -1.387778780781445676e-17 -9.519672989845275879e-01 3.061996400356292725e-01 -8.837775588035583496e-01 0.000000000000000000e+00 0.000000000000000000e+00 0.000000000000000000e+00 1.000000000000000000e+00
-9.799315333366394043e-01 1.722677499055862427e-01 1.002895832061767578e-01 1.796402633190155029e-01 -1.993343383073806763e-01 -8.468716740608215332e-01 -4.930256009101867676e-01 -1.674141764640808105e+00 -5.551115123125782702e-17 -5.031225085258483887e-01 8.642151355743408203e-01 1.573716759681701660e+00 0.000000000000000000e+00 0.000000000000000000e+00 0.000000000000000000e+00 1.000000000000000000e+00
9.731218814849853516e-01 -2.005399167537689209e-01 1.132143512368202209e-01 1.211220860481262207e+00 -2.302905768156051636e-01 -8.474067449569702148e-01 4.784015417098999023e-01 9.249264597892761230e-01 0.000000000000000000e+00 -4.916152060031890869e-01 -8.708125352859497070e-01 -6.281163692474365234e-01 0.000000000000000000e+00 0.000000000000000000e+00 0.000000000000000000e+00 1.000000000000000000e+00
-8.750779628753662109e-01 -3.015283942222595215e-01 3.785752356052398682e-01 1.032210826873779297e+00 -4.839819967746734619e-01 5.451872944831848145e-01 -6.844941377639770508e-01 -2.116368055343627930e+00 0.000000000000000000e+00 -7.822093367576599121e-01 -6.230157017707824707e-01 -1.770995929837226868e-02 0.000000000000000000e+00 0.000000000000000000e+00 0.000000000000000000e+00 1.000000000000000000e+00
1.053048744797706604e-01 -5.534878969192504883e-01 8.261731266975402832e-01 -1.108225136995315552e-01 -9.944399595260620117e-01 -5.861084908246994019e-02 8.748648315668106079e-02 -1.483530044555664062e+00 3.469446951953614189e-18 -8.307923674583435059e-01 -5.565825104713439941e-01 9.901866316795349121e-01 0.000000000000000000e+00 0.000000000000000000e+00 0.000000000000000000e+00 1.000000000000000000e+00
6.438358426094055176e-01 -7.535134553909301758e-01 1.330147087574005127e-01 1.230924129486083984e+00 -7.651636600494384766e-01 -6.340329051017761230e-01 1.119232997298240662e-01 -1.561134815216064453e+00 -5.551115123125782702e-17 -1.738382577896118164e-01 -9.847742319107055664e-01 1.574014186859130859e+00 0.000000000000000000e+00 0.000000000000000000e+00 0.000000000000000000e+00 1.000000000000000000e+00
5.147838965058326721e-02 -9.600805640220642090e-01 2.749460339546203613e-01 -1.238573551177978516e+00 -9.986740946769714355e-01 -4.948901757597923279e-02 1.417257171124219894e-02 -1.472192883491516113e+00 0.000000000000000000e+00 -2.753110826015472412e-01 -9.613552093505859375e-01 1.311476826667785645e+00 0.000000000000000000e+00 0.000000000000000000e+00 0.000000000000000000e+00 1.000000000000000000e+00
9.825988411903381348e-01 1.789488047361373901e-01 -4.976769909262657166e-02 -1.009804248809814453e+00 1.857403963804244995e-01 -9.466701149940490723e-01 2.632797360420227051e-01 2.990781962871551514e-01 -1.110223024625156540e-16 -2.679422199726104736e-01 -9.634349942207336426e-01 1.611828088760375977e+00 0.000000000000000000e+00 0.000000000000000000e+00 0.000000000000000000e+00 1.000000000000000000e+00
-7.441804409027099609e-01 4.863486289978027344e-01 -4.578869938850402832e-01 -1.105103135108947754e+00 6.679786443710327148e-01 5.418304204940795898e-01 -5.101218819618225098e-01 7.412480115890502930e-01 5.551115123125782702e-17 -6.854814887046813965e-01 -7.280900478363037109e-01 -3.695501089096069336e-01 0.000000000000000000e+00 0.000000000000000000e+00 0.000000000000000000e+00 1.000000000000000000e+00
-9.949535131454467773e-01 5.872706696391105652e-02 -8.135482668876647949e-02 -8.974591493606567383e-01 1.003368124365806580e-01 5.823456048965454102e-01 -8.067255616188049316e-01 -1.610572814941406250e+00 0.000000000000000000e+00 -8.108173012733459473e-01 -5.852993130683898926e-01 1.259073972702026367e+00 0.000000000000000000e+00 0.000000000000000000e+00 0.000000000000000000e+00 1.000000000000000000e+00
1.241896674036979675e-01 -5.653316527605056763e-02 -9.906467199325561523e-01 1.725384235382080078e+00 9.922584891319274902e-01 7.075611036270856857e-03 1.239879354834556580e-01 9.207053184509277344e-01 0.000000000000000000e+00 -9.983756542205810547e-01 5.697423219680786133e-02 7.028657197952270508e-01 0.000000000000000000e+00 0.000000000000000000e+00 0.000000000000000000e+00 1.000000000000000000e+00
1.640650928020477295e-01 -2.605505883693695068e-01 -9.514179229736328125e-01 -1.105854988098144531e+00 9.864495396614074707e-01 4.333446174860000610e-02 1.582386791706085205e-01 -1.306695699691772461e+00 0.000000000000000000e+00 -9.644871950149536133e-01 2.641296982765197754e-01 1.029027819633483887e+00 0.000000000000000000e+00 0.000000000000000000e+00 0.000000000000000000e+00 1.000000000000000000e+00
5.748925209045410156e-01 -6.524854898452758789e-01 4.937218725681304932e-01 1.388135850429534912e-01 -8.182289600372314453e-01 -4.584401845932006836e-01 3.468919098377227783e-01 -9.456657767295837402e-01 0.000000000000000000e+00 -6.034030914306640625e-01 -7.974363565444946289e-01 1.784994453191757202e-01 0.000000000000000000e+00 0.000000000000000000e+00 0.000000000000000000e+00 1.000000000000000000e+00
7.410366535186767578e-01 -2.286021783947944641e-02 6.710753440856933594e-01 -5.310440063476562500e-01 -6.714645624160766602e-01 -2.522882074117660522e-02 7.406070828437805176e-01 9.753079414367675781e-01 0.000000000000000000e+00 -9.994202852249145508e-01 -3.404530882835388184e-02 8.130315542221069336e-01 0.000000000000000000e+00 0.000000000000000000e+00 0.000000000000000000e+00 1.000000000000000000e+00
8.509786725044250488e-01 3.559525012969970703e-01 -3.861775398254394531e-01 2.401150763034820557e-01 5.252002477645874023e-01 -5.767476558685302734e-01 6.257210969924926758e-01 5.895843505859375000e-01 0.000000000000000000e+00 -7.352958321571350098e-01 -6.777462959289550781e-01 1.503579467535018921e-01 0.000000000000000000e+00 0.000000000000000000e+00 0.000000000000000000e+00 1.000000000000000000e+00
-1.587579548358917236e-01 -3.994424939155578613e-01 9.029073119163513184e-01 -9.121220707893371582e-01 -9.873175621032714844e-01 6.422925740480422974e-02 -1.451850235462188721e-01 2.192609608173370361e-01 0.000000000000000000e+00 -9.145054817199707031e-01 -4.045734703540802002e-01 6.061844900250434875e-02 0.000000000000000000e+00 0.000000000000000000e+00 0.000000000000000000e+00 1.000000000000000000e+00
-3.457717597484588623e-01 -9.352620244026184082e-01 7.567612081766128540e-02 -1.890178173780441284e-01 -9.383186697959899902e-01 3.446453809738159180e-01 -2.788675948977470398e-02 -1.338756084442138672e+00 2.775557561562891351e-17 -8.065076917409896851e-02 -9.967424273490905762e-01 -3.904706239700317383e-01 0.000000000000000000e+00 0.000000000000000000e+00 0.000000000000000000e+00 1.000000000000000000e+00
9.444033503532409668e-01 3.129436820745468140e-02 -3.272965252399444580e-01 1.441644906997680664e+00 3.287892043590545654e-01 -8.988891541957855225e-02 9.401157498359680176e-01 7.807216048240661621e-02 6.938893903907228378e-18 -9.954600334167480469e-01 -9.518063813447952271e-02 -7.573212981224060059e-01 0.000000000000000000e+00 0.000000000000000000e+00 0.000000000000000000e+00 1.000000000000000000e+00
-1.506513953208923340e-01 1.910787820816040039e-01 9.699448943138122559e-01 -1.053258061408996582e+00 -9.885869622230529785e-01 -2.911861799657344818e-02 -1.478105187416076660e-01 -1.274874806404113770e+00 0.000000000000000000e+00 -9.811426997184753418e-01 1.932847648859024048e-01 -2.951137423515319824e-01 0.000000000000000000e+00 0.000000000000000000e+00 0.000000000000000000e+00 1.000000000000000000e+00
-9.159284234046936035e-01 -3.923116251826286316e-02 3.994195759296417236e-01 1.695288181304931641e+00 -4.013415873050689697e-01 8.953205496072769165e-02 -9.115420579910278320e-01 1.169796705245971680e+00 0.000000000000000000e+00 -9.952110052108764648e-01 -9.775005280971527100e-02 4.935227036476135254e-01 0.000000000000000000e+00 0.000000000000000000e+00 0.000000000000000000e+00 1.000000000000000000e+00
9.892870783805847168e-01 -9.213215857744216919e-02 1.132375225424766541e-01 2.434712797403335571e-01 -1.459831148386001587e-01 -6.243540644645690918e-01 7.673792839050292969e-01 -4.962040781974792480e-01 0.000000000000000000e+00 -7.756891846656799316e-01 -6.311151385307312012e-01 5.282900929450988770e-01 0.000000000000000000e+00 0.000000000000000000e+00 0.000000000000000000e+00 1.000000000000000000e+00
-8.478717207908630371e-01 -3.191036880016326904e-01 -4.234221875667572021e-01 5.035814642906188965e-01 5.302014350891113281e-01 -5.102947950363159180e-01 -6.771157383918762207e-01 -1.313253045082092285e+00 0.000000000000000000e+00 -7.986063361167907715e-01 6.018537282943725586e-01 -7.199543714523315430e-01 0.000000000000000000e+00 0.000000000000000000e+00 0.000000000000000000e+00 1.000000000000000000e+00
-7.241448163986206055e-01 -2.493559122085571289e-01 -6.429898738861083984e-01 4.045619666576385498e-01 6.896479725837707520e-01 -2.618289291858673096e-01 -6.751527786254882812e-01 2.725853025913238525e-01 0.000000000000000000e+00 -9.323450326919555664e-01 3.615698516368865967e-01 1.448194980621337891e+00 0.000000000000000000e+00 0.000000000000000000e+00 0.000000000000000000e+00 1.000000000000000000e+00
-4.485393166542053223e-01 3.825149536132812500e-01 8.077715039253234863e-01 -3.348117470741271973e-01 -8.937631249427795410e-01 -1.919669806957244873e-01 -4.053840041160583496e-01 -2.542272567749023438e+00 0.000000000000000000e+00 -9.037870168685913086e-01 4.279824793338775635e-01 1.407906055450439453e+00 0.000000000000000000e+00 0.000000000000000000e+00 0.000000000000000000e+00 1.000000000000000000e+00
5.619583129882812500e-01 2.345327883958816528e-01 7.932195663452148438e-01 1.972850680351257324e+00 -8.271655440330505371e-01 1.593364775180816650e-01 5.388960838317871094e-01 9.155573695898056030e-02 1.387778780781445676e-17 -9.589610099792480469e-01 2.835378944873809814e-01 9.534100294113159180e-01 0.000000000000000000e+00 0.000000000000000000e+00 0.000000000000000000e+00 1.000000000000000000e+00
3.886326849460601807e-01 2.208428233861923218e-01 -8.945351243019104004e-01 -1.147232294082641602e+00 9.213927388191223145e-01 -9.314891695976257324e-02 3.773044347763061523e-01 9.643004536628723145e-01 0.000000000000000000e+00 -9.708510041236877441e-01 -2.396837025880813599e-01 -4.347394108772277832e-01 0.000000000000000000e+00 0.000000000000000000e+00 0.000000000000000000e+00 1.000000000000000000e+00
-5.985178351402282715e-01 2.797610461711883545e-01 -7.506731748580932617e-01 7.160413265228271484e-01 8.011094927787780762e-01 2.090125828981399536e-01 -5.608362555503845215e-01 -1.094022393226623535e+00 -1.387778780781445676e-17 -9.370418787002563477e-01 -3.492169678211212158e-01 8.388069868087768555e-01 0.000000000000000000e+00 0.000000000000000000e+00 0.000000000000000000e+00 1.000000000000000000e+00
-7.378571480512619019e-02 -1.400420218706130981e-01 -9.873924851417541504e-01 1.630994319915771484e+00 9.972741007804870605e-01 -1.036134455353021622e-02 -7.305459678173065186e-02 1.275757431983947754e+00 0.000000000000000000e+00 -9.900913238525390625e-01 1.404248028993606567e-01 2.017388939857482910e-01 0.000000000000000000e+00 0.000000000000000000e+00 0.000000000000000000e+00 1.000000000000000000e+00
8.076178431510925293e-01 -1.590563654899597168e-01 -5.678507089614868164e-01 9.593005180358886719e-01 5.897061824798583984e-01 2.178317904472351074e-01 7.776862382888793945e-01 -1.685922741889953613e+00 0.000000000000000000e+00 -9.629384279251098633e-01 2.697213590145111084e-01 -7.155336737632751465e-01 0.000000000000000000e+00 0.000000000000000000e+00 0.000000000000000000e+00 1.000000000000000000e+00
3.821697235107421875e-01 4.914181232452392578e-01 7.825947403907775879e-01 1.320050954818725586e+00 -9.240921735763549805e-01 2.032320201396942139e-01 3.236517012119293213e-01 -1.192515850067138672e+00 -1.387778780781445676e-17 -8.468795418739318848e-01 5.317847728729248047e-01 -3.861616551876068115e-01 0.000000000000000000e+00 0.000000000000000000e+00 0.000000000000000000e+00 1.000000000000000000e+00
-7.260815501213073730e-01 5.618765950202941895e-01 3.963587582111358643e-01 1.494721472263336182e-01 -6.876085996627807617e-01 -5.933146476745605469e-01 -4.185357689857482910e-01 -2.096258878707885742e+00 5.551115123125782702e-17 -5.764307975769042969e-01 8.171459436416625977e-01 1.507003903388977051e+00 0.000000000000000000e+00 0.000000000000000000e+00 0.000000000000000000e+00 1.000000000000000000e+00
-9.691380858421325684e-01 -1.545280516147613525e-01 -1.920740157365798950e-01 -7.469200491905212402e-01 2.465184479951858521e-01 -6.074962019920349121e-01 -7.551006674766540527e-01 -1.155728623270988464e-01 0.000000000000000000e+00 -7.791466116905212402e-01 6.268417239189147949e-01 1.592894643545150757e-01 0.000000000000000000e+00 0.000000000000000000e+00 0.000000000000000000e+00 1.000000000000000000e+00
-5.912337303161621094e-01 -1.681854724884033203e-01 -7.887688875198364258e-01 -1.730047583580017090e+00 8.065002560615539551e-01 -1.232943534851074219e-01 -5.782350897789001465e-01 1.075848489999771118e-01 0.000000000000000000e+00 -9.780144095420837402e-01 2.085374146699905396e-01 1.293747305870056152e+00 0.000000000000000000e+00 0.000000000000000000e+00 0.000000000000000000e+00 1.000000000000000000e+00
9.816264510154724121e-01 -1.142963692545890808e-01 -1.527935415506362915e-01 -1.032674431800842285e+00 1.908128112554550171e-01 5.879916548728942871e-01 7.860383391380310059e-01 -1.586624741554260254e+00 0.000000000000000000e+00 -8.007509708404541016e-01 5.989973545074462891e-01 8.215854167938232422e-01 0.000000000000000000e+00 0.000000000000000000e+00 0.000000000000000000e+00 1.000000000000000000e+00
1.702616661787033081e-01 4.243457615375518799e-01 -8.893489837646484375e-01 1.484032534062862396e-02 9.853988885879516602e-01 -7.332038134336471558e-02 1.536657363176345825e-01 -2.421978473663330078e+00 0.000000000000000000e+00 -9.025269150733947754e-01 -4.306335151195526123e-01 -5.157824754714965820e-01 0.000000000000000000e+00 0.000000000000000000e+00 0.000000000000000000e+00 1.000000000000000000e+00
6.832100749015808105e-01 -1.634809672832489014e-01 7.116867303848266602e-01 9.910759329795837402e-01 -7.302218675613403320e-01 -1.529560387134552002e-01 6.658681631088256836e-01 -3.771385848522186279e-01 0.000000000000000000e+00 -9.746170639991760254e-01 -2.238784879446029663e-01 -4.449256509542465210e-02 0.000000000000000000e+00 0.000000000000000000e+00 0.000000000000000000e+00 1.000000000000000000e+00
3.372353315353393555e-01 -1.385378930717706680e-02 -9.413184523582458496e-01 5.138881206512451172e-01 9.414203763008117676e-01 4.962699953466653824e-03 3.371987938880920410e-01 8.424322605133056641e-01 0.000000000000000000e+00 -9.998916983604431152e-01 1.471583731472492218e-02 8.758164048194885254e-01 0.000000000000000000e+00 0.000000000000000000e+00 0.000000000000000000e+00 1.000000000000000000e+00
2.648235857486724854e-01 -5.438308715820312500e-01 -7.963142991065979004e-01 1.162258505821228027e+00 9.642968773841857910e-01 1.493515521287918091e-01 2.186907380819320679e-01 8.266734480857849121e-01 1.387778780781445676e-17 -8.257978558540344238e-01 5.639662146568298340e-01 1.473855137825012207e+00 0.000000000000000000e+00 0.000000000000000000e+00 0.000000000000000000e+00 1.000000000000000000e+00
9.607709050178527832e-01 2.245230674743652344e-01 -1.628146469593048096e-01 -1.079505443572998047e+00 2.773431241512298584e-01 -7.777918577194213867e-01 5.640218257904052734e-01 -1.348652958869934082e+00 0.000000000000000000e+00 -5.870512723922729492e-01 -8.095497488975524902e-01 3.454217612743377686e-01 0.000000000000000000e+00 0.000000000000000000e+00 0.000000000000000000e+00 1.000000000000000000e+00
-8.525748848915100098e-01 3.352289274334907532e-02 5.215288400650024414e-01 1.284825325012207031e+00 -5.226051211357116699e-01 -5.468904599547386169e-02 -8.508189916610717773e-01 -3.151517212390899658e-01 0.000000000000000000e+00 -9.979405403137207031e-01 6.414574384689331055e-02 9.890524148941040039e-01 0.000000000000000000e+00 0.000000000000000000e+00 0.000000000000000000e+00 1.000000000000000000e+00
2.461333870887756348e-01 8.235401511192321777e-01 5.110772848129272461e-01 3.729581832885742188e-01 -9.692359566688537598e-01 2.091345340013504028e-01 1.297859251499176025e-01 -1.870047807693481445e+00 0.000000000000000000e+00 -5.272991061210632324e-01 8.496797084808349609e-01 -4.801555871963500977e-01 0.000000000000000000e+00 0.000000000000000000e+00 0.000000000000000000e+00 1.000000000000000000e+00
9.990277886390686035e-01 3.296779468655586243e-02 2.926815301179885864e-02 1.140425324440002441e+00 -4.408514499664306641e-02 7.470938563346862793e-01 6.632550954818725586e-01 6.759839653968811035e-01 5.551115123125782702e-17 -6.639005541801452637e-01 7.478208541870117188e-01 1.181101277470588684e-01 0.000000000000000000e+00 0.000000000000000000e+00 0.000000000000000000e+00 1.000000000000000000e+00
1.570941954851150513e-01 -6.035563349723815918e-01 7.816912531852722168e-01 9.952865839004516602e-01 -9.875836372375488281e-01 -9.600725769996643066e-02 1.243430525064468384e-01 6.023691892623901367e-01 0.000000000000000000e+00 -7.915190458297729492e-01 -6.111444830894470215e-01 -7.190734744071960449e-01 0.000000000000000000e+00 0.000000000000000000e+00 0.000000000000000000e+00 1.000000000000000000e+00
-3.120996057987213135e-01 5.159441232681274414e-01 7.977439761161804199e-01 6.379435658454895020e-01 -9.500494003295898438e-01 -1.694922149181365967e-01 -2.620659470558166504e-01 -9.931060671806335449e-01 0.000000000000000000e+00 -8.396868705749511719e-01 5.430708527565002441e-01 -6.251693367958068848e-01 0.000000000000000000e+00 0.000000000000000000e+00 0.000000000000000000e+00 1.000000000000000000e+00
9.992946982383728027e-01 -3.251412510871887207e-02 1.878542266786098480e-02 1.693732619285583496e+00 -3.755077347159385681e-02 -8.652603626251220703e-01 4.999144375324249268e-01 -7.641269564628601074e-01 -5.551115123125782702e-17 -5.002672672271728516e-01 -8.658710122108459473e-01 -9.168506860733032227e-01 0.000000000000000000e+00 0.000000000000000000e+00 0.000000000000000000e+00 1.000000000000000000e+00
8.027819991111755371e-01 -7.236377149820327759e-02 -5.918653011322021484e-01 3.041069507598876953e-01 5.962726473808288574e-01 9.742578864097595215e-02 7.968482375144958496e-01 -1.279608458280563354e-01 0.000000000000000000e+00 -9.926085472106933594e-01 1.213602051138877869e-01 -5.281991362571716309e-01 0.000000000000000000e+00 0.000000000000000000e+00 0.000000000000000000e+00 1.000000000000000000e+00
-8.814512491226196289e-01 -5.067552626132965088e-02 -4.695483744144439697e-01 1.585899233818054199e+00 4.722749888896942139e-01 -9.458050131797790527e-02 -8.763622641563415527e-01 -1.238739565014839172e-01 -6.938893903907228378e-18 -9.942265748977661133e-01 1.073008850216865540e-01 -3.163348734378814697e-01 0.000000000000000000e+00 0.000000000000000000e+00 0.000000000000000000e+00 1.000000000000000000e+00
8.802670240402221680e-01 2.652009725570678711e-01 3.934442698955535889e-01 2.822871804237365723e-01 -4.744786024093627930e-01 4.920088350772857666e-01 7.299296855926513672e-01 -1.869372576475143433e-01 5.551115123125782702e-17 -8.292139172554016113e-01 5.589313507080078125e-01 -7.066522538661956787e-02 0.000000000000000000e+00 0.000000000000000000e+00 0.000000000000000000e+00 1.000000000000000000e+00
2.689751982688903809e-01 -3.105205595493316650e-01 9.117177724838256836e-01 9.760198742151260376e-02 -9.631471037864685059e-01 -8.671814948320388794e-02 2.546126842498779297e-01 -6.940277218818664551e-01 0.000000000000000000e+00 -9.466028213500976562e-01 -3.224020302295684814e-01 1.328703999519348145e+00 0.000000000000000000e+00 0.000000000000000000e+00 0.000000000000000000e+00 1.000000000000000000e+00
3.607688546180725098e-01 -5.371300578117370605e-01 -7.624546885490417480e-01 3.686548173427581787e-01 9.326552748680114746e-01 2.077721506357192993e-01 2.949320375919342041e-01 -4.741078019142150879e-01 1.387778780781445676e-17 -8.175096511840820312e-01 5.759148597717285156e-01 9.726961851119995117e-01 0.000000000000000000e+00 0.000000000000000000e+00 0.000000000000000000e+00 1.000000000000000000e+00
-9.459202885627746582e-01 4.557755589485168457e-02 3.211814463138580322e-01 -7.813616394996643066e-01 -3.243992030620574951e-01 -1.329002529382705688e-01 -9.365376234054565430e-01 -1.540222525596618652e+00 -1.387778780781445676e-17 -9.900808930397033691e-01 1.404983550310134888e-01 1.528378605842590332e+00 0.000000000000000000e+00 0.000000000000000000e+00 0.000000000000000000e+00 1.000000000000000000e+00
9.793757200241088867e-01 -9.071201086044311523e-02 1.805395632982254028e-01 1.718323945999145508e+00 -2.020475268363952637e-01 -4.397041797637939453e-01 8.751211762428283691e-01 -9.602977037429809570e-01 -2.775557561562891351e-17 -8.935499787330627441e-01 -4.489637315273284912e-01 9.679422378540039062e-01 0.000000000000000000e+00 0.000000000000000000e+00 0.000000000000000000e+00 1.000000000000000000e+00
-7.438578009605407715e-01 2.302456647157669067e-01 -6.274253129959106445e-01 -6.179984807968139648e-01 6.683379411697387695e-01 2.562626302242279053e-01 -6.983221769332885742e-01 -1.885698318481445312e+00 0.000000000000000000e+00 -9.387845396995544434e-01 -3.445048630237579346e-01 8.591939210891723633e-01 0.000000000000000000e+00 0.000000000000000000e+00 0.000000000000000000e+00 1.000000000000000000e+00
-9.703501462936401367e-01 7.479548454284667969e-02 -2.298396527767181396e-01 -1.642140269279479980e+00 2.417035996913909912e-01 3.002760708332061768e-01 -9.227207899093627930e-01 8.177678585052490234e-01 -2.775557561562891351e-17 -9.509152770042419434e-01 -3.094512522220611572e-01 4.413209259510040283e-01 0.000000000000000000e+00 0.000000000000000000e+00 0.000000000000000000e+00 1.000000000000000000e+00
-8.253777623176574707e-01 -1.792543530464172363e-01 5.353684425354003906e-01 -2.834886908531188965e-01 -5.645808577537536621e-01 2.620573639869689941e-01 -7.826713323593139648e-01 -5.253803730010986328e-01 0.000000000000000000e+00 -9.482582807540893555e-01 -3.174999058246612549e-01 3.241522908210754395e-01 0.000000000000000000e+00 0.000000000000000000e+00 0.000000000000000000e+00 1.000000000000000000e+00
8.712648749351501465e-01 -4.689814448356628418e-01 -1.447545886039733887e-01 -5.669125318527221680e-01 4.908130764961242676e-01 8.325105309486389160e-01 2.569605410099029541e-01 -8.290252685546875000e-01 5.551115123125782702e-17 -2.949281334877014160e-01 9.555194377899169922e-01 6.423001289367675781e-01 0.000000000000000000e+00 0.000000000000000000e+00 0.000000000000000000e+00 1.000000000000000000e+00
-4.866139888763427734e-01 5.466449260711669922e-01 6.814588308334350586e-01 9.691520333290100098e-01 -8.736171126365661621e-01 -3.044870197772979736e-01 -3.795798122882843018e-01 2.246872037649154663e-01 0.000000000000000000e+00 -7.800429463386535645e-01 6.257259845733642578e-01 1.105732679367065430e+00 0.000000000000000000e+00 0.000000000000000000e+00 0.000000000000000000e+00 1.000000000000000000e+00
5.285428166389465332e-01 -2.005235254764556885e-01 -8.248834609985351562e-01 1.960637569427490234e+00 8.489066362380981445e-01 1.248491555452346802e-01 5.135856866836547852e-01 -1.931802153587341309e+00 6.938893903907228378e-18 -9.717010855674743652e-01 2.362138777971267700e-01 1.490759134292602539e+00 0.000000000000000000e+00 0.000000000000000000e+00 0.000000000000000000e+00 1.000000000000000000e+00
7.825778126716613770e-01 -6.174566745758056641e-01 -7.949330657720565796e-02 1.581010580062866211e+00 6.225527524948120117e-01 7.761718034744262695e-01 9.992679208517074585e-02 -1.896590948104858398e+00 0.000000000000000000e+00 -1.276892721652984619e-01 9.918141961097717285e-01 1.590544581413269043e+00 0.000000000000000000e+00 0.000000000000000000e+00 0.000000000000000000e+00 1.000000000000000000e+00
8.469443917274475098e-01 3.865539431571960449e-01 3.650496006011962891e-01 -9.130184054374694824e-01 -5.316814184188842773e-01 6.157628893852233887e-01 5.815074443817138672e-01 -1.441605925559997559e+00 0.000000000000000000e+00 -6.865946054458618164e-01 7.270404696464538574e-01 -2.372057922184467316e-02 0.000000000000000000e+00 0.000000000000000000e+00 0.000000000000000000e+00 1.000000000000000000e+00
8.886958360671997070e-01 -3.357232809066772461e-01 3.122652173042297363e-01 -2.839509844779968262e-01 -4.584971964359283447e-01 -6.507256627082824707e-01 6.052573323249816895e-01 3.519987463951110840e-01 0.000000000000000000e+00 -6.810624003410339355e-01 -7.322253584861755371e-01 6.839107275009155273e-01 0.000000000000000000e+00 0.000000000000000000e+00 0.000000000000000000e+00 1.000000000000000000e+00
7.185817360877990723e-01 -2.073002606630325317e-01 -6.638274788856506348e-01 -7.809513807296752930e-01 6.954425573348999023e-01 2.141976654529571533e-01 6.859147548675537109e-01 -1.469367742538452148e+00 1.387778780781445676e-17 -9.545396566390991211e-01 2.980839312076568604e-01 -2.797847092151641846e-01 0.000000000000000000e+00 0.000000000000000000e+00 0.000000000000000000e+00 1.000000000000000000e+00
9.852442741394042969e-01 1.313210874795913696e-01 1.097657009959220886e-01 2.062251567840576172e+00 -1.711541265249252319e-01 7.559463977813720703e-01 6.318633556365966797e-01 -2.527392625808715820e+00 0.000000000000000000e+00 -6.413266062736511230e-01 7.672680020332336426e-01 1.084366440773010254e+00 0.000000000000000000e+00 0.000000000000000000e+00 0.000000000000000000e+00 1.000000000000000000e+00
-9.612920284271240234e-01 2.148574143648147583e-01 1.724933832883834839e-01 1.332927703857421875e+00 -2.755316197872161865e-01 -7.496080398559570312e-01 -6.018057465553283691e-01 1.393644690513610840e+00 5.551115123125782702e-17 -6.260384321212768555e-01 7.797921895980834961e-01 1.740528270602226257e-02 0.000000000000000000e+00 0.000000000000000000e+00 0.000000000000000000e+00 1.000000000000000000e+00
-8.712643384933471680e-02 3.019765615463256836e-01 9.493256211280822754e-01 8.694971352815628052e-02 -9.961972832679748535e-01 -2.641057409346103668e-02 -8.302708715200424194e-02 8.119333386421203613e-01 0.000000000000000000e+00 -9.529494643211364746e-01 3.031292855739593506e-01 8.862938880920410156e-01 0.000000000000000000e+00 0.000000000000000000e+00 0.000000000000000000e+00 1.000000000000000000e+00
-1.826975345611572266e-01 6.039078533649444580e-02 -9.813126921653747559e-01 -1.612134933471679688e+00 9.831691384315490723e-01 1.122212503105401993e-02 -1.823525428771972656e-01 -1.772955656051635742e-01 0.000000000000000000e+00 -9.981117248535156250e-01 -6.142461299896240234e-02 5.441082715988159180e-01 0.000000000000000000e+00 0.000000000000000000e+00 0.000000000000000000e+00 1.000000000000000000e+00
3.077137470245361328e-01 3.988707661628723145e-01 -8.638370037078857422e-01 -1.615867972373962402e+00 9.514789581298828125e-01 -1.289970874786376953e-01 2.793698012828826904e-01 -9.116103649139404297e-01 1.387778780781445676e-17 -9.078887104988098145e-01 -4.192113280296325684e-01 2.084168791770935059e-01 0.000000000000000000e+00 0.000000000000000000e+00 0.000000000000000000e+00 1.000000000000000000e+00
5.545140504837036133e-01 5.768550038337707520e-01 5.997936725616455078e-01 -4.696180224418640137e-01 -8.321743607521057129e-01 3.843836188316345215e-01 3.996686637401580811e-01 -1.704564929008483887e+00 0.000000000000000000e+00 -7.207548022270202637e-01 6.931900978088378906e-01 7.973512411117553711e-01 0.000000000000000000e+00 0.000000000000000000e+00 0.000000000000000000e+00 1.000000000000000000e+00
-9.200217723846435547e-01 -3.743466734886169434e-01 -1.158643588423728943e-01 -1.488797783851623535e+00 3.918672800064086914e-01 -8.788869976997375488e-01 -2.720250785350799561e-01 4.680040180683135986e-01 0.000000000000000000e+00 -2.956724464893341064e-01 9.552893638610839844e-01 2.152175605297088623e-01 0.000000000000000000e+00 0.000000000000000000e+00 0.000000000000000000e+00 1.000000000000000000e+00
3.495005890727043152e-02 -8.106114864349365234e-01 5.845404267311096191e-01 1.485062241554260254e+00 -9.993890523910522461e-01 -2.834823727607727051e-02 2.044221013784408569e-02 8.407461047172546387e-01 -1.734723475976807094e-18 -5.848977565765380859e-01 -8.111070394515991211e-01 9.637331366539001465e-01 0.000000000000000000e+00 0.000000000000000000e+00 0.000000000000000000e+00 1.000000000000000000e+00
9.683697819709777832e-01 1.406890600919723511e-01 -2.060741782188415527e-01 1.384394615888595581e-01 2.495194971561431885e-01 -5.460055470466613770e-01 7.997611761093139648e-01 -1.600069761276245117e+00 0.000000000000000000e+00 -8.258841037750244141e-01 -5.638399124145507812e-01 1.118431925773620605e+00 0.000000000000000000e+00 0.000000000000000000e+00 0.000000000000000000e+00 1.000000000000000000e+00
-9.620944261550903320e-01 2.480327337980270386e-01 -1.133757010102272034e-01 1.334642887115478516e+00 2.727164924144744873e-01 8.750146031379699707e-01 -3.999689519405364990e-01 -8.710358291864395142e-02 5.551115123125782702e-17 -4.157273173332214355e-01 -9.094892740249633789e-01 -9.510174393653869629e-02 0.000000000000000000e+00 0.000000000000000000e+00 0.000000000000000000e+00 1.000000000000000000e+00
2.118217498064041138e-01 9.264622330665588379e-01 -3.111257255077362061e-01 -6.417792439460754395e-01 9.773083329200744629e-01 -2.008013874292373657e-01 6.743337213993072510e-02 -2.336973667144775391e+00 0.000000000000000000e+00 -3.183496296405792236e-01 -9.479733705520629883e-01 -4.411362707614898682e-01 0.000000000000000000e+00 0.000000000000000000e+00 0.000000000000000000e+00 1.000000000000000000e+00
9.959076642990112305e-01 -7.181067764759063721e-02 5.487445741891860962e-02 9.193912148475646973e-01 -9.037687629461288452e-02 -7.913175225257873535e-01 6.046888828277587891e-01 1.463882803916931152e+00 5.551115123125782702e-17 -6.071736812591552734e-01 -7.945691347122192383e-01 9.547354578971862793e-01 0.000000000000000000e+00 0.000000000000000000e+00 0.000000000000000000e+00 1.000000000000000000e+00
-3.510249257087707520e-01 -6.614925265312194824e-01 6.627286076545715332e-01 -3.225747644901275635e-01 -9.363661408424377441e-01 2.479802966117858887e-01 -2.484436780214309692e-01 -1.738786578178405762e+00 0.000000000000000000e+00 -7.077665328979492188e-01 -7.064464092254638672e-01 1.185116648674011230e+00 0.000000000000000000e+00 0.000000000000000000e+00 0.000000000000000000e+00 1.000000000000000000e+00
-5.932278037071228027e-01 8.001486659049987793e-01 8.856016397476196289e-02 -7.911572456359863281e-01 -8.050346374511718750e-01 -5.896273255348205566e-01 -6.525973975658416748e-02 1.925132796168327332e-02 5.551115123125782702e-17 -1.100078970193862915e-01 9.939306974411010742e-01 7.326782345771789551e-01 0.000000000000000000e+00 0.000000000000000000e+00 0.000000000000000000e+00 1.000000000000000000e+00
3.146220147609710693e-01 -1.600825488567352295e-01 -9.356209635734558105e-01 -9.353267401456832886e-02 9.492170214653015137e-01 5.306003987789154053e-02 3.101155459880828857e-01 -2.584007680416107178e-01 -3.469446951953614189e-18 -9.856765270233154297e-01 1.686469316482543945e-01 1.462744235992431641e+00 0.000000000000000000e+00 0.000000000000000000e+00 0.000000000000000000e+00 1.000000000000000000e+00
5.395638346672058105e-01 3.533171117305755615e-01 -7.642236948013305664e-01 -1.595468223094940186e-01 8.419446945190429688e-01 -2.264247834682464600e-01 4.897560179233551025e-01 -2.540431737899780273e+00 -2.775557561562891351e-17 -9.076887369155883789e-01 -4.196440875530242920e-01 2.609549462795257568e-01 0.000000000000000000e+00 0.000000000000000000e+00 0.000000000000000000e+00 1.000000000000000000e+00
-1.823820471763610840e-01 -6.994049549102783203e-01 -6.910640597343444824e-01 1.237848758697509766e+00 9.832277297973632812e-01 -1.297348588705062866e-01 -1.281876713037490845e-01 -4.599827229976654053e-01 0.000000000000000000e+00 -7.028524279594421387e-01 7.113356590270996094e-01 -7.906922698020935059e-01 0.000000000000000000e+00 0.000000000000000000e+00 0.000000000000000000e+00 1.000000000000000000e+00
-1.368866860866546631e-01 -7.255095243453979492e-01 6.744612455368041992e-01 -3.851036131381988525e-01 -9.905866980552673340e-01 1.002563312649726868e-01 -9.320209920406341553e-02 1.351269125938415527e+00 0.000000000000000000e+00 -6.808704733848571777e-01 -7.324038743972778320e-01 2.174467146396636963e-01 0.000000000000000000e+00 0.000000000000000000e+00 0.000000000000000000e+00 1.000000000000000000e+00
8.991524577140808105e-01 -2.260451912879943848e-01 3.747377991676330566e-01 -3.172595798969268799e-01 -4.376355111598968506e-01 -4.644255042076110840e-01 7.699247598648071289e-01 3.631756901741027832e-01 0.000000000000000000e+00 -8.562783002853393555e-01 -5.165147185325622559e-01 1.351687192916870117e+00 0.000000000000000000e+00 0.000000000000000000e+00 0.000000000000000000e+00 1.000000000000000000e+00
6.826829314231872559e-01 5.307795405387878418e-01 5.022121667861938477e-01 9.686567783355712891e-01 -7.307146787643432617e-01 4.958900213241577148e-01 4.692004919052124023e-01 -2.234870433807373047e+00 2.775557561562891351e-17 -6.872889995574951172e-01 7.263840436935424805e-01 -3.825811296701431274e-02 0.000000000000000000e+00 0.000000000000000000e+00 0.000000000000000000e+00 1.000000000000000000e+00
7.026903629302978516e-01 1.713513433933258057e-01 6.905541419982910156e-01 1.808215856552124023e+00 -7.114958167076110840e-01 1.692306995391845703e-01 6.820078492164611816e-01 9.309083819389343262e-01 0.000000000000000000e+00 -9.705666899681091309e-01 2.408325374126434326e-01 1.602160453796386719e+00 0.000000000000000000e+00 0.000000000000000000e+00 0.000000000000000000e+00 1.000000000000000000e+00
-9.190443754196166992e-01 -4.755845293402671814e-02 -3.912743031978607178e-01 1.365913152694702148e+00 3.941540122032165527e-01 -1.108914986252784729e-01 -9.123297929763793945e-01 -1.577329158782958984e+00 0.000000000000000000e+00 -9.926939606666564941e-01 1.206595674157142639e-01 3.500435650348663330e-01 0.000000000000000000e+00 0.000000000000000000e+00 0.000000000000000000e+00 1.000000000000000000e+00
9.875584840774536133e-01 3.935407847166061401e-02 -1.522480249404907227e-01 -1.343423962593078613e+00 1.572520434856414795e-01 -2.471475452184677124e-01 9.561327695846557617e-01 -2.830028057098388672e+00 -1.387778780781445676e-17 -9.681783914566040039e-01 -2.502611577510833740e-01 8.119972944259643555e-01 0.000000000000000000e+00 0.000000000000000000e+00 0.000000000000000000e+00 1.000000000000000000e+00
9.500215649604797363e-01 1.511600315570831299e-01 2.731477618217468262e-01 1.547148108482360840e+00 -3.121843338012695312e-01 4.600015878677368164e-01 8.312277197837829590e-01 -5.259727239608764648e-01 2.775557561562891351e-17 -8.749566674232482910e-01 4.842012226581573486e-01 1.021623134613037109e+00 0.000000000000000000e+00 0.000000000000000000e+00 0.000000000000000000e+00 1.000000000000000000e+00
-9.821417331695556641e-01 8.397937566041946411e-02 1.683600395917892456e-01 -1.517718553543090820e+00 -1.881425976753234863e-01 -4.383890032768249512e-01 -8.788728117942810059e-01 -4.600461199879646301e-02 0.000000000000000000e+00 -8.948533535003662109e-01 4.463602304458618164e-01 -3.134896457195281982e-01 0.000000000000000000e+00 0.000000000000000000e+00 0.000000000000000000e+00 1.000000000000000000e+00
2.521322965621948242e-01 2.435071617364883423e-01 -9.365540742874145508e-01 -7.852926254272460938e-01 9.676927924156188965e-01 -6.344577670097351074e-02 2.440191060304641724e-01 -3.724996447563171387e-01 6.938893903907228378e-18 -9.678217172622680664e-01 -2.516368329524993896e-01 7.452370524406433105e-01 0.000000000000000000e+00 0.000000000000000000e+00 0.000000000000000000e+00 1.000000000000000000e+00
-4.525247514247894287e-01 4.740308523178100586e-01 7.553251385688781738e-01 2.123412370681762695e+00 -8.917518258094787598e-01 -2.405497580766677856e-01 -3.832942247390747070e-01 -1.538027524948120117e+00 0.000000000000000000e+00 -8.470127582550048828e-01 5.315725803375244141e-01 -8.901728987693786621e-01 0.000000000000000000e+00 0.000000000000000000e+00 0.000000000000000000e+00 1.000000000000000000e+00
4.162626862525939941e-01 7.568684816360473633e-01 5.038605928421020508e-01 1.599840760231018066e+00 -9.092444181442260742e-01 3.465031981468200684e-01 2.306732386350631714e-01 -2.221640825271606445e+00 0.000000000000000000e+00 -5.541530847549438477e-01 8.324148058891296387e-01 5.728144049644470215e-01 0.000000000000000000e+00 0.000000000000000000e+00 0.000000000000000000e+00 1.000000000000000000e+00
-3.398945033550262451e-01 -1.485096663236618042e-01 -9.286638498306274414e-01 2.023659706115722656e+00 9.404635429382324219e-01 -5.367312952876091003e-02 -3.356299698352813721e-01 -1.449860215187072754e+00 0.000000000000000000e+00 -9.874533414840698242e-01 1.579111367464065552e-01 1.432140588760375977e+00 0.000000000000000000e+00 0.000000000000000000e+00 0.000000000000000000e+00 1.000000000000000000e+00
5.346283316612243652e-01 6.686176657676696777e-01 5.168394446372985840e-01 1.119355082511901855e+00 -8.450872898101806641e-01 4.229881763458251953e-01 3.269685804843902588e-01 -1.610945314168930054e-01 0.000000000000000000e+00 -6.115810871124267578e-01 7.911817431449890137e-01 5.697489976882934570e-01 0.000000000000000000e+00 0.000000000000000000e+00 0.000000000000000000e+00 1.000000000000000000e+00
9.263198971748352051e-01 4.653044044971466064e-02 -3.738534450531005859e-01 -9.050384163856506348e-01 3.767379522323608398e-01 -1.144086271524429321e-01 9.192274808883666992e-01 -4.873827695846557617e-01 -6.938893903907228378e-18 -9.923434853553771973e-01 -1.235087662935256958e-01 -3.658893108367919922e-01 0.000000000000000000e+00 0.000000000000000000e+00 0.000000000000000000e+00 1.000000000000000000e+00
-9.334353208541870117e-01 -2.339818626642227173e-01 2.719393968582153320e-01 1.247735142707824707e+00 -3.587458133697509766e-01 6.088069081306457520e-01 -7.075701951980590820e-01 -2.270197629928588867e+00 0.000000000000000000e+00 -7.580281496047973633e-01 -6.522218585014343262e-01 -5.683991909027099609e-01 0.000000000000000000e+00 0.000000000000000000e+00 0.000000000000000000e+00 1.000000000000000000e+00
9.129593968391418457e-01 -2.065058052539825439e-01 3.519381880760192871e-01 -9.373194575309753418e-01 -4.080504179000854492e-01 -4.620297253131866455e-01 7.874156236648559570e-01 -1.093517780303955078e+00 -2.775557561562891351e-17 -8.624870181083679199e-01 -5.060791373252868652e-01 -9.606951475143432617e-02 0.000000000000000000e+00 0.000000000000000000e+00 0.000000000000000000e+00 1.000000000000000000e+00
-5.287570953369140625e-01 2.896408140659332275e-01 -7.978246212005615234e-01 -5.949403643608093262e-01 8.487731814384460449e-01 1.804364472627639771e-01 -4.970178306102752686e-01 -2.551644325256347656e+00 1.387778780781445676e-17 -9.399738907814025879e-01 -3.412463963031768799e-01 1.585398197174072266e+00 0.000000000000000000e+00 0.000000000000000000e+00 0.000000000000000000e+00 1.000000000000000000e+00
9.336602091789245605e-01 4.455585032701492310e-02 3.553778231143951416e-01 -6.043010950088500977e-01 -3.581600487232208252e-01 1.161492541432380676e-01 9.264074563980102539e-01 4.484604001045227051e-01 -1.387778780781445676e-17 -9.922319054603576660e-01 1.244020611047744751e-01 1.255010128021240234e+00 0.000000000000000000e+00 0.000000000000000000e+00 0.000000000000000000e+00 1.000000000000000000e+00
9.305038452148437500e-01 1.219575852155685425e-01 -3.453823924064636230e-01 7.058703303337097168e-01 3.662821948528289795e-01 -3.098212182521820068e-01 8.774099349975585938e-01 7.316506505012512207e-01 2.775557561562891351e-17 -9.429407119750976562e-01 -3.329607248306274414e-01 1.275163769721984863e+00 0.000000000000000000e+00 0.000000000000000000e+00 0.000000000000000000e+00 1.000000000000000000e+00
-8.783805966377258301e-01 1.895586252212524414e-01 4.387654066085815430e-01 1.819642424583435059e+00 -4.779618680477142334e-01 -3.483638167381286621e-01 -8.063467741012573242e-01 5.190961956977844238e-01 0.000000000000000000e+00 -9.179924726486206055e-01 3.965978026390075684e-01 9.096222519874572754e-01 0.000000000000000000e+00 0.000000000000000000e+00 0.000000000000000000e+00 1.000000000000000000e+00
-5.113648623228073120e-02 -2.213247306644916534e-02 -9.984464049339294434e-01 -9.899234771728515625e-01 9.986916780471801758e-01 -1.133259502239525318e-03 -5.112392827868461609e-02 1.299030661582946777e+00 1.084202172485504434e-19 -9.997544288635253906e-01 2.216146700084209442e-02 7.644523382186889648e-01 0.000000000000000000e+00 0.000000000000000000e+00 0.000000000000000000e+00 1.000000000000000000e+00
5.490562319755554199e-01 6.349146962165832520e-01 -5.435259938240051270e-01 -1.356629729270935059e+00 8.357853889465332031e-01 -4.170973896980285645e-01 3.570609986782073975e-01 -2.317496776580810547e+00 0.000000000000000000e+00 -6.503176689147949219e-01 -7.596623897552490234e-01 3.026880919933319092e-01 0.000000000000000000e+00 0.000000000000000000e+00 0.000000000000000000e+00 1.000000000000000000e+00
8.496154546737670898e-01 2.859836816787719727e-02 5.266267061233520508e-01 -4.469226002693176270e-01 -5.274026393890380859e-01 4.607033357024192810e-02 8.483654856681823730e-01 -6.120361685752868652e-01 -3.469446951953614189e-18 -9.985287189483642578e-01 5.422492325305938721e-02 3.213196694850921631e-01 0.000000000000000000e+00 0.000000000000000000e+00 0.000000000000000000e+00 1.000000000000000000e+00
-3.576821386814117432e-01 7.218164205551147461e-01 5.924901366233825684e-01 1.313145756721496582e+00 -9.338433742523193359e-01 -2.764712274074554443e-01 -2.269364893436431885e-01 -1.012340784072875977e+00 0.000000000000000000e+00 -6.344641447067260742e-01 7.729523181915283203e-01 1.528835654258728027e+00 0.000000000000000000e+00 0.000000000000000000e+00 0.000000000000000000e+00 1.000000000000000000e+00
2.619943916797637939e-01 -8.033464550971984863e-01 5.347835421562194824e-01 -6.215552091598510742e-01 -9.650694131851196289e-01 -2.180902957916259766e-01 1.451815664768218994e-01 3.882253766059875488e-01 1.387778780781445676e-17 -5.541399717330932617e-01 -8.324235081672668457e-01 2.509912252426147461e-01 0.000000000000000000e+00 0.000000000000000000e+00 0.000000000000000000e+00 1.000000000000000000e+00
-1.485818773508071899e-01 8.309649825096130371e-01 -5.361162424087524414e-01 1.400753498077392578e+00 9.889001250267028809e-01 1.248521879315376282e-01 -8.055126667022705078e-02 2.706166207790374756e-01 -6.938893903907228378e-18 -5.421338677406311035e-01 -8.402921557426452637e-01 1.118997693061828613e+00 0.000000000000000000e+00 0.000000000000000000e+00 0.000000000000000000e+00 1.000000000000000000e+00
9.297981858253479004e-01 -2.340005189180374146e-01 -2.841110527515411377e-01 1.020130276679992676e+00 3.680697381496429443e-01 5.911196470260620117e-01 7.177062034606933594e-01 -4.924704432487487793e-01 0.000000000000000000e+00 -7.718946337699890137e-01 6.357504725456237793e-01 -9.181916713714599609e-01 0.000000000000000000e+00 0.000000000000000000e+00 0.000000000000000000e+00 1.000000000000000000e+00
-7.420592755079269409e-02 -2.319785356521606445e-01 9.698863029479980469e-01 5.588910579681396484e-01 -9.972429275512695312e-01 1.726177521049976349e-02 -7.217029482126235962e-02 -2.570799827575683594e+00 1.734723475976807094e-18 -9.725677371025085449e-01 -2.326198816299438477e-01 4.955530464649200439e-01 0.000000000000000000e+00 0.000000000000000000e+00 0.000000000000000000e+00 1.000000000000000000e+00
-4.612801969051361084e-01 -1.209359839558601379e-01 8.789738416671752930e-01 -3.642565906047821045e-01 -8.872545361518859863e-01 6.287415325641632080e-02 -4.569751322269439697e-01 6.756146997213363647e-02 0.000000000000000000e+00 -9.906671047210693359e-01 -1.363035887479782104e-01 -1.125414520502090454e-01 0.000000000000000000e+00 0.000000000000000000e+00 0.000000000000000000e+00 1.000000000000000000e+00
-1.063024327158927917e-01 -1.726922243833541870e-01 -9.792227745056152344e-01 6.901485919952392578e-01 9.943338632583618164e-01 -1.846221275627613068e-02 -1.046869307756423950e-01 -2.079509258270263672e+00 0.000000000000000000e+00 -9.848027825355529785e-01 1.736763119697570801e-01 9.160572886466979980e-01 0.000000000000000000e+00 0.000000000000000000e+00 0.000000000000000000e+00 1.000000000000000000e+00
-6.779226660728454590e-01 2.315993010997772217e-01 6.976980566978454590e-01 1.527244210243225098e+00 -7.351332306861877441e-01 -2.135754674673080444e-01 -6.434008479118347168e-01 1.175073266029357910e+00 1.387778780781445676e-17 -9.490770697593688965e-01 3.150439858436584473e-01 -1.418900638818740845e-01 0.000000000000000000e+00 0.000000000000000000e+00 0.000000000000000000e+00 1.000000000000000000e+00
-3.455756604671478271e-01 4.801392853260040283e-01 8.062528967857360840e-01 -5.512595772743225098e-01 -9.383909106254577637e-01 -1.768180578947067261e-01 -2.969139814376831055e-01 4.771262109279632568e-01 0.000000000000000000e+00 -8.591865897178649902e-01 5.116623640060424805e-01 1.511887788772583008e+00 0.000000000000000000e+00 0.000000000000000000e+00 0.000000000000000000e+00 1.000000000000000000e+00
2.515937089920043945e-01 2.053933739662170410e-01 -9.457876086235046387e-01 -1.501462221145629883e+00 9.678329229354858398e-01 -5.339317768812179565e-02 2.458628863096237183e-01 -1.080704331398010254e+00 -3.469446951953614189e-18 -9.772219657897949219e-01 -2.122198492288589478e-01 -1.994423717260360718e-01 0.000000000000000000e+00 0.000000000000000000e+00 0.000000000000000000e+00 1.000000000000000000e+00
-7.081756591796875000e-01 -5.167912244796752930e-01 4.810552000999450684e-01 -1.222996354103088379e+00 -7.060363292694091797e-01 5.183570981025695801e-01 -4.825128316879272461e-01 -1.694888830184936523e+00 0.000000000000000000e+00 -6.813462972640991211e-01 -7.319612503051757812e-01 1.644807457923889160e-01 0.000000000000000000e+00 0.000000000000000000e+00 0.000000000000000000e+00 1.000000000000000000e+00
9.390923380851745605e-01 -3.166542053222656250e-01 -1.335502564907073975e-01 1.820442974567413330e-01 3.436648845672607422e-01 8.652834296226501465e-01 3.649369776248931885e-01 1.104564070701599121e+00 -5.551115123125782702e-17 -3.886060714721679688e-01 9.214040040969848633e-01 -1.530583202838897705e-02 0.000000000000000000e+00 0.000000000000000000e+00 0.000000000000000000e+00 1.000000000000000000e+00
-7.695583701133728027e-01 -5.698030591011047363e-01 2.882783114910125732e-01 7.693026661872863770e-01 -6.385765075683593750e-01 6.866784691810607910e-01 -3.474086523056030273e-01 -2.092861890792846680e+00 5.551115123125782702e-17 -4.514389932155609131e-01 -8.923019766807556152e-01 6.249795556068420410e-01 0.000000000000000000e+00 0.000000000000000000e+00 0.000000000000000000e+00 1.000000000000000000e+00
9.554391503334045410e-01 2.409289181232452393e-01 1.705558001995086670e-01 -1.115350604057312012e+00 -2.951881289482116699e-01 7.798177003860473633e-01 5.520401597023010254e-01 -5.972138047218322754e-01 0.000000000000000000e+00 -5.777868032455444336e-01 8.161877393722534180e-01 1.328296184539794922e+00 0.000000000000000000e+00 0.000000000000000000e+00 0.000000000000000000e+00 1.000000000000000000e+00
-9.951484203338623047e-01 -4.187882319092750549e-02 8.902698010206222534e-02 1.502076387405395508e+00 -9.838515520095825195e-02 4.235968589782714844e-01 -9.004921317100524902e-01 -5.898421630263328552e-02 0.000000000000000000e+00 -9.048822522163391113e-01 -4.256620109081268311e-01 9.872533679008483887e-01 0.000000000000000000e+00 0.000000000000000000e+00 0.000000000000000000e+00 1.000000000000000000e+00
-9.978998303413391113e-01 -1.118434499949216843e-02 6.380323320627212524e-02 -1.688095092773437500e+00 -6.477609276771545410e-02 1.722989976406097412e-01 -9.829125404357910156e-01 -2.091529816389083862e-01 0.000000000000000000e+00 -9.849811792373657227e-01 -1.726616173982620239e-01 1.086735129356384277e-01 0.000000000000000000e+00 0.000000000000000000e+00 0.000000000000000000e+00 1.000000000000000000e+00
5.694244503974914551e-01 4.227814078330993652e-01 7.049905061721801758e-01 -1.621552228927612305e+00 -8.220436573028564453e-01 2.928580343723297119e-01 4.883424937725067139e-01 -1.044190049171447754e+00 -2.775557561562891351e-17 -8.576071858406066895e-01 5.143052935600280762e-01 6.049289107322692871e-01 0.000000000000000000e+00 0.000000000000000000e+00 0.000000000000000000e+00 1.000000000000000000e+00
-7.516421675682067871e-01 -6.256159543991088867e-01 2.088989168405532837e-01 -6.032609567046165466e-02 -6.595711112022399902e-01 7.129470705986022949e-01 -2.380595803260803223e-01 1.057489156723022461e+00 -5.551115123125782702e-17 -3.167193233966827393e-01 -9.485192894935607910e-01 4.977622032165527344e-01 0.000000000000000000e+00 0.000000000000000000e+00 0.000000000000000000e+00 1.000000000000000000e+00
-4.875347614288330078e-01 6.244735717773437500e-01 -6.101988554000854492e-01 4.199746549129486084e-01 8.731035590171813965e-01 3.487015664577484131e-01 -3.407306373119354248e-01 1.099671721458435059e+00 0.000000000000000000e+00 -6.988848447799682617e-01 -7.152342200279235840e-01 1.203585147857666016e+00 0.000000000000000000e+00 0.000000000000000000e+00 0.000000000000000000e+00 1.000000000000000000e+00
-9.393214583396911621e-01 3.141144812107086182e-01 1.378670334815979004e-01 6.124819517135620117e-01 -3.430382311344146729e-01 -8.601212501525878906e-01 -3.775131702423095703e-01 -5.005530714988708496e-01 5.551115123125782702e-17 -4.018998742103576660e-01 9.156836271286010742e-01 -7.353776693344116211e-02 0.000000000000000000e+00 0.000000000000000000e+00 0.000000000000000000e+00 1.000000000000000000e+00
-1.147146821022033691e-01 -5.855767130851745605e-01 8.024590015411376953e-01 1.650560736656188965e+00 -9.933984875679016113e-01 6.762064248323440552e-02 -9.266556799411773682e-02 -1.125945821404457092e-01 -6.938893903907228378e-18 -8.077916502952575684e-01 -5.894680619239807129e-01 4.730744287371635437e-02 0.000000000000000000e+00 0.000000000000000000e+00 0.000000000000000000e+00 1.000000000000000000e+00
-2.925190627574920654e-01 -4.155390858650207520e-01 -8.612548112869262695e-01 -1.461039900779724121e+00 9.562596678733825684e-01 -1.271130591630935669e-01 -2.634571492671966553e-01 -1.128419995307922363e+00 0.000000000000000000e+00 -9.006494879722595215e-01 4.345462620258331299e-01 1.561776757240295410e+00 0.000000000000000000e+00 0.000000000000000000e+00 0.000000000000000000e+00 1.000000000000000000e+00
-8.405019640922546387e-01 -4.561797976493835449e-01 2.923292815685272217e-01 1.129156708717346191e+00 -5.418084859848022461e-01 7.076671123504638672e-01 -4.534874558448791504e-01 -7.507345676422119141e-01 0.000000000000000000e+00 -5.395435690879821777e-01 -8.419576883316040039e-01 6.242929697036743164e-01 0.000000000000000000e+00 0.000000000000000000e+00 0.000000000000000000e+00 1.000000000000000000e+00
3.069954216480255127e-01 7.444962859153747559e-01 5.928567051887512207e-01 1.541559338569641113e+00 -9.517109990119934082e-01 2.401537448167800903e-01 1.912390589714050293e-01 1.406965136528015137e+00 0.000000000000000000e+00 -6.229377985000610352e-01 7.822713851928710938e-01 1.068030357360839844e+00 0.000000000000000000e+00 0.000000000000000000e+00 0.000000000000000000e+00 1.000000000000000000e+00
4.313021153211593628e-02 2.421492896974086761e-02 -9.987759590148925781e-01 1.266860723495483398e+00 9.990694522857666016e-01 -1.045367796905338764e-03 4.311754181981086731e-02 -9.860943555831909180e-01 1.084202172485504434e-19 -9.997062087059020996e-01 -2.423748373985290527e-02 1.359019398689270020e+00 0.000000000000000000e+00 0.000000000000000000e+00 0.000000000000000000e+00 1.000000000000000000e+00
-1.856675446033477783e-01 7.459183931350708008e-01 -6.396352648735046387e-01 -3.550320565700531006e-01 9.826126098632812500e-01 1.409434825181961060e-01 -1.208609640598297119e-01 -2.320113897323608398e+00 -1.387778780781445676e-17 -6.509536504745483398e-01 -7.591174840927124023e-01 1.350872635841369629e+00 0.000000000000000000e+00 0.000000000000000000e+00 0.000000000000000000e+00 1.000000000000000000e+00
6.978511065244674683e-02 1.004497036337852478e-01 9.924917817115783691e-01 1.693863511085510254e+00 -9.975620508193969727e-01 7.027025334537029266e-03 6.943041831254959106e-02 -2.815743982791900635e-01 -4.336808689942017736e-19 -9.949173331260681152e-01 1.006951928138732910e-01 1.497581839561462402e+00 0.000000000000000000e+00 0.000000000000000000e+00 0.000000000000000000e+00 1.000000000000000000e+00
-1.079596057534217834e-01 -4.411997795104980469e-01 -8.908913731575012207e-01 1.470618247985839844e+00 9.941552877426147461e-01 -4.791178554296493530e-02 -9.674573689699172974e-02 -1.806051731109619141e+00 0.000000000000000000e+00 -8.961290121078491211e-01 4.437936246395111084e-01 8.744364976882934570e-01 0.000000000000000000e+00 0.000000000000000000e+00 0.000000000000000000e+00 1.000000000000000000e+00
-9.080943465232849121e-01 -2.275944203138351440e-01 -3.515188395977020264e-01 5.717670917510986328e-01 4.187656939029693604e-01 -4.935390055179595947e-01 -7.622693181037902832e-01 -9.808593392372131348e-01 2.775557561562891351e-17 -8.394165039062500000e-01 5.434886813163757324e-01 7.498766183853149414e-01 0.000000000000000000e+00 0.000000000000000000e+00 0.000000000000000000e+00 1.000000000000000000e+00
9.908567667007446289e-01 1.193484142422676086e-01 -6.291934102773666382e-02 6.141226291656494141e-01 1.349180787801742554e-01 -8.765110373497009277e-01 4.620882570743560791e-01 1.461798191070556641e+00 -5.551115123125782702e-17 -4.663522243499755859e-01 -8.845991492271423340e-01 -4.981835186481475830e-01 0.000000000000000000e+00 0.000000000000000000e+00 0.000000000000000000e+00 1.000000000000000000e+00
-9.737449288368225098e-01 -7.857342064380645752e-02 -2.136515378952026367e-01 -1.436834216117858887e+00 2.276417315006256104e-01 -3.361003696918487549e-01 -9.139013886451721191e-01 6.708924174308776855e-01 0.000000000000000000e+00 -9.385429024696350098e-01 3.451626300811767578e-01 -2.904926836490631104e-01 0.000000000000000000e+00 0.000000000000000000e+00 0.000000000000000000e+00 1.000000000000000000e+00
-4.358462691307067871e-01 -4.955992698669433594e-01 7.512785196304321289e-01 -1.038863658905029297e+00 -9.000211358070373535e-01 2.400000244379043579e-01 -3.638158142566680908e-01 1.066405534744262695e+00 -1.387778780781445676e-17 -8.347343206405639648e-01 -5.506529211997985840e-01 2.306636609137058258e-02 0.000000000000000000e+00 0.000000000000000000e+00 0.000000000000000000e+00 1.000000000000000000e+00
-6.572023779153823853e-02 9.290052056312561035e-01 3.641843199729919434e-01 2.620500922203063965e-01 -9.978380799293518066e-01 -6.118671968579292297e-02 -2.398613467812538147e-02 1.149325489997863770e+00 0.000000000000000000e+00 -3.649733662605285645e-01 9.310179352760314941e-01 -2.399493008852005005e-01 0.000000000000000000e+00 0.000000000000000000e+00 0.000000000000000000e+00 1.000000000000000000e+00
-8.406002521514892578e-01 -8.343845605850219727e-02 5.351908802986145020e-01 1.022960469126701355e-01 -5.416560173034667969e-01 1.294887959957122803e-01 -8.305669426918029785e-01 4.576509594917297363e-01 0.000000000000000000e+00 -9.880641102790832520e-01 -1.540432572364807129e-01 5.988484993577003479e-02 0.000000000000000000e+00 0.000000000000000000e+00 0.000000000000000000e+00 1.000000000000000000e+00
9.669483900070190430e-01 6.221183016896247864e-02 -2.472659498453140259e-01 1.229030728340148926e+00 2.549720704555511475e-01 -2.359302639961242676e-01 9.377239346504211426e-01 -1.511003375053405762e+00 1.387778780781445676e-17 -9.697765707969665527e-01 -2.439946681261062622e-01 -1.789477914571762085e-01 0.000000000000000000e+00 0.000000000000000000e+00 0.000000000000000000e+00 1.000000000000000000e+00
-9.855329990386962891e-01 1.360651850700378418e-01 1.010494381189346313e-01 8.996418714523315430e-01 -1.694836914539337158e-01 -7.912072539329528809e-01 -5.875937342643737793e-01 2.305667102336883545e-01 -5.551115123125782702e-17 -5.962192416191101074e-01 8.028216958045959473e-01 -4.149817228317260742e-01 0.000000000000000000e+00 0.000000000000000000e+00 0.000000000000000000e+00 1.000000000000000000e+00
-9.999938011169433594e-01 -2.723972778767347336e-03 -2.217898145318031311e-03 9.067502021789550781e-01 3.512705443426966667e-03 -7.754580974578857422e-01 -6.313892602920532227e-01 4.995731636881828308e-02 0.000000000000000000e+00 -6.313931345939636230e-01 7.754628658294677734e-01 6.385115981101989746e-01 0.000000000000000000e+00 0.000000000000000000e+00 0.000000000000000000e+00 1.000000000000000000e+00
-9.978526830673217773e-01 4.974456131458282471e-02 -4.260922223329544067e-02 5.371654629707336426e-01 6.549860537052154541e-02 7.578442692756652832e-01 -6.491394042968750000e-01 1.094435453414916992e+00 0.000000000000000000e+00 -6.505363583564758301e-01 -7.594751119613647461e-01 9.988008737564086914e-01 0.000000000000000000e+00 0.000000000000000000e+00 0.000000000000000000e+00 1.000000000000000000e+00
-7.484937906265258789e-01 7.939651608467102051e-02 -6.583716273307800293e-01 -7.635530233383178711e-01 6.631417870521545410e-01 8.961552381515502930e-02 -7.431097030639648438e-01 -1.445394992828369141e+00 0.000000000000000000e+00 -9.928067326545715332e-01 -1.197278127074241638e-01 -1.326780468225479126e-01 0.000000000000000000e+00 0.000000000000000000e+00 0.000000000000000000e+00 1.000000000000000000e+00
6.916955709457397461e-01 -7.270242786034941673e-04 -7.221888303756713867e-01 1.346632838249206543e+00 7.221891880035400391e-01 6.963264895603060722e-04 6.916952133178710938e-01 -1.313831925392150879e+00 -5.421010862427522170e-20 -9.999994635581970215e-01 1.006695092655718327e-03 1.218937158584594727e+00 0.000000000000000000e+00 0.000000000000000000e+00 0.000000000000000000e+00 1.000000000000000000e+00
-5.958091616630554199e-01 6.624561548233032227e-01 -4.540520608425140381e-01 -4.942225217819213867e-01 8.031260371208190918e-01 4.914514422416687012e-01 -3.368442356586456299e-01 2.977974712848663330e-01 -2.775557561562891351e-17 -5.653558969497680664e-01 -8.248471021652221680e-01 2.828256785869598389e-01 0.000000000000000000e+00 0.000000000000000000e+00 0.000000000000000000e+00 1.000000000000000000e+00
7.336335778236389160e-01 1.979519426822662354e-01 -6.500744223594665527e-01 7.682792544364929199e-01 6.795452237129211426e-01 -2.137079089879989624e-01 7.018170356750488281e-01 -1.098392367362976074e+00 0.000000000000000000e+00 -9.566315412521362305e-01 -2.913005948066711426e-01 -8.749685883522033691e-01 0.000000000000000000e+00 0.000000000000000000e+00 0.000000000000000000e+00 1.000000000000000000e+00
-2.671422362327575684e-01 9.574995636940002441e-01 -1.087639033794403076e-01 1.170250654220581055e+00 9.636570811271667480e-01 2.654352784156799316e-01 -3.015121445059776306e-02 7.506781220436096191e-01 2.775557561562891351e-17 -1.128657683730125427e-01 -9.936102628707885742e-01 -7.855868935585021973e-01 0.000000000000000000e+00 0.000000000000000000e+00 0.000000000000000000e+00 1.000000000000000000e+00
-3.097710907459259033e-01 -2.308370620012283325e-01 9.223644137382507324e-01 -8.164488673210144043e-01 -9.508111476898193359e-01 7.520594447851181030e-02 -3.005032539367675781e-01 -1.997597336769104004e+00 0.000000000000000000e+00 -9.700816273689270020e-01 -2.427790760993957520e-01 8.189013600349426270e-01 0.000000000000000000e+00 0.000000000000000000e+00 0.000000000000000000e+00 1.000000000000000000e+00
-4.683267176151275635e-01 -2.766742408275604248e-01 8.391194343566894531e-01 -6.845223307609558105e-01 -8.835553526878356934e-01 1.466506272554397583e-01 -4.447735548019409180e-01 -1.653003573417663574e+00 -1.387778780781445676e-17 -9.497078061103820801e-01 -3.131374120712280273e-01 3.066341876983642578e-01 0.000000000000000000e+00 0.000000000000000000e+00 0.000000000000000000e+00 1.000000000000000000e+00
9.537096023559570312e-01 -2.817994654178619385e-01 1.050099879503250122e-01 1.327073812484741211e+00 -3.007291555404663086e-01 -8.936773538589477539e-01 3.330206871032714844e-01 -1.888578653335571289e+00 0.000000000000000000e+00 -3.491845726966857910e-01 -9.370539784431457520e-01 -5.859097838401794434e-01 0.000000000000000000e+00 0.000000000000000000e+00 0.000000000000000000e+00 1.000000000000000000e+00
-1.709287613630294800e-01 -6.333121657371520996e-01 7.547841072082519531e-01 -9.087743163108825684e-01 -9.852833747863769531e-01 1.098681464791297913e-01 -1.309413313865661621e-01 1.114695429801940918e+00 6.938893903907228378e-18 -7.660579085350036621e-01 -6.427716016769409180e-01 6.876540780067443848e-01 0.000000000000000000e+00 0.000000000000000000e+00 0.000000000000000000e+00 1.000000000000000000e+00
9.755848646163940430e-01 -6.295879930257797241e-02 -2.104051262140274048e-01 1.621556878089904785e+00 2.196227014064788818e-01 2.796689867973327637e-01 9.346395730972290039e-01 1.130162835121154785e+00 0.000000000000000000e+00 -9.580299854278564453e-01 2.866680026054382324e-01 1.542674541473388672e+00 0.000000000000000000e+00 0.000000000000000000e+00 0.000000000000000000e+00 1.000000000000000000e+00
-3.871427476406097412e-01 6.167439222335815430e-01 -6.853812336921691895e-01 -1.521957039833068848e+00 9.220197796821594238e-01 2.589618563652038574e-01 -2.877816557884216309e-01 -9.265144467353820801e-01 0.000000000000000000e+00 -7.433476448059082031e-01 -6.689053177833557129e-01 4.323731362819671631e-01 0.000000000000000000e+00 0.000000000000000000e+00 0.000000000000000000e+00 1.000000000000000000e+00
4.161141812801361084e-01 5.183905959129333496e-01 -7.470744252204895020e-01 -2.840514481067657471e-01 9.093123674392700195e-01 -2.372228503227233887e-01 3.418717980384826660e-01 9.598221182823181152e-01 0.000000000000000000e+00 -8.215817213058471680e-01 -5.700907707214355469e-01 4.810644090175628662e-01 0.000000000000000000e+00 0.000000000000000000e+00 0.000000000000000000e+00 1.000000000000000000e+00
-7.843966484069824219e-01 -4.114936590194702148e-01 -4.641065001487731934e-01 -2.284347638487815857e-02 6.202595233917236328e-01 -5.203858017921447754e-01 -5.869213938713073730e-01 4.714283645153045654e-01 5.551115123125782702e-17 -7.482456564903259277e-01 6.634217500686645508e-01 4.768583551049232483e-02 0.000000000000000000e+00 0.000000000000000000e+00 0.000000000000000000e+00 1.000000000000000000e+00
-4.077051877975463867e-01 2.430696487426757812e-01 -8.801668286323547363e-01 3.537132740020751953e-01 9.131135940551757812e-01 1.085305884480476379e-01 -3.929944336414337158e-01 -2.899053812026977539e+00 0.000000000000000000e+00 -9.639181494712829590e-01 -2.661986947059631348e-01 8.791344165802001953e-01 0.000000000000000000e+00 0.000000000000000000e+00 0.000000000000000000e+00 1.000000000000000000e+00
9.409495592117309570e-01 -4.235340654850006104e-02 3.358870744705200195e-01 -5.678709745407104492e-01 -3.385468125343322754e-01 -1.177161186933517456e-01 9.335571527481079102e-01 -2.553305864334106445e+00 0.000000000000000000e+00 -9.921436905860900879e-01 -1.251035481691360474e-01 -2.424160391092300415e-01 0.000000000000000000e+00 0.000000000000000000e+00 0.000000000000000000e+00 1.000000000000000000e+00
7.497094869613647461e-01 1.719850897789001465e-01 6.390280127525329590e-01 2.834420800209045410e-01 -6.617670655250549316e-01 1.948402374982833862e-01 7.239486575126647949e-01 -1.220140218734741211e+00 0.000000000000000000e+00 -9.656388759613037109e-01 2.598876357078552246e-01 1.065081834793090820e+00 0.000000000000000000e+00 0.000000000000000000e+00 0.000000000000000000e+00 1.000000000000000000e+00
-9.746472239494323730e-01 1.211879476904869080e-01 -1.880857795476913452e-01 -2.060819566249847412e-01 2.237471342086791992e-01 5.278972983360290527e-01 -8.193055987358093262e-01 4.390980303287506104e-01 0.000000000000000000e+00 -8.406175971031188965e-01 -5.416290760040283203e-01 2.770815789699554443e-01 0.000000000000000000e+00 0.000000000000000000e+00 0.000000000000000000e+00 1.000000000000000000e+00
9.514917731285095215e-01 -1.764929387718439102e-03 -3.076691925525665283e-01 -1.673083603382110596e-01 3.076742589473724365e-01 5.458096042275428772e-03 9.514760971069335938e-01 -1.833923578262329102e+00 -4.336808689942017736e-19 -9.999835491180419922e-01 5.736356601119041443e-03 1.124622344970703125e+00 0.000000000000000000e+00 0.000000000000000000e+00 0.000000000000000000e+00 1.000000000000000000e+00
-4.970010519027709961e-01 4.841640889644622803e-01 -7.201215624809265137e-01 1.897847890853881836e+00 8.677499294281005859e-01 2.773034572601318359e-01 -4.124473631381988525e-01 -4.181560277938842773e-01 0.000000000000000000e+00 -8.298722505569458008e-01 -5.579534769058227539e-01 1.205150842666625977e+00 0.000000000000000000e+00 0.000000000000000000e+00 0.000000000000000000e+00 1.000000000000000000e+00
-9.999740719795227051e-01 1.889554783701896667e-03 -6.952831055968999863e-03 -2.465121150016784668e-01 7.205017376691102982e-03 2.622486054897308350e-01 -9.649734497070312500e-01 9.937946796417236328e-01 2.775557561562891351e-17 -9.649984836578369141e-01 -2.622554302215576172e-01 4.491678774356842041e-01 0.000000000000000000e+00 0.000000000000000000e+00 0.000000000000000000e+00 1.000000000000000000e+00
4.787415266036987305e-01 -2.115243077278137207e-01 8.520938754081726074e-01 -7.447324991226196289e-01 -8.779559135437011719e-01 -1.153423190116882324e-01 4.646392166614532471e-01 7.931026816368103027e-01 -6.938893903907228378e-18 -9.705429673194885254e-01 -2.409281730651855469e-01 1.059765219688415527e-01 0.000000000000000000e+00 0.000000000000000000e+00 0.000000000000000000e+00 1.000000000000000000e+00
-6.735105514526367188e-01 5.772879719734191895e-01 4.616515338420867920e-01 -2.354465126991271973e-01 -7.391775846481323242e-01 -5.260028839111328125e-01 -4.206393659114837646e-01 5.847278237342834473e-01 5.551115123125782702e-17 -6.245475411415100098e-01 7.809867858886718750e-01 4.994049072265625000e-01 0.000000000000000000e+00 0.000000000000000000e+00 0.000000000000000000e+00 1.000000000000000000e+00
-5.517387390136718750e-01 -2.879142463207244873e-01 -7.827450037002563477e-01 7.650181055068969727e-01 8.340169787406921387e-01 -1.904678791761398315e-01 -5.178200602531433105e-01 2.220396399497985840e-01 1.387778780781445676e-17 -9.385240674018859863e-01 3.452138900756835938e-01 5.305695533752441406e-01 0.000000000000000000e+00 0.000000000000000000e+00 0.000000000000000000e+00 1.000000000000000000e+00
9.639568924903869629e-01 -2.585878968238830566e-01 6.260558217763900757e-02 3.652293980121612549e-01 -2.660585641860961914e-01 -9.368898868560791016e-01 2.268262952566146851e-01 6.947991251945495605e-01 -5.551115123125782702e-17 -2.353075146675109863e-01 -9.719209671020507812e-01 -5.555037856101989746e-01 0.000000000000000000e+00 0.000000000000000000e+00 0.000000000000000000e+00 1.000000000000000000e+00
6.001500487327575684e-01 -2.481928467750549316e-01 7.604079246520996094e-01 -3.927831649780273438e-01 -7.998874187469482422e-01 -1.862173825502395630e-01 5.705288648605346680e-01 1.183652505278587341e-01 0.000000000000000000e+00 -9.506436586380004883e-01 -3.102847039699554443e-01 -8.705225586891174316e-01 0.000000000000000000e+00 0.000000000000000000e+00 0.000000000000000000e+00 1.000000000000000000e+00
-5.632871389389038086e-02 -2.183711230754852295e-01 -9.742387533187866211e-01 1.013000607490539551e+00 9.984122514724731445e-01 -1.232012454420328140e-02 -5.496488511562347412e-02 -1.778662204742431641e+00 -8.673617379884035472e-19 -9.757879972457885742e-01 2.187183797359466553e-01 3.456609249114990234e-01 0.000000000000000000e+00 0.000000000000000000e+00 0.000000000000000000e+00 1.000000000000000000e+00
-8.202410936355590820e-01 -2.361610382795333862e-01 5.209918618202209473e-01 1.827212810516357422e+00 -5.720179677009582520e-01 3.386414349079132080e-01 -7.470725774765014648e-01 -1.130260467529296875e+00 2.775557561562891351e-17 -9.107963442802429199e-01 -4.128559827804565430e-01 -1.116640195250511169e-01 0.000000000000000000e+00 0.000000000000000000e+00 0.000000000000000000e+00 1.000000000000000000e+00
5.352652668952941895e-01 -5.360646843910217285e-01 -6.527830958366394043e-01 7.138735651969909668e-01 8.446840643882751465e-01 3.396971821784973145e-01 4.136601388454437256e-01 1.233537197113037109e+00 0.000000000000000000e+00 -7.728133797645568848e-01 6.346333622932434082e-01 1.006173133850097656e+00 0.000000000000000000e+00 0.000000000000000000e+00 0.000000000000000000e+00 1.000000000000000000e+00
-1.409027576446533203e-01 1.504685282707214355e-01 -9.785221815109252930e-01 -8.493504524230957031e-01 9.900234341621398926e-01 2.141507901251316071e-02 -1.392658650875091553e-01 -4.747686386108398438e-01 1.734723475976807094e-18 -9.883828163146972656e-01 -1.519848108291625977e-01 9.253251552581787109e-01 0.000000000000000000e+00 0.000000000000000000e+00 0.000000000000000000e+00 1.000000000000000000e+00
-9.831315279006958008e-01 1.911799772642552853e-03 -1.828899085521697998e-01 9.971647858619689941e-01 1.828999072313308716e-01 1.027638930827379227e-02 -9.830778241157531738e-01 -1.131864190101623535e+00 -8.673617379884035472e-19 -9.999453425407409668e-01 -1.045271102339029312e-02 4.740053713321685791e-01 0.000000000000000000e+00 0.000000000000000000e+00 0.000000000000000000e+00 1.000000000000000000e+00
-7.307029962539672852e-01 -3.169689178466796875e-01 -6.046518087387084961e-01 -1.392263650894165039e+00 6.826955080032348633e-01 -3.392583131790161133e-01 -6.471712589263916016e-01 -1.144957184791564941e+00 0.000000000000000000e+00 -8.856830596923828125e-01 4.642903208732604980e-01 2.942233085632324219e-01 0.000000000000000000e+00 0.000000000000000000e+00 0.000000000000000000e+00 1.000000000000000000e+00
8.169240951538085938e-01 -1.364201456308364868e-01 -5.603789687156677246e-01 -1.780900508165359497e-01 5.767452120780944824e-01 1.932307332754135132e-01 7.937422990798950195e-01 -2.402781099081039429e-01 -1.387778780781445676e-17 -9.716230630874633789e-01 2.365344911813735962e-01 1.725196391344070435e-01 0.000000000000000000e+00 0.000000000000000000e+00 0.000000000000000000e+00 1.000000000000000000e+00
6.946929693222045898e-01 -5.126023292541503906e-01 -5.046191811561584473e-01 8.297190666198730469e-01 7.193063497543334961e-01 4.950619935989379883e-01 4.873519837856292725e-01 -6.036886200308799744e-02 -2.775557561562891351e-17 -7.015357613563537598e-01 7.126342058181762695e-01 3.548950254917144775e-01 0.000000000000000000e+00 0.000000000000000000e+00 0.000000000000000000e+00 1.000000000000000000e+00
9.409112930297851562e-01 -1.128818169236183167e-01 -3.192861676216125488e-01 1.660749793052673340e+00 3.386531770229339600e-01 3.136299550533294678e-01 8.871021866798400879e-01 9.770722389221191406e-01 -2.775557561562891351e-17 -9.428117275238037109e-01 3.333257436752319336e-01 -2.892188727855682373e-01 0.000000000000000000e+00 0.000000000000000000e+00 0.000000000000000000e+00 1.000000000000000000e+00
6.356926560401916504e-01 -9.441991150379180908e-02 -7.661460041999816895e-01 1.306223571300506592e-01 7.719422578811645508e-01 7.775457948446273804e-02 6.309195160865783691e-01 3.067746460437774658e-01 -6.938893903907228378e-18 -9.924913644790649414e-01 1.223147362470626831e-01 -2.322623580694198608e-01 0.000000000000000000e+00 0.000000000000000000e+00 0.000000000000000000e+00 1.000000000000000000e+00
6.770061850547790527e-01 -1.887731850147247314e-01 7.113559842109680176e-01 1.423530936241149902e+00 -7.359773516654968262e-01 -1.736474782228469849e-01 6.543576121330261230e-01 -1.426623821258544922e+00 0.000000000000000000e+00 -9.665460586547851562e-01 -2.564932107925415039e-01 1.452223658561706543e+00 0.000000000000000000e+00 0.000000000000000000e+00 0.000000000000000000e+00 1.000000000000000000e+00
4.517079293727874756e-01 -8.070147633552551270e-01 -3.803776502609252930e-01 -1.323655247688293457e+00 8.921658992767333984e-01 4.085954725742340088e-01 1.925870478153228760e-01 -2.592884540557861328e+00 2.775557561562891351e-17 -4.263530671596527100e-01 9.045568108558654785e-01 -6.425720453262329102e-01 0.000000000000000000e+00 0.000000000000000000e+00 0.000000000000000000e+00 1.000000000000000000e+00
9.573761224746704102e-01 1.912544220685958862e-01 -2.164549231529235840e-01 1.164565563201904297e+00 2.888442277908325195e-01 -6.339140534400939941e-01 7.174412608146667480e-01 3.578197956085205078e-01 0.000000000000000000e+00 -7.493829131126403809e-01 -6.621369123458862305e-01 2.607609033584594727e-01 0.000000000000000000e+00 0.000000000000000000e+00 0.000000000000000000e+00 1.000000000000000000e+00
3.609876930713653564e-01 9.538306295871734619e-02 -9.276798963546752930e-01 3.354992568492889404e-01 9.325705766677856445e-01 -3.692172095179557800e-02 3.590945303440093994e-01 -1.113170146942138672e+00 3.469446951953614189e-18 -9.947556853294372559e-01 -1.022797226905822754e-01 -4.933442473411560059e-01 0.000000000000000000e+00 0.000000000000000000e+00 0.000000000000000000e+00 1.000000000000000000e+00
1.997250318527221680e-01 1.541215032339096069e-01 9.676551222801208496e-01 1.140671133995056152e+00 -9.798519611358642578e-01 3.141487017273902893e-02 1.972389370203018188e-01 8.212039470672607422e-01 0.000000000000000000e+00 -9.875523447990417480e-01 1.572905927896499634e-01 -1.464291214942932129e-01 0.000000000000000000e+00 0.000000000000000000e+00 0.000000000000000000e+00 1.000000000000000000e+00
9.798784255981445312e-01 4.128820076584815979e-02 1.952782422304153442e-01 1.667727082967758179e-01 -1.995953619480133057e-01 2.026971876621246338e-01 9.586842656135559082e-01 -1.720585346221923828e+00 -1.387778780781445676e-17 -9.783706665039062500e-01 2.068595290184020996e-01 -6.880351305007934570e-01 0.000000000000000000e+00 0.000000000000000000e+00 0.000000000000000000e+00 1.000000000000000000e+00
-6.046698093414306641e-01 1.298389285802841187e-01 -7.858220338821411133e-01 7.950494289398193359e-01 7.964762449264526367e-01 9.857127815485000610e-02 -5.965813398361206055e-01 -1.935392498970031738e+00 0.000000000000000000e+00 -9.866232872009277344e-01 -1.630167067050933838e-01 5.604320764541625977e-01 0.000000000000000000e+00 0.000000000000000000e+00 0.000000000000000000e+00 1.000000000000000000e+00
9.340567588806152344e-01 -1.651711165904998779e-01 3.166330754756927490e-01 -1.093992114067077637e+00 -3.571246266365051270e-01 -4.320038259029388428e-01 8.281514048576354980e-01 6.007338166236877441e-01 -2.775557561562891351e-17 -8.866178393363952637e-01 -4.625027477741241455e-01 1.399010777473449707e+00 0.000000000000000000e+00 0.000000000000000000e+00 0.000000000000000000e+00 1.000000000000000000e+00
-8.221297264099121094e-01 -2.386177890002727509e-02 -5.687999129295349121e-01 5.132573843002319336e-01 5.693001747131347656e-01 -3.445893526077270508e-02 -8.214072585105895996e-01 -1.990841776132583618e-01 0.000000000000000000e+00 -9.991211891174316406e-01 4.191423207521438599e-02 1.211797356605529785e+00 0.000000000000000000e+00 0.000000000000000000e+00 0.000000000000000000e+00 1.000000000000000000e+00
8.838533163070678711e-01 2.300453782081604004e-01 4.072867333889007568e-01 1.157716751098632812e+00 -4.677641987800598145e-01 4.346770644187927246e-01 7.695794105529785156e-01 -1.479595899581909180e-02 0.000000000000000000e+00 -8.707094788551330566e-01 4.917977452278137207e-01 1.071401908993721008e-01 0.000000000000000000e+00 0.000000000000000000e+00 0.000000000000000000e+00 1.000000000000000000e+00
-7.268906235694885254e-01 -6.918247789144515991e-02 6.832596659660339355e-01 9.249797463417053223e-01 -6.867532134056091309e-01 7.322586327791213989e-02 -7.231929302215576172e-01 -2.463359385728836060e-01 0.000000000000000000e+00 -9.949129223823547363e-01 -1.007384881377220154e-01 1.360282421112060547e+00 0.000000000000000000e+00 0.000000000000000000e+00 0.000000000000000000e+00 1.000000000000000000e+00
-7.406730651855468750e-01 -1.641099154949188232e-01 -6.515146493911743164e-01 -7.656140923500061035e-01 6.718655824661254883e-01 -1.809168308973312378e-01 -7.182379364967346191e-01 -2.532336711883544922e+00 -1.387778780781445676e-17 -9.697097539901733398e-01 2.442600429058074951e-01 -4.430103003978729248e-01 0.000000000000000000e+00 0.000000000000000000e+00 0.000000000000000000e+00 1.000000000000000000e+00
7.387077063322067261e-02 4.162287414073944092e-01 9.062542319297790527e-01 -3.974209427833557129e-01 -9.972678422927856445e-01 3.083137609064579010e-02 6.712911278009414673e-02 -7.080774903297424316e-01 0.000000000000000000e+00 -9.087370634078979492e-01 4.173690676689147949e-01 1.543249964714050293e+00 0.000000000000000000e+00 0.000000000000000000e+00 0.000000000000000000e+00 1.000000000000000000e+00
-5.714483857154846191e-01 2.449632436037063599e-02 -8.202723264694213867e-01 1.379470467567443848e+00 8.206380009651184082e-01 1.705792918801307678e-02 -5.711937546730041504e-01 -2.462006807327270508e+00 1.734723475976807094e-18 -9.995543956756591797e-01 -2.985034137964248657e-02 4.464704394340515137e-01 0.000000000000000000e+00 0.000000000000000000e+00 0.000000000000000000e+00 1.000000000000000000e+00
-2.141411602497100830e-01 3.950543105602264404e-01 8.933507800102233887e-01 1.111662864685058594e+00 -9.768027067184448242e-01 -8.660641312599182129e-02 -1.958462744951248169e-01 -6.415138244628906250e-01 0.000000000000000000e+00 -9.145662784576416016e-01 4.044361114501953125e-01 1.043927311897277832e+00 0.000000000000000000e+00 0.000000000000000000e+00 0.000000000000000000e+00 1.000000000000000000e+00
6.662849187850952148e-01 -5.168074369430541992e-01 5.375634431838989258e-01 -1.021713256835937500e+00 -7.456972599029541016e-01 -4.617705345153808594e-01 4.803161323070526123e-01 1.034141778945922852e+00 0.000000000000000000e+00 -7.208869457244873047e-01 -6.930526494979858398e-01 -2.845167517662048340e-01 0.000000000000000000e+00 0.000000000000000000e+00 0.000000000000000000e+00 1.000000000000000000e+00
-1.215199306607246399e-01 6.477093100547790527e-01 7.521340250968933105e-01 -9.875637888908386230e-01 -9.925889968872070312e-01 -7.929725944995880127e-02 -9.208168834447860718e-02 9.675466418266296387e-01 -6.938893903907228378e-18 -7.577496767044067383e-01 6.525453329086303711e-01 1.381042122840881348e+00 0.000000000000000000e+00 0.000000000000000000e+00 0.000000000000000000e+00 1.000000000000000000e+00
9.855566620826721191e-01 1.850035041570663452e-03 1.693359315395355225e-01 -1.089378237724304199e+00 -1.693460345268249512e-01 1.076679583638906479e-02 9.854978322982788086e-01 6.368063688278198242e-01 0.000000000000000000e+00 -9.999403357505798340e-01 1.092458423227071762e-02 3.920479714870452881e-01 0.000000000000000000e+00 0.000000000000000000e+00 0.000000000000000000e+00 1.000000000000000000e+00
9.794984459877014160e-01 3.849717602133750916e-02 1.977392286062240601e-01 1.657395005226135254e+00 -2.014518231153488159e-01 1.871808469295501709e-01 9.614470601081848145e-01 9.848060607910156250e-01 -1.387778780781445676e-17 -9.815708398818969727e-01 1.910986751317977905e-01 9.209890365600585938e-01 0.000000000000000000e+00 0.000000000000000000e+00 0.000000000000000000e+00 1.000000000000000000e+00
-5.486633777618408203e-01 6.916499137878417969e-01 -4.696689546108245850e-01 -1.180845141410827637e+00 8.360433578491210938e-01 4.539034366607666016e-01 -3.082258403301239014e-01 -1.432066857814788818e-01 2.775557561562891351e-17 -5.617758631706237793e-01 -8.272894620895385742e-01 -4.621769487857818604e-01 0.000000000000000000e+00 0.000000000000000000e+00 0.000000000000000000e+00 1.000000000000000000e+00
9.372369647026062012e-01 5.997782945632934570e-02 -3.434960842132568359e-01 -1.160547435283660889e-01 3.486931324005126953e-01 -1.612117737531661987e-01 9.232680201530456543e-01 -1.650628089904785156e+00 0.000000000000000000e+00 -9.850956201553344727e-01 -1.720074862241744995e-01 9.945618510246276855e-01 0.000000000000000000e+00 0.000000000000000000e+00 0.000000000000000000e+00 1.000000000000000000e+00
-4.939844310283660889e-01 6.754683852195739746e-01 5.474686026573181152e-01 2.289789170026779175e-01 -8.694707751274108887e-01 -3.837631940841674805e-01 -3.110408782958984375e-01 -2.470130473375320435e-01 2.775557561562891351e-17 -6.296572685241699219e-01 7.768730521202087402e-01 9.636898040771484375e-01 0.000000000000000000e+00 0.000000000000000000e+00 0.000000000000000000e+00 1.000000000000000000e+00
-9.955646395683288574e-01 -1.560773886740207672e-02 -9.277629852294921875e-02 1.784537315368652344e+00 9.407998621463775635e-02 -1.651628017425537109e-01 -9.817689061164855957e-01 -7.171306014060974121e-01 1.387778780781445676e-17 -9.861428141593933105e-01 1.658986210823059082e-01 1.169824242591857910e+00 0.000000000000000000e+00 0.000000000000000000e+00 0.000000000000000000e+00 1.000000000000000000e+00
-9.933986663818359375e-01 -1.500038057565689087e-02 1.137283295392990112e-01 -9.854306578636169434e-01 -1.147133111953735352e-01 1.299008578062057495e-01 -9.848688244819641113e-01 -5.090917944908142090e-01 1.387778780781445676e-17 -9.914135336875915527e-01 -1.307640820741653442e-01 1.299163103103637695e+00 0.000000000000000000e+00 0.000000000000000000e+00 0.000000000000000000e+00 1.000000000000000000e+00
3.432105481624603271e-01 -7.099552750587463379e-01 6.149553060531616211e-01 7.079627513885498047e-01 -9.392585158348083496e-01 -2.594217956066131592e-01 2.247082740068435669e-01 2.811605930328369141e-01 0.000000000000000000e+00 -6.547242999076843262e-01 -7.558677792549133301e-01 -2.970744371414184570e-01 0.000000000000000000e+00 0.000000000000000000e+00 0.000000000000000000e+00 1.000000000000000000e+00
2.231314778327941895e-01 3.690561354160308838e-01 -9.022249579429626465e-01 -1.247233629226684570e+00 9.747883677482604980e-01 -8.447786420583724976e-02 2.065215408802032471e-01 -2.683672666549682617e+00 0.000000000000000000e+00 -9.255598783493041992e-01 -3.786012828350067139e-01 1.396645009517669678e-01 0.000000000000000000e+00 0.000000000000000000e+00 0.000000000000000000e+00 1.000000000000000000e+00
6.351867914199829102e-01 3.547662496566772461e-01 6.860602498054504395e-01 1.687125086784362793e+00 -7.723585367202758789e-01 2.917593717575073242e-01 5.642151832580566406e-01 9.658788889646530151e-02 0.000000000000000000e+00 -8.882665038108825684e-01 4.593284428119659424e-01 6.429396271705627441e-01 0.000000000000000000e+00 0.000000000000000000e+00 0.000000000000000000e+00 1.000000000000000000e+00
9.468262791633605957e-01 1.903320997953414917e-01 -2.594101727008819580e-01 9.841728955507278442e-03 3.217451572418212891e-01 -5.601061582565307617e-01 7.633879780769348145e-01 -2.185461759567260742e+00 -5.551115123125782702e-17 -8.062597513198852539e-01 -5.915616750717163086e-01 1.280113935470581055e+00 0.000000000000000000e+00 0.000000000000000000e+00 0.000000000000000000e+00 1.000000000000000000e+00
2.892911434173583984e-01 -7.168946862220764160e-01 -6.343284845352172852e-01 1.306596398353576660e+00 9.572411775588989258e-01 2.166552096605300903e-01 1.917025893926620483e-01 9.271934032440185547e-01 -1.387778780781445676e-17 -6.626631617546081543e-01 7.489175796508789062e-01 3.606794774532318115e-01 0.000000000000000000e+00 0.000000000000000000e+00 0.000000000000000000e+00 1.000000000000000000e+00
9.998037219047546387e-01 -1.749245077371597290e-02 -9.301039390265941620e-03 1.520743131637573242e+00 1.981149055063724518e-02 8.827714323997497559e-01 4.693848788738250732e-01 1.581473708152770996e+00 1.110223024625156540e-16 -4.694769978523254395e-01 8.829447031021118164e-01 1.150191307067871094e+00 0.000000000000000000e+00 0.000000000000000000e+00 0.000000000000000000e+00 1.000000000000000000e+00
-4.808855429291725159e-02 -2.891153395175933838e-01 9.560856819152832031e-01 -1.179430246353149414e+00 -9.988430738449096680e-01 1.391924265772104263e-02 -4.603003337979316711e-02 1.136869311332702637e+00 8.673617379884035472e-19 -9.571930766105651855e-01 -2.894502282142639160e-01 8.534687161445617676e-01 0.000000000000000000e+00 0.000000000000000000e+00 0.000000000000000000e+00 1.000000000000000000e+00
-9.942842125892639160e-01 4.923281818628311157e-02 -9.473670274019241333e-02 1.750343561172485352e+00 1.067656949162483215e-01 4.584938585758209229e-01 -8.822609782218933105e-01 -6.491450667381286621e-01 2.775557561562891351e-17 -8.873327970504760742e-01 -4.611295759677886963e-01 1.946538537740707397e-01 0.000000000000000000e+00 0.000000000000000000e+00 0.000000000000000000e+00 1.000000000000000000e+00
-4.311847984790802002e-01 -3.922600150108337402e-01 8.125341534614562988e-01 9.893274307250976562e-02 -9.022636413574218750e-01 1.874580085277557373e-01 -3.883037865161895752e-01 3.541435599327087402e-01 0.000000000000000000e+00 -9.005507230758666992e-01 -4.347509741783142090e-01 9.841675758361816406e-01 0.000000000000000000e+00 0.000000000000000000e+00 0.000000000000000000e+00 1.000000000000000000e+00
8.943798542022705078e-01 3.245548903942108154e-01 -3.078128695487976074e-01 -6.802159547805786133e-02 4.473082125186920166e-01 -6.489381194114685059e-01 6.154629588127136230e-01 -8.846324682235717773e-01 0.000000000000000000e+00 -6.881449222564697266e-01 -7.255733013153076172e-01 9.793506264686584473e-01 0.000000000000000000e+00 0.000000000000000000e+00 0.000000000000000000e+00 1.000000000000000000e+00
1.658940464258193970e-01 -4.585682749748229980e-01 -8.730373978614807129e-01 1.497990369796752930e+00 9.861435890197753906e-01 7.714266330003738403e-02 1.468667536973953247e-01 -2.568813323974609375e+00 0.000000000000000000e+00 -8.853045701980590820e-01 4.650116562843322754e-01 -6.844870746135711670e-02 0.000000000000000000e+00 0.000000000000000000e+00 0.000000000000000000e+00 1.000000000000000000e+00
8.628873527050018311e-02 -4.014585316181182861e-01 -9.118033051490783691e-01 -8.218593597412109375e-01 9.962701797485351562e-01 3.477104008197784424e-02 7.897291332483291626e-02 -4.253404438495635986e-01 -3.469446951953614189e-18 -9.152169227600097656e-01 4.029614925384521484e-01 -3.492691218852996826e-01 0.000000000000000000e+00 0.000000000000000000e+00 0.000000000000000000e+00 1.000000000000000000e+00
-3.354955017566680908e-01 7.466994971036911011e-02 9.390778541564941406e-01 -1.045565366744995117e+00 -9.420418143272399902e-01 -2.659269608557224274e-02 -3.344399333000183105e-01 -1.161000847816467285e+00 1.734723475976807094e-18 -9.968536496162414551e-01 7.926394045352935791e-02 1.473355412483215332e+00 0.000000000000000000e+00 0.000000000000000000e+00 0.000000000000000000e+00 1.000000000000000000e+00
7.841356396675109863e-01 -6.865611672401428223e-02 -6.167801022529602051e-01 1.641190171241760254e+00 6.205894947052001953e-01 8.674930036067962646e-02 7.793222665786743164e-01 -1.864258527755737305e+00 -6.938893903907228378e-18 -9.938616156578063965e-01 1.106304824352264404e-01 6.708354949951171875e-01 0.000000000000000000e+00 0.000000000000000000e+00 0.000000000000000000e+00 1.000000000000000000e+00
4.234989881515502930e-01 -5.167634487152099609e-01 -7.440457940101623535e-01 1.293979644775390625e+00 9.058966040611267090e-01 2.415825277566909790e-01 3.478351235389709473e-01 -1.751286625862121582e+00 1.387778780781445676e-17 -8.213363885879516602e-01 5.704441666603088379e-01 1.588056087493896484e+00 0.000000000000000000e+00 0.000000000000000000e+00 0.000000000000000000e+00 1.000000000000000000e+00
-8.333977460861206055e-01 2.621724903583526611e-01 4.865324199199676514e-01 -6.225970387458801270e-01 -5.526736974716186523e-01 -3.953399062156677246e-01 -7.336608171463012695e-01 -1.921632409095764160e+00 2.775557561562891351e-17 -8.803249001502990723e-01 4.743712246417999268e-01 7.830828428268432617e-01 0.000000000000000000e+00 0.000000000000000000e+00 0.000000000000000000e+00 1.000000000000000000e+00
7.305641174316406250e-01 -2.014656811952590942e-01 6.524474024772644043e-01 -4.462812468409538269e-02 -6.828441023826599121e-01 -2.155449688434600830e-01 6.980432271957397461e-01 1.096892714500427246e+00 1.387778780781445676e-17 -9.554851651191711426e-01 -2.950390875339508057e-01 5.644882321357727051e-01 0.000000000000000000e+00 0.000000000000000000e+00 0.000000000000000000e+00 1.000000000000000000e+00
-8.471996784210205078e-01 -9.940961003303527832e-02 -5.218911767005920410e-01 1.518263459205627441e+00 5.312745571136474609e-01 -1.585240513086318970e-01 -8.322364091873168945e-01 -1.820454478263854980e+00 0.000000000000000000e+00 -9.823379516601562500e-01 1.871153265237808228e-01 1.048934102058410645e+00 0.000000000000000000e+00 0.000000000000000000e+00 0.000000000000000000e+00 1.000000000000000000e+00
8.247208595275878906e-01 5.073229670524597168e-01 2.499178498983383179e-01 1.737580418586730957e+00 -5.655400753021240234e-01 7.398235201835632324e-01 3.644524514675140381e-01 -1.434272408485412598e+00 0.000000000000000000e+00 -4.419100880622863770e-01 8.970593214035034180e-01 7.633822560310363770e-01 0.000000000000000000e+00 0.000000000000000000e+00 0.000000000000000000e+00 1.000000000000000000e+00
-9.807075262069702148e-01 -1.730477064847946167e-01 -9.092417359352111816e-02 1.883792430162429810e-01 1.954807341098785400e-01 -8.681632876396179199e-01 -4.561575949192047119e-01 1.345520377159118652e+00 -5.551115123125782702e-17 -4.651311337947845459e-01 8.852418065071105957e-01 1.337211132049560547e+00 0.000000000000000000e+00 0.000000000000000000e+00 0.000000000000000000e+00 1.000000000000000000e+00
1.104466989636421204e-01 -1.002623736858367920e-01 -9.888119101524353027e-01 -3.945501148700714111e-01 9.938820600509643555e-01 1.114181336015462875e-02 1.098832711577415466e-01 -1.044887781143188477e+00 8.673617379884035472e-19 -9.948986172676086426e-01 1.008795499801635742e-01 8.883315324783325195e-01 0.000000000000000000e+00 0.000000000000000000e+00 0.000000000000000000e+00 1.000000000000000000e+00
-4.291571080684661865e-01 3.369520306587219238e-01 -8.380259275436401367e-01 -1.044009804725646973e+00 9.032298326492309570e-01 1.600980758666992188e-01 -3.981763720512390137e-01 7.943537831306457520e-01 -2.775557561562891351e-17 -9.278103113174438477e-01 -3.730523586273193359e-01 -5.482315421104431152e-01 0.000000000000000000e+00 0.000000000000000000e+00 0.000000000000000000e+00 1.000000000000000000e+00
-9.972560405731201172e-01 -3.975818306207656860e-02 -6.244783475995063782e-02 -1.464150428771972656e+00 7.403002679347991943e-02 -5.355811119079589844e-01 -8.412326574325561523e-01 6.664068102836608887e-01 -5.551115123125782702e-17 -8.435473442077636719e-01 5.370547771453857422e-01 7.109807133674621582e-01 0.000000000000000000e+00 0.000000000000000000e+00 0.000000000000000000e+00 1.000000000000000000e+00
-2.175985425710678101e-01 -3.688304722309112549e-01 9.036675095558166504e-01 1.098097801208496094e+00 -9.760383367538452148e-01 8.222727477550506592e-02 -2.014641463756561279e-01 -1.512335300445556641e+00 -6.938893903907228378e-18 -9.258524179458618164e-01 -3.778852224349975586e-01 -4.789142012596130371e-01 0.000000000000000000e+00 0.000000000000000000e+00 0.000000000000000000e+00 1.000000000000000000e+00
4.807924628257751465e-01 1.673786491155624390e-01 8.607107400894165039e-01 4.583732783794403076e-01 -8.768344521522521973e-01 9.177832305431365967e-02 4.719513952732086182e-01 -8.011659979820251465e-01 -6.938893903907228378e-18 -9.816114902496337891e-01 1.908896863460540771e-01 1.247248172760009766e+00 0.000000000000000000e+00 0.000000000000000000e+00 0.000000000000000000e+00 1.000000000000000000e+00
7.742401361465454102e-01 -1.929691880941390991e-01 -6.027562618255615234e-01 1.301080346107482910e+00 6.328919529914855957e-01 2.360663563013076782e-01 7.373740077018737793e-01 7.697594165802001953e-01 1.387778780781445676e-17 -9.523841738700866699e-01 3.049007058143615723e-01 -5.606048181653022766e-02 0.000000000000000000e+00 0.000000000000000000e+00 0.000000000000000000e+00 1.000000000000000000e+00
1.312165707349777222e-01 -9.163678884506225586e-01 3.782222270965576172e-01 1.208407759666442871e+00 -9.913537502288818359e-01 -1.212913766503334045e-01 5.006187409162521362e-02 5.037879347801208496e-01 0.000000000000000000e+00 -3.815209567546844482e-01 -9.243602156639099121e-01 -2.348425984382629395e-01 0.000000000000000000e+00 0.000000000000000000e+00 0.000000000000000000e+00 1.000000000000000000e+00
4.425874948501586914e-01 2.784807384014129639e-01 8.523876667022705078e-01 -2.317422032356262207e-01 -8.967252969741821289e-01 1.374468803405761719e-01 4.207042455673217773e-01 -1.517208456993103027e+00 0.000000000000000000e+00 -9.505560398101806641e-01 3.105530142784118652e-01 2.508559525012969971e-01 0.000000000000000000e+00 0.000000000000000000e+00 0.000000000000000000e+00 1.000000000000000000e+00
7.400041222572326660e-01 3.865743577480316162e-01 5.504127144813537598e-01 1.453770279884338379e+00 -6.726023554801940918e-01 4.253131449222564697e-01 6.055698394775390625e-01 -1.924151659011840820e+00 0.000000000000000000e+00 -8.183330297470092773e-01 5.747442841529846191e-01 8.426507562398910522e-02 0.000000000000000000e+00 0.000000000000000000e+00 0.000000000000000000e+00 1.000000000000000000e+00
7.370473742485046387e-01 -3.170236051082611084e-01 5.968728065490722656e-01 -5.959855318069458008e-01 -6.758410334587097168e-01 -3.457342982292175293e-01 6.509275436401367188e-01 5.843698382377624512e-01 2.775557561562891351e-17 -8.831555843353271484e-01 -4.690801203250885010e-01 1.083499193191528320e+00 0.000000000000000000e+00 0.000000000000000000e+00 0.000000000000000000e+00 1.000000000000000000e+00
9.974139332771301270e-01 -2.931176684796810150e-02 6.562186032533645630e-02 -5.294243097305297852e-01 -7.187077403068542480e-02 -4.067851901054382324e-01 9.106922745704650879e-01 -1.315552234649658203e+00 2.775557561562891351e-17 -9.130534529685974121e-01 -4.078398644924163818e-01 -4.375862330198287964e-02 0.000000000000000000e+00 0.000000000000000000e+00 0.000000000000000000e+00 1.000000000000000000e+00
-8.684187531471252441e-01 1.648277789354324341e-01 4.676330387592315674e-01 1.505185961723327637e+00 -4.958314895629882812e-01 -2.886858582496643066e-01 -8.190308809280395508e-01 4.708513617515563965e-01 0.000000000000000000e+00 -9.431290030479431152e-01 3.324269950389862061e-01 1.274719357490539551e+00 0.000000000000000000e+00 0.000000000000000000e+00 0.000000000000000000e+00 1.000000000000000000e+00
-5.683613419532775879e-01 6.847996115684509277e-01 4.560865461826324463e-01 1.143909454345703125e+00 -8.227790594100952148e-01 -4.730475246906280518e-01 -3.150565624237060547e-01 -8.538925051689147949e-01 2.775557561562891351e-17 -5.543244481086730957e-01 8.323006629943847656e-01 -4.553673863410949707e-01 0.000000000000000000e+00 0.000000000000000000e+00 0.000000000000000000e+00 1.000000000000000000e+00
8.918890357017517090e-01 -1.961048692464828491e-01 -4.075252711772918701e-01 -8.026145696640014648e-01 4.522542953491210938e-01 3.867377042770385742e-01 8.036790490150451660e-01 1.145842432975769043e+00 -2.775557561562891351e-17 -9.010975956916809082e-01 4.336163699626922607e-01 7.158490419387817383e-01 0.000000000000000000e+00 0.000000000000000000e+00 0.000000000000000000e+00 1.000000000000000000e+00
5.289414431899785995e-03 7.925993204116821289e-01 -6.097198724746704102e-01 6.697117686271667480e-01 9.999859929084777832e-01 -4.192444961518049240e-03 3.225106280297040939e-03 1.747387461364269257e-02 0.000000000000000000e+00 -6.097284555435180664e-01 -7.926104068756103516e-01 1.092794179916381836e+00 0.000000000000000000e+00 0.000000000000000000e+00 0.000000000000000000e+00 1.000000000000000000e+00
-9.696377515792846680e-01 -1.213245466351509094e-01 2.123274654150009155e-01 5.344831347465515137e-01 -2.445456981658935547e-01 4.810588061809539795e-01 -8.418906331062316895e-01 -2.059569835662841797e+00 0.000000000000000000e+00 -8.682526946067810059e-01 -4.961221814155578613e-01 -1.680644601583480835e-01 0.000000000000000000e+00 0.000000000000000000e+00 0.000000000000000000e+00 1.000000000000000000e+00
4.502479434013366699e-01 -1.991425603628158569e-01 -8.704131245613098145e-01 6.903364062309265137e-01 8.929035663604736328e-01 1.004179343581199646e-01 4.389071166515350342e-01 -1.857994556427001953e+00 0.000000000000000000e+00 -9.748120307922363281e-01 2.230280786752700806e-01 7.211384177207946777e-01 0.000000000000000000e+00 0.000000000000000000e+00 0.000000000000000000e+00 1.000000000000000000e+00
-9.733980894088745117e-01 1.797842606902122498e-02 -2.284139394760131836e-01 -4.134487211704254150e-01 2.291203886270523071e-01 7.637978345155715942e-02 -9.703968167304992676e-01 5.899946093559265137e-01 0.000000000000000000e+00 -9.969167113304138184e-01 -7.846716046333312988e-02 -4.476737678050994873e-01 0.000000000000000000e+00 0.000000000000000000e+00 0.000000000000000000e+00 1.000000000000000000e+00
4.634478986263275146e-01 1.598079316318035126e-02 -8.859800696372985840e-01 -4.955708384513854980e-01 8.861241936683654785e-01 -8.358044549822807312e-03 4.633725285530090332e-01 9.811289906501770020e-01 -8.673617379884035472e-19 -9.998373389244079590e-01 -1.803448610007762909e-02 2.931331843137741089e-02 0.000000000000000000e+00 0.000000000000000000e+00 0.000000000000000000e+00 1.000000000000000000e+00
9.374757409095764160e-01 1.917670816183090210e-01 -2.904558479785919189e-01 8.637567758560180664e-01 3.480505943298339844e-01 -5.165254473686218262e-01 7.823440432548522949e-01 9.856176376342773438e-01 0.000000000000000000e+00 -8.345219492912292480e-01 -5.509747266769409180e-01 6.391680240631103516e-01 0.000000000000000000e+00 0.000000000000000000e+00 0.000000000000000000e+00 1.000000000000000000e+00
-7.373698949813842773e-01 6.379488706588745117e-01 -2.220513820648193359e-01 -6.032924652099609375e-01 6.754891276359558105e-01 6.963906288146972656e-01 -2.423932403326034546e-01 -2.006338983774185181e-01 0.000000000000000000e+00 -3.287267982959747314e-01 -9.444250464439392090e-01 1.928572356700897217e-01 0.000000000000000000e+00 0.000000000000000000e+00 0.000000000000000000e+00 1.000000000000000000e+00
-5.652031898498535156e-01 -6.729193925857543945e-01 4.772052168846130371e-01 -4.168780148029327393e-01 -8.249517083168029785e-01 4.610405564308166504e-01 -3.269499242305755615e-01 -1.707679480314254761e-01 0.000000000000000000e+00 -5.784643888473510742e-01 -8.157076239585876465e-01 1.256595730781555176e+00 0.000000000000000000e+00 0.000000000000000000e+00 0.000000000000000000e+00 1.000000000000000000e+00
-5.095724463462829590e-01 -8.524985611438751221e-02 8.561941385269165039e-01 -1.831159442663192749e-01 -8.604277968406677246e-01 5.048765242099761963e-02 -5.070651173591613770e-01 -2.290892601013183594e+00 3.469446951953614189e-18 -9.950796365737915039e-01 -9.907846152782440186e-02 1.456875562667846680e+00 0.000000000000000000e+00 0.000000000000000000e+00 0.000000000000000000e+00 1.000000000000000000e+00
-9.323060512542724609e-01 -2.641224563121795654e-01 -2.470723688602447510e-01 1.490610241889953613e+00 3.616703152656555176e-01 -6.808492541313171387e-01 -6.368978619575500488e-01 -6.872482895851135254e-01 -5.551115123125782702e-17 -6.831424832344055176e-01 7.302851080894470215e-01 -6.596218943595886230e-01 0.000000000000000000e+00 0.000000000000000000e+00 0.000000000000000000e+00 1.000000000000000000e+00
-9.874014258384704590e-01 -5.515908077359199524e-02 1.483101546764373779e-01 8.198480010032653809e-01 -1.582353413105010986e-01 3.441971540451049805e-01 -9.254673719406127930e-01 -2.439949274063110352e+00 0.000000000000000000e+00 -9.372757077217102051e-01 -3.485888838768005371e-01 1.200014352798461914e+00 0.000000000000000000e+00 0.000000000000000000e+00 0.000000000000000000e+00 1.000000000000000000e+00
1.539154350757598877e-01 6.051743030548095703e-01 -7.810723781585693359e-01 -2.289288491010665894e-01 9.880840182304382324e-01 -9.426897019147872925e-02 1.216688975691795349e-01 -3.333906531333923340e-01 1.387778780781445676e-17 -7.904918789863586426e-01 -6.124725341796875000e-01 -7.368516325950622559e-01 0.000000000000000000e+00 0.000000000000000000e+00 0.000000000000000000e+00 1.000000000000000000e+00
-9.047418236732482910e-01 3.018047511577606201e-01 3.005929887294769287e-01 8.252332210540771484e-01 -4.259603917598724365e-01 -6.410346627235412598e-01 -6.384608745574951172e-01 -4.622041434049606323e-02 0.000000000000000000e+00 -7.056829333305358887e-01 7.085277438163757324e-01 5.415477156639099121e-01 0.000000000000000000e+00 0.000000000000000000e+00 0.000000000000000000e+00 1.000000000000000000e+00
-3.094283044338226318e-01 8.701791167259216309e-01 -3.834610581398010254e-01 -7.649146020412445068e-02 9.509227871894836426e-01 2.831544876098632812e-01 -1.247774288058280945e-01 1.078495264053344727e+00 2.775557561562891351e-17 -4.032515287399291992e-01 -9.150891900062561035e-01 2.161304354667663574e-01 0.000000000000000000e+00 0.000000000000000000e+00 0.000000000000000000e+00 1.000000000000000000e+00
9.791218042373657227e-01 -2.479413338005542755e-02 2.017565667629241943e-01 -6.021900177001953125e-01 -2.032743543386459351e-01 -1.194271519780158997e-01 9.718110561370849609e-01 -1.441937208175659180e+00 6.938893903907228378e-18 -9.925333261489868164e-01 -1.219737455248832703e-01 1.205006957054138184e+00 0.000000000000000000e+00 0.000000000000000000e+00 0.000000000000000000e+00 1.000000000000000000e+00
-9.714243412017822266e-01 -1.807629019021987915e-01 -1.538165807723999023e-01 1.533482432365417480e+00 2.373494654893875122e-01 -7.398267388343811035e-01 -6.295408010482788086e-01 2.424875795841217041e-01 5.551115123125782702e-17 -6.480595469474792480e-01 7.615897059440612793e-01 7.742970585823059082e-01 0.000000000000000000e+00 0.000000000000000000e+00 0.000000000000000000e+00 1.000000000000000000e+00
-9.906204938888549805e-01 -1.211353689432144165e-01 6.322420388460159302e-02 -1.589233160018920898e+00 -1.366421580314636230e-01 8.782002925872802734e-01 -4.583592116832733154e-01 8.785513043403625488e-01 5.551115123125782702e-17 -4.626991152763366699e-01 -8.865153789520263672e-01 1.091103315353393555e+00 0.000000000000000000e+00 0.000000000000000000e+00 0.000000000000000000e+00 1.000000000000000000e+00
-1.383385211229324341e-01 7.552937865257263184e-01 6.406198143959045410e-01 -1.726315021514892578e-01 -9.903849959373474121e-01 -1.055006161332130432e-01 -8.948277682065963745e-02 -1.273338675498962402e+00 -6.938893903907228378e-18 -6.468392014503479004e-01 7.626264095306396484e-01 4.407828152179718018e-01 0.000000000000000000e+00 0.000000000000000000e+00 0.000000000000000000e+00 1.000000000000000000e+00
-9.834139943122863770e-01 1.101675853133201599e-01 -1.440833359956741333e-01 1.701374530792236328e+00 1.813750416040420532e-01 5.973277688026428223e-01 -7.812187075614929199e-01 -2.474577903747558594e+00 0.000000000000000000e+00 -7.943944931030273438e-01 -6.074021458625793457e-01 -2.022187113761901855e-01 0.000000000000000000e+00 0.000000000000000000e+00 0.000000000000000000e+00 1.000000000000000000e+00
5.730676651000976562e-01 3.444200456142425537e-01 -7.436183691024780273e-01 -2.771417498588562012e-01 8.195080757141113281e-01 -2.408469021320343018e-01 5.199993252754211426e-01 -2.717673301696777344e+00 0.000000000000000000e+00 -9.073960781097412109e-01 -4.202765524387359619e-01 1.522797107696533203e+00 0.000000000000000000e+00 0.000000000000000000e+00 0.000000000000000000e+00 1.000000000000000000e+00
-7.438963651657104492e-01 -5.293317884206771851e-02 -6.661953330039978027e-01 -3.949235379695892334e-01 6.682949662208557129e-01 -5.892128869891166687e-02 -7.415592670440673828e-01 8.186939954757690430e-01 3.469446951953614189e-18 -9.968582391738891602e-01 7.920631021261215210e-02 5.370709896087646484e-01 0.000000000000000000e+00 0.000000000000000000e+00 0.000000000000000000e+00 1.000000000000000000e+00
9.346646070480346680e-01 -3.452510237693786621e-01 -8.487493544816970825e-02 -6.109254360198974609e-01 3.555306196212768555e-01 9.076402783393859863e-01 2.231301516294479370e-01 2.006578594446182251e-01 5.551115123125782702e-17 -2.387274950742721558e-01 9.710866212844848633e-01 -3.825568035244941711e-02 0.000000000000000000e+00 0.000000000000000000e+00 0.000000000000000000e+00 1.000000000000000000e+00
4.558649063110351562e-01 5.353739857673645020e-01 -7.110287547111511230e-01 3.098770081996917725e-01 8.900489807128906250e-01 -2.742075920104980469e-01 3.641743957996368408e-01 -2.222466230392456055e+00 -2.775557561562891351e-17 -7.988647818565368652e-01 -6.015107035636901855e-01 7.479975819587707520e-01 0.000000000000000000e+00 0.000000000000000000e+00 0.000000000000000000e+00 1.000000000000000000e+00
5.577124953269958496e-01 -6.048800349235534668e-01 5.683985352516174316e-01 -1.614250659942626953e+00 -8.300341963768005371e-01 -4.064280092716217041e-01 3.819155395030975342e-01 -4.276601970195770264e-01 0.000000000000000000e+00 -6.847892999649047852e-01 -7.287411093711853027e-01 1.585353612899780273e+00 0.000000000000000000e+00 0.000000000000000000e+00 0.000000000000000000e+00 1.000000000000000000e+00
2.702755331993103027e-01 8.228177428245544434e-01 4.999220967292785645e-01 4.274912476539611816e-01 -9.627830386161804199e-01 2.309840172529220581e-01 1.403397321701049805e-01 5.583545938134193420e-02 -1.387778780781445676e-17 -5.192469358444213867e-01 8.546242713928222656e-01 3.202337026596069336e-01 0.000000000000000000e+00 0.000000000000000000e+00 0.000000000000000000e+00 1.000000000000000000e+00
3.870577216148376465e-01 -5.165012478828430176e-01 7.638146281242370605e-01 -6.981384754180908203e-01 -9.220554828643798828e-01 -2.168153822422027588e-01 3.206318318843841553e-01 -3.086432218551635742e-01 1.387778780781445676e-17 -8.283824920654296875e-01 -5.601629018783569336e-01 1.209513664245605469e+00 0.000000000000000000e+00 0.000000000000000000e+00 0.000000000000000000e+00 1.000000000000000000e+00
-9.647792577743530273e-01 -2.040393091738224030e-02 -2.622682452201843262e-01 -2.440487779676914215e-02 2.630607485771179199e-01 -7.483172416687011719e-02 -9.618727564811706543e-01 1.366117477416992188e+00 0.000000000000000000e+00 -9.969874024391174316e-01 7.756356894969940186e-02 9.865981936454772949e-01 0.000000000000000000e+00 0.000000000000000000e+00 0.000000000000000000e+00 1.000000000000000000e+00
-9.588178992271423340e-01 -9.715902060270309448e-02 2.668864130973815918e-01 2.195239305496215820e+00 -2.840215563774108887e-01 3.279955685138702393e-01 -9.009720683097839355e-01 -1.482995390892028809e+00 0.000000000000000000e+00 -9.396696090698242188e-01 -3.420832753181457520e-01 1.388162255287170410e+00 0.000000000000000000e+00 0.000000000000000000e+00 0.000000000000000000e+00 1.000000000000000000e+00
-5.259623527526855469e-01 1.223010942339897156e-01 8.416686058044433594e-01 5.462625026702880859e-01 -8.505078554153442383e-01 -7.563219219446182251e-02 -5.204961299896240234e-01 7.317981123924255371e-01 6.938893903907228378e-18 -9.896070957183837891e-01 1.437977254390716553e-01 1.083749175071716309e+00 0.000000000000000000e+00 0.000000000000000000e+00 0.000000000000000000e+00 1.000000000000000000e+00
9.798520803451538086e-01 -1.104176044464111328e-01 -1.664266139268875122e-01 1.367457985877990723e+00 1.997244656085968018e-01 5.417109131813049316e-01 8.164921402931213379e-01 2.456202916800975800e-02 5.551115123125782702e-17 -8.332810401916503906e-01 5.528496503829956055e-01 -4.160546511411666870e-02 0.000000000000000000e+00 0.000000000000000000e+00 0.000000000000000000e+00 1.000000000000000000e+00
-9.245513081550598145e-01 3.149394094944000244e-01 -2.145182937383651733e-01 -8.795667290687561035e-01 3.810576498508453369e-01 7.641301155090332031e-01 -5.204807519912719727e-01 -2.392286777496337891e+00 0.000000000000000000e+00 -5.629549622535705566e-01 -8.264876008033752441e-01 8.820402622222900391e-01 0.000000000000000000e+00 0.000000000000000000e+00 0.000000000000000000e+00 1.000000000000000000e+00
-7.599682807922363281e-01 1.814942108467221260e-03 -6.499576568603515625e-01 5.865488648414611816e-01 6.499601602554321289e-01 2.122127683833241463e-03 -7.599653005599975586e-01 -1.314589500427246094e+00 0.000000000000000000e+00 -9.999961256980895996e-01 -2.792389830574393272e-03 1.124621252529323101e-03 0.000000000000000000e+00 0.000000000000000000e+00 0.000000000000000000e+00 1.000000000000000000e+00
-3.145084381103515625e-01 4.098518490791320801e-01 -8.562160134315490723e-01 -7.699711918830871582e-01 9.492546916007995605e-01 1.357927024364471436e-01 -2.836827337741851807e-01 -1.682439208030700684e+00 0.000000000000000000e+00 -9.019876718521118164e-01 -4.317617416381835938e-01 1.338637471199035645e-01 0.000000000000000000e+00 0.000000000000000000e+00 0.000000000000000000e+00 1.000000000000000000e+00
9.603469967842102051e-01 -1.901026070117950439e-01 -2.039477378129959106e-01 -1.395210266113281250e+00 2.788076102733612061e-01 6.548044681549072266e-01 7.024937272071838379e-01 -1.273176193237304688e+00 5.551115123125782702e-17 -7.314999103546142578e-01 6.818415522575378418e-01 9.875199794769287109e-01 0.000000000000000000e+00 0.000000000000000000e+00 0.000000000000000000e+00 1.000000000000000000e+00
-1.689008325338363647e-01 4.018879681825637817e-02 9.848133921623229980e-01 1.656147003173828125e+00 -9.856330752372741699e-01 -6.886864546686410904e-03 -1.687603741884231567e-01 -1.097992777824401855e+00 0.000000000000000000e+00 -9.991683959960937500e-01 4.077460616827011108e-02 5.910633206367492676e-01 0.000000000000000000e+00 0.000000000000000000e+00 0.000000000000000000e+00 1.000000000000000000e+00
8.834624886512756348e-01 -2.404273897409439087e-01 -4.021053314208984375e-01 2.698407471179962158e-01 4.685018956661224365e-01 4.533782899379730225e-01 7.582572698593139648e-01 -1.271739244461059570e+00 2.775557561562891351e-17 -8.582789897918701172e-01 5.131834149360656738e-01 2.553592026233673096e-01 0.000000000000000000e+00 0.000000000000000000e+00 0.000000000000000000e+00 1.000000000000000000e+00
2.616772055625915527e-01 -8.007676601409912109e-01 -5.387914776802062988e-01 -8.408807516098022461e-01 9.651554226875305176e-01 2.171076685190200806e-01 1.460795253515243530e-01 1.214279606938362122e-01 1.387778780781445676e-17 -5.582432150840759277e-01 8.296774029731750488e-01 6.170210242271423340e-01 0.000000000000000000e+00 0.000000000000000000e+00 0.000000000000000000e+00 1.000000000000000000e+00
-8.389412164688110352e-01 3.756093382835388184e-01 -3.938213288784027100e-01 -5.219435095787048340e-01 5.442220568656921387e-01 5.790176391601562500e-01 -6.070922017097473145e-01 -5.557098984718322754e-01 5.551115123125782702e-17 -7.236409187316894531e-01 -6.901766657829284668e-01 8.149793744087219238e-01 0.000000000000000000e+00 0.000000000000000000e+00 0.000000000000000000e+00 1.000000000000000000e+00
-9.980551004409790039e-01 -2.994577959179878235e-02 5.467467755079269409e-02 -6.411578655242919922e-01 -6.233835220336914062e-02 4.794405996799468994e-01 -8.753574490547180176e-01 -1.677318811416625977e+00 -2.775557561562891351e-17 -8.770632743835449219e-01 -4.803749024868011475e-01 -9.210764765739440918e-01 0.000000000000000000e+00 0.000000000000000000e+00 0.000000000000000000e+00 1.000000000000000000e+00
-4.921877011656761169e-02 2.242541015148162842e-01 -9.732869863510131836e-01 1.228493809700012207e+00 9.987879991531372070e-01 1.105090416967868805e-02 -4.796211794018745422e-02 -1.813856720924377441e+00 0.000000000000000000e+00 -9.744680523872375488e-01 -2.245262116193771362e-01 6.234568953514099121e-01 0.000000000000000000e+00 0.000000000000000000e+00 0.000000000000000000e+00 1.000000000000000000e+00
-4.459681510925292969e-01 -8.079144358634948730e-01 -3.852099478244781494e-01 3.154931068420410156e-01 8.950488567352294922e-01 -4.025524556636810303e-01 -1.919351816177368164e-01 -5.274349451065063477e-01 0.000000000000000000e+00 -4.303786754608154297e-01 9.026484489440917969e-01 -5.199684500694274902e-01 0.000000000000000000e+00 0.000000000000000000e+00 0.000000000000000000e+00 1.000000000000000000e+00
7.876353263854980469e-01 3.501237332820892334e-01 5.069950222969055176e-01 -1.019830465316772461e+00 -6.161416769027709961e-01 4.475753009319305420e-01 6.481093764305114746e-01 2.386070489883422852e-01 2.775557561562891351e-17 -8.228546380996704102e-01 5.682519674301147461e-01 4.021848738193511963e-01 0.000000000000000000e+00 0.000000000000000000e+00 0.000000000000000000e+00 1.000000000000000000e+00
-2.675667405128479004e-01 7.804526090621948242e-01 -5.650678873062133789e-01 -9.710911512374877930e-01 9.635393023490905762e-01 2.167251110076904297e-01 -1.569145917892456055e-01 5.684244632720947266e-01 0.000000000000000000e+00 -5.864502787590026855e-01 -8.099852204322814941e-01 -7.503173500299453735e-02 0.000000000000000000e+00 0.000000000000000000e+00 0.000000000000000000e+00 1.000000000000000000e+00
9.507908821105957031e-01 -3.038703091442584991e-02 -3.083396852016448975e-01 1.529638320207595825e-01 3.098334074020385742e-01 9.324917942285537720e-02 9.462071061134338379e-01 -1.121343493461608887e+00 1.387778780781445676e-17 -9.951789975166320801e-01 9.807538986206054688e-02 2.805057466030120850e-01 0.000000000000000000e+00 0.000000000000000000e+00 0.000000000000000000e+00 1.000000000000000000e+00
-4.129334166646003723e-02 8.184993863105773926e-01 5.730214715003967285e-01 1.721758246421813965e+00 -9.991470575332641602e-01 -3.382742777466773987e-02 -2.368216961622238159e-02 -2.792654335498809814e-01 -3.469446951953614189e-18 -5.735106468200683594e-01 8.191981315612792969e-01 4.323981702327728271e-01 0.000000000000000000e+00 0.000000000000000000e+00 0.000000000000000000e+00 1.000000000000000000e+00
7.439032793045043945e-01 -1.399464718997478485e-02 -6.681407094001770020e-01 1.777642816305160522e-01 6.682872772216796875e-01 1.557812653481960297e-02 7.437401413917541504e-01 1.075616121292114258e+00 0.000000000000000000e+00 -9.997807145118713379e-01 2.094106376171112061e-02 -7.661445736885070801e-01 0.000000000000000000e+00 0.000000000000000000e+00 0.000000000000000000e+00 1.000000000000000000e+00
5.884031653404235840e-01 3.285192251205444336e-01 7.388212680816650391e-01 6.780982613563537598e-01 -8.085677027702331543e-01 2.390668541193008423e-01 5.376479029655456543e-01 -2.287777423858642578e+00 -1.387778780781445676e-17 -9.137407541275024414e-01 4.062977433204650879e-01 4.484374225139617920e-01 0.000000000000000000e+00 0.000000000000000000e+00 0.000000000000000000e+00 1.000000000000000000e+00
-3.446270525455474854e-01 -7.425829768180847168e-01 5.742845535278320312e-01 -8.142956495285034180e-01 -9.387396574020385742e-01 2.726146280765533447e-01 -2.108294665813446045e-01 -1.216231107711791992e+00 0.000000000000000000e+00 -6.117612123489379883e-01 -7.910424470901489258e-01 -1.050105094909667969e-01 0.000000000000000000e+00 0.000000000000000000e+00 0.000000000000000000e+00 1.000000000000000000e+00
-2.953260838985443115e-01 2.000765800476074219e-01 -9.342119097709655762e-01 6.782346963882446289e-01 9.553965330123901367e-01 6.184639781713485718e-02 -2.887776196002960205e-01 -1.019769430160522461e+00 -3.469446951953614189e-18 -9.778263568878173828e-01 -2.094173282384872437e-01 1.390780568122863770e+00 0.000000000000000000e+00 0.000000000000000000e+00 0.000000000000000000e+00 1.000000000000000000e+00
-8.657654523849487305e-01 -3.141548037528991699e-01 -3.895599544048309326e-01 2.858939468860626221e-01 5.004500150680541992e-01 -5.434796214103698730e-01 -6.739285588264465332e-01 1.978500634431838989e-01 0.000000000000000000e+00 -7.784193158149719238e-01 6.277446746826171875e-01 1.571012854576110840e+00 0.000000000000000000e+00 0.000000000000000000e+00 0.000000000000000000e+00 1.000000000000000000e+00
-6.814810633659362793e-01 5.916973948478698730e-01 4.306712746620178223e-01 -1.356540083885192871e+00 -7.318357825279235840e-01 -5.509850382804870605e-01 -4.010384976863861084e-01 1.465682983398437500e-01 0.000000000000000000e+00 -5.884807705879211426e-01 8.085111975669860840e-01 -9.505998343229293823e-02 0.000000000000000000e+00 0.000000000000000000e+00 0.000000000000000000e+00 1.000000000000000000e+00
-6.269993185997009277e-01 -5.300748348236083984e-01 5.708699226379394531e-01 -7.758881449699401855e-01 -7.790197730064392090e-01 4.266343116760253906e-01 -4.594685137271881104e-01 -1.451682597398757935e-01 2.775557561562891351e-17 -7.328054308891296387e-01 -6.804382205009460449e-01 3.195416331291198730e-01 0.000000000000000000e+00 0.000000000000000000e+00 0.000000000000000000e+00 1.000000000000000000e+00
-9.912610650062561035e-01 -6.405655294656753540e-02 -1.153180599212646484e-01 -6.911830902099609375e-01 1.319147348403930664e-01 -4.813470244407653809e-01 -8.665469288825988770e-01 -1.985064744949340820e+00 5.551115123125782702e-17 -8.741863369941711426e-01 4.855905771255493164e-01 4.921250641345977783e-01 0.000000000000000000e+00 0.000000000000000000e+00 0.000000000000000000e+00 1.000000000000000000e+00
-8.778905272483825684e-01 -3.514913618564605713e-01 3.252107799053192139e-01 -2.584214508533477783e-01 -4.788613915443420410e-01 6.443846821784973145e-01 -5.962048172950744629e-01 -2.521489381790161133e+00 5.551115123125782702e-17 -6.791334152221679688e-01 -7.340148687362670898e-01 -3.503657579421997070e-01 0.000000000000000000e+00 0.000000000000000000e+00 0.000000000000000000e+00 1.000000000000000000e+00
8.084794282913208008e-01 3.707623183727264404e-01 -4.570517241954803467e-01 -8.566254377365112305e-01 5.885244011878967285e-01 -5.093309879302978516e-01 6.278702020645141602e-01 -5.070428252220153809e-01 0.000000000000000000e+00 -7.766062617301940918e-01 -6.299862861633300781e-01 7.557037472724914551e-01 0.000000000000000000e+00 0.000000000000000000e+00 0.000000000000000000e+00 1.000000000000000000e+00
7.822214365005493164e-01 3.232276737689971924e-01 -5.325912833213806152e-01 -3.975589871406555176e-01 6.230005025863647461e-01 -4.058353304862976074e-01 6.687062978744506836e-01 -1.013393402099609375e+00 0.000000000000000000e+00 -8.548810482025146484e-01 -5.188241004943847656e-01 9.898296594619750977e-01 0.000000000000000000e+00 0.000000000000000000e+00 0.000000000000000000e+00 1.000000000000000000e+00
8.421427011489868164e-01 8.141490072011947632e-02 -5.330734252929687500e-01 1.638659954071044922e+00 5.392547249794006348e-01 -1.271439194679260254e-01 8.324894905090332031e-01 -1.706767916679382324e+00 0.000000000000000000e+00 -9.885373115539550781e-01 -1.509766876697540283e-01 1.954124271869659424e-01 0.000000000000000000e+00 0.000000000000000000e+00 0.000000000000000000e+00 1.000000000000000000e+00
7.747805118560791016e-02 -4.232866168022155762e-01 -9.026768803596496582e-01 -9.691624045372009277e-01 9.969940781593322754e-01 3.289430215954780579e-02 7.014851272106170654e-02 1.333673000335693359e+00 0.000000000000000000e+00 -9.053984880447387695e-01 4.245628416538238525e-01 3.005493879318237305e-01 0.000000000000000000e+00 0.000000000000000000e+00 0.000000000000000000e+00 1.000000000000000000e+00
-7.326662540435791016e-01 4.764081537723541260e-01 4.860405325889587402e-01 1.041272044181823730e+00 -6.805880665779113770e-01 -5.128626227378845215e-01 -5.232320427894592285e-01 -2.604218423366546631e-01 0.000000000000000000e+00 -7.141478657722473145e-01 6.999948620796203613e-01 -7.970861792564392090e-01 0.000000000000000000e+00 0.000000000000000000e+00 0.000000000000000000e+00 1.000000000000000000e+00
-1.853452324867248535e-01 -8.455064296722412109e-01 5.007654428482055664e-01 3.454395830631256104e-01 -9.826734662055969238e-01 1.594737172126770020e-01 -9.445099532604217529e-02 5.591412773355841637e-04 -1.387778780781445676e-17 -5.095949769020080566e-01 -8.604144454002380371e-01 6.095060110092163086e-01 0.000000000000000000e+00 0.000000000000000000e+00 0.000000000000000000e+00 1.000000000000000000e+00
-9.334347844123840332e-01 -3.211219906806945801e-01 -1.599379330873489380e-01 1.126395106315612793e+00 3.587470948696136475e-01 -8.355368971824645996e-01 -4.161472916603088379e-01 -1.763336658477783203e+00 -5.551115123125782702e-17 -4.458236396312713623e-01 8.951207995414733887e-01 2.735238969326019287e-01 0.000000000000000000e+00 0.000000000000000000e+00 0.000000000000000000e+00 1.000000000000000000e+00
6.004055142402648926e-01 3.224498927593231201e-01 -7.318055033683776855e-01 -1.177934885025024414e+00 7.996956706047058105e-01 -2.420929670333862305e-01 5.494340658187866211e-01 -1.578837156295776367e+00 1.387778780781445676e-17 -9.151049256324768066e-01 -4.032157361507415771e-01 4.273414611816406250e-01 0.000000000000000000e+00 0.000000000000000000e+00 0.000000000000000000e+00 1.000000000000000000e+00
-5.363417863845825195e-01 -1.630052179098129272e-01 -8.281103372573852539e-01 8.119720220565795898e-01 8.440008759498596191e-01 -1.035858094692230225e-01 -5.262438058853149414e-01 -7.554925084114074707e-01 0.000000000000000000e+00 -9.811723828315734863e-01 1.931339502334594727e-01 9.809433221817016602e-01 0.000000000000000000e+00 0.000000000000000000e+00 0.000000000000000000e+00 1.000000000000000000e+00
-9.393635392189025879e-01 5.985580012202262878e-02 3.376588225364685059e-01 1.901911854743957520e+00 -3.429230153560638428e-01 -1.639620363712310791e-01 -9.249433875083923340e-01 -1.450254678726196289e+00 0.000000000000000000e+00 -9.846490621566772461e-01 1.745458841323852539e-01 1.139836430549621582e+00 0.000000000000000000e+00 0.000000000000000000e+00 0.000000000000000000e+00 1.000000000000000000e+00
7.844592332839965820e-01 -1.549445688724517822e-01 6.005130410194396973e-01 -3.161220550537109375e-01 -6.201804280281066895e-01 -1.959876418113708496e-01 7.595821619033813477e-01 8.389559984207153320e-01 0.000000000000000000e+00 -9.682877063751220703e-01 -2.498378902673721313e-01 6.965109705924987793e-01 0.000000000000000000e+00 0.000000000000000000e+00 0.000000000000000000e+00 1.000000000000000000e+00
-6.234008073806762695e-02 7.352227568626403809e-01 -6.749527454376220703e-01 -5.249310284852981567e-02 9.980549812316894531e-01 4.592316970229148865e-02 -4.215861111879348755e-02 -1.041473150253295898e+00 -3.469446951953614189e-18 -6.762681007385253906e-01 -7.366555929183959961e-01 1.739654541015625000e-01 0.000000000000000000e+00 0.000000000000000000e+00 0.000000000000000000e+00 1.000000000000000000e+00
6.119794249534606934e-01 -5.682380795478820801e-01 5.500788092613220215e-01 1.161399006843566895e+00 -7.908737063407897949e-01 -4.397036135196685791e-01 4.256519079208374023e-01 2.535926401615142822e-01 -2.775557561562891351e-17 -6.955330371856689453e-01 -7.184941172599792480e-01 -5.898539423942565918e-01 0.000000000000000000e+00 0.000000000000000000e+00 0.000000000000000000e+00 1.000000000000000000e+00
-9.704004973173141479e-03 -9.678413867950439453e-01 -2.513739168643951416e-01 -5.950865745544433594e-01 9.999529123306274414e-01 -9.392379783093929291e-03 -2.439448377117514610e-03 -9.640595912933349609e-01 0.000000000000000000e+00 -2.513857483863830566e-01 9.678869843482971191e-01 6.613329052925109863e-02 0.000000000000000000e+00 0.000000000000000000e+00 0.000000000000000000e+00 1.000000000000000000e+00
-4.117996692657470703e-01 -7.362966537475585938e-01 -5.369247794151306152e-01 -1.417696356773376465e+00 9.112743735313415527e-01 -3.327282369136810303e-01 -2.426332235336303711e-01 1.036686658859252930e+00 2.775557561562891351e-17 -5.892021059989929199e-01 8.079857230186462402e-01 9.708986878395080566e-01 0.000000000000000000e+00 0.000000000000000000e+00 0.000000000000000000e+00 1.000000000000000000e+00
-2.211343944072723389e-01 -1.154491826891899109e-01 -9.683858156204223633e-01 -1.459408164024353027e+00 9.752433300018310547e-01 -2.617786079645156860e-02 -2.195794582366943359e-01 -1.808701395988464355e+00 0.000000000000000000e+00 -9.929683804512023926e-01 1.183798760175704956e-01 -1.835155999287962914e-03 0.000000000000000000e+00 0.000000000000000000e+00 0.000000000000000000e+00 1.000000000000000000e+00
-8.812988400459289551e-01 4.537935256958007812e-01 -1.318477988243103027e-01 -6.927815079689025879e-01 4.725594222545623779e-01 8.463013768196105957e-01 -2.458893209695816040e-01 -2.298438102006912231e-01 -5.551115123125782702e-17 -2.790078818798065186e-01 -9.602888226509094238e-01 1.228518366813659668e+00 0.000000000000000000e+00 0.000000000000000000e+00 0.000000000000000000e+00 1.000000000000000000e+00
-9.841978549957275391e-01 6.625267863273620605e-02 1.642107963562011719e-01 6.306560039520263672e-01 -1.770723015069961548e-01 -3.682436048984527588e-01 -9.127113819122314453e-01 -1.472410857677459717e-01 0.000000000000000000e+00 -9.273657202720642090e-01 3.741560876369476318e-01 6.128468737006187439e-02 0.000000000000000000e+00 0.000000000000000000e+00 0.000000000000000000e+00 1.000000000000000000e+00
6.189940124750137329e-02 -6.159669160842895508e-01 -7.853363752365112305e-01 9.935292601585388184e-01 9.980823993682861328e-01 3.820123896002769470e-02 4.870525002479553223e-02 -2.684801578521728516e+00 0.000000000000000000e+00 -7.868452072143554688e-01 6.171503663063049316e-01 1.541234016418457031e+00 0.000000000000000000e+00 0.000000000000000000e+00 0.000000000000000000e+00 1.000000000000000000e+00
9.953002333641052246e-01 4.392931237816810608e-02 8.629961311817169189e-02 1.091773033142089844e+00 -9.683701395988464355e-02 4.515097439289093018e-01 8.869957923889160156e-01 -1.272027015686035156e+00 0.000000000000000000e+00 -8.911841511726379395e-01 4.536417424678802490e-01 -1.347054690122604370e-01 0.000000000000000000e+00 0.000000000000000000e+00 0.000000000000000000e+00 1.000000000000000000e+00
-9.089589118957519531e-01 -4.109131097793579102e-01 -7.031452655792236328e-02 1.411364436149597168e+00 4.168857336044311523e-01 -8.959364295005798340e-01 -1.533106267452239990e-01 4.464381337165832520e-01 0.000000000000000000e+00 -1.686661839485168457e-01 9.856732487678527832e-01 -1.911030150949954987e-02 0.000000000000000000e+00 0.000000000000000000e+00 0.000000000000000000e+00 1.000000000000000000e+00
9.834978580474853516e-01 -1.303209662437438965e-01 -1.254926770925521851e-01 -1.117338910698890686e-01 1.809197664260864258e-01 7.084376811981201172e-01 6.821906566619873047e-01 -8.837349414825439453e-01 -5.551115123125782702e-17 -6.936371326446533203e-01 7.203245759010314941e-01 1.513177007436752319e-01 0.000000000000000000e+00 0.000000000000000000e+00 0.000000000000000000e+00 1.000000000000000000e+00
-7.635336518287658691e-01 4.390872418880462646e-01 4.735174477100372314e-01 7.764258384704589844e-01 -6.457680463790893555e-01 -5.191614627838134766e-01 -5.598705410957336426e-01 1.396652698516845703e+00 0.000000000000000000e+00 -7.332624197006225586e-01 6.799457073211669922e-01 1.595679044723510742e+00 0.000000000000000000e+00 0.000000000000000000e+00 0.000000000000000000e+00 1.000000000000000000e+00
3.323518857359886169e-02 5.708791017532348633e-01 -8.203611969947814941e-01 -4.248708486557006836e-01 9.994475841522216797e-01 -1.898376084864139557e-02 2.727993018925189972e-02 -1.924121856689453125e+00 3.469446951953614189e-18 -8.208146691322326660e-01 -5.711946487426757812e-01 -8.732240796089172363e-01 0.000000000000000000e+00 0.000000000000000000e+00 0.000000000000000000e+00 1.000000000000000000e+00
5.628040432929992676e-01 3.780284523963928223e-01 7.350823879241943359e-01 1.153595685958862305e+00 -8.265903592109680176e-01 2.573898136615753174e-01 5.004985928535461426e-01 -1.883910179138183594e+00 -2.775557561562891351e-17 -8.892946243286132812e-01 4.573346972465515137e-01 1.598611950874328613e+00 0.000000000000000000e+00 0.000000000000000000e+00 0.000000000000000000e+00 1.000000000000000000e+00
-1.354155391454696655e-01 -8.878260850906372070e-01 4.398038685321807861e-01 4.965372383594512939e-01 -9.907888770103454590e-01 1.213431581854820251e-01 -6.010995805263519287e-02 -6.111054420471191406e-01 6.938893903907228378e-18 -4.438925981521606445e-01 -8.960800170898437500e-01 2.129247784614562988e-01 0.000000000000000000e+00 0.000000000000000000e+00 0.000000000000000000e+00 1.000000000000000000e+00
-8.976311683654785156e-01 3.842558562755584717e-01 2.158835083246231079e-01 1.274630784988403320e+00 -4.407473802566528320e-01 -7.825798988342285156e-01 -4.396708309650421143e-01 9.392588138580322266e-01 -5.551115123125782702e-17 -4.898123443126678467e-01 8.718279004096984863e-01 9.958123564720153809e-01 0.000000000000000000e+00 0.000000000000000000e+00 0.000000000000000000e+00 1.000000000000000000e+00
-8.147267103195190430e-01 2.127347439527511597e-01 -5.394111275672912598e-01 -1.137765884399414062e+00 5.798451900482177734e-01 2.989085614681243896e-01 -7.579137682914733887e-01 1.017682552337646484e+00 -2.775557561562891351e-17 -9.302675127983093262e-01 -3.668819963932037354e-01 -1.451323926448822021e-01 0.000000000000000000e+00 0.000000000000000000e+00 0.000000000000000000e+00 1.000000000000000000e+00
-7.624775171279907227e-01 3.398291766643524170e-01 -5.505852699279785156e-01 2.859316468238830566e-01 6.470146775245666504e-01 4.004732966423034668e-01 -6.488398313522338867e-01 -4.891148582100868225e-02 0.000000000000000000e+00 -8.509625792503356934e-01 -5.252263545989990234e-01 7.879651784896850586e-01 0.000000000000000000e+00 0.000000000000000000e+00 0.000000000000000000e+00 1.000000000000000000e+00
8.633186221122741699e-01 6.694571673870086670e-02 5.001991987228393555e-01 1.269513487815856934e+00 -5.046592354774475098e-01 1.145237684249877930e-01 8.556888103485107422e-01 6.559666991233825684e-01 6.938893903907228378e-18 -9.911622405052185059e-01 1.326552778482437134e-01 1.309779524803161621e+00 0.000000000000000000e+00 0.000000000000000000e+00 0.000000000000000000e+00 1.000000000000000000e+00
-8.536051511764526367e-01 4.057819843292236328e-01 3.266484439373016357e-01 1.225969716906547546e-01 -5.209205746650695801e-01 -6.649336218833923340e-01 -5.352616906166076660e-01 -1.260139346122741699e+00 -5.551115123125782702e-17 -6.270599961280822754e-01 7.789709568023681641e-01 -5.776649713516235352e-01 0.000000000000000000e+00 0.000000000000000000e+00 0.000000000000000000e+00 1.000000000000000000e+00
8.019136637449264526e-02 8.789193630218505859e-02 9.928969740867614746e-01 1.212429285049438477e+00 -9.967795014381408691e-01 7.070946507155895233e-03 7.987901568412780762e-02 -2.476307630538940430e+00 4.336808689942017736e-19 -9.961048960685729980e-01 8.817590773105621338e-02 2.552047669887542725e-01 0.000000000000000000e+00 0.000000000000000000e+00 0.000000000000000000e+00 1.000000000000000000e+00
-4.720286130905151367e-01 -5.405611991882324219e-01 6.964069008827209473e-01 1.514640092849731445e+00 -8.815832138061523438e-01 2.894342243671417236e-01 -3.728791177272796631e-01 -1.523705601692199707e+00 -2.775557561562891351e-17 -7.899502515792846680e-01 -6.131709218025207520e-01 -4.321396723389625549e-02 0.000000000000000000e+00 0.000000000000000000e+00 0.000000000000000000e+00 1.000000000000000000e+00
-6.023288369178771973e-01 7.692756056785583496e-01 -2.131079137325286865e-01 -1.491502404212951660e+00 7.982480525970458984e-01 5.804672837257385254e-01 -1.608034521341323853e-01 -1.953312397003173828e+00 -5.551115123125782702e-17 -2.669695317745208740e-01 -9.637049436569213867e-01 6.946455240249633789e-01 0.000000000000000000e+00 0.000000000000000000e+00 0.000000000000000000e+00 1.000000000000000000e+00
-8.055790662765502930e-01 1.612100936472415924e-02 -5.922689437866210938e-01 2.851889841258525848e-02 5.924882888793945312e-01 2.191899344325065613e-02 -8.052808046340942383e-01 1.460300803184509277e+00 -1.734723475976807094e-18 -9.996297955513000488e-01 -2.720899134874343872e-02 -1.469083130359649658e-01 0.000000000000000000e+00 0.000000000000000000e+00 0.000000000000000000e+00 1.000000000000000000e+00
-2.560981512069702148e-01 -3.670738041400909424e-01 -8.942430019378662109e-01 3.820613622665405273e-01 9.666507840156555176e-01 -9.725014865398406982e-02 -2.369149178266525269e-01 -1.096839785575866699e+00 6.938893903907228378e-18 -9.250941872596740723e-01 3.797377645969390869e-01 8.222990036010742188e-01 0.000000000000000000e+00 0.000000000000000000e+00 0.000000000000000000e+00 1.000000000000000000e+00
7.849697470664978027e-01 -3.596520125865936279e-01 5.044531226158142090e-01 -7.658457159996032715e-01 -6.195341348648071289e-01 -4.556907117366790771e-01 6.391583681106567383e-01 5.228083729743957520e-01 2.775557561562891351e-17 -8.142458796501159668e-01 -5.805200934410095215e-01 1.385299324989318848e+00 0.000000000000000000e+00 0.000000000000000000e+00 0.000000000000000000e+00 1.000000000000000000e+00
-9.948211908340454102e-01 5.151557177305221558e-02 -8.761834353208541870e-02 -9.173069000244140625e-01 1.016406863927841187e-01 5.042152404785156250e-01 -8.575757741928100586e-01 7.894548773765563965e-01 0.000000000000000000e+00 -8.620401024818420410e-01 -5.068400502204895020e-01 -1.534062176942825317e-01 0.000000000000000000e+00 0.000000000000000000e+00 0.000000000000000000e+00 1.000000000000000000e+00
-8.340673446655273438e-01 -3.103406727313995361e-01 -4.560924470424652100e-01 1.208055019378662109e+00 5.516626238822937012e-01 -4.692088961601257324e-01 -6.895732879638671875e-01 -1.930561780929565430e+00 -2.775557561562891351e-17 -8.267597556114196777e-01 5.625551939010620117e-01 5.497472733259201050e-02 0.000000000000000000e+00 0.000000000000000000e+00 0.000000000000000000e+00 1.000000000000000000e+00
1.266211271286010742e-01 -4.728160426020622253e-02 9.908236861228942871e-01 1.378994464874267578e+00 -9.919511675834655762e-01 -6.035428028553724289e-03 1.264771968126296997e-01 1.226511359214782715e+00 -4.336808689942017736e-19 -9.988633394241333008e-01 -4.766525328159332275e-02 -4.193807020783424377e-02 0.000000000000000000e+00 0.000000000000000000e+00 0.000000000000000000e+00 1.000000000000000000e+00
-9.069204926490783691e-01 -7.207120954990386963e-02 -4.150915443897247314e-01 1.166163444519042969e+00 4.213018417358398438e-01 -1.551449447870254517e-01 -8.935517668724060059e-01 2.742350995540618896e-01 1.387778780781445676e-17 -9.852592349052429199e-01 1.710678637027740479e-01 -5.689596533775329590e-01 0.000000000000000000e+00 0.000000000000000000e+00 0.000000000000000000e+00 1.000000000000000000e+00
-5.750299245119094849e-02 1.276326775550842285e-01 9.901531934738159180e-01 -1.168508291244506836e+00 -9.983453154563903809e-01 -7.351424545049667358e-03 -5.703113600611686707e-02 1.948662847280502319e-01 -4.336808689942017736e-19 -9.917942881584167480e-01 1.278442144393920898e-01 2.528509795665740967e-01 0.000000000000000000e+00 0.000000000000000000e+00 0.000000000000000000e+00 1.000000000000000000e+00
-8.939176201820373535e-01 -2.851387262344360352e-01 3.458428084850311279e-01 -1.213650584220886230e+00 -4.482313394546508789e-01 5.686584115028381348e-01 -6.897218823432922363e-01 -1.526453614234924316e+00 -5.551115123125782702e-17 -7.715721130371093750e-01 -6.361418366432189941e-01 1.616352200508117676e+00 0.000000000000000000e+00 0.000000000000000000e+00 0.000000000000000000e+00 1.000000000000000000e+00
-9.870128631591796875e-01 1.488097310066223145e-01 -6.050878763198852539e-02 1.915084004402160645e+00 1.606413722038269043e-01 9.143168926239013672e-01 -3.717781305313110352e-01 -2.062793970108032227e+00 -5.551115123125782702e-17 -3.766700029373168945e-01 -9.263474941253662109e-01 -2.642239071428775787e-02 0.000000000000000000e+00 0.000000000000000000e+00 0.000000000000000000e+00 1.000000000000000000e+00
-2.783002257347106934e-01 1.517925560474395752e-01 -9.484239816665649414e-01 9.983114004135131836e-01 9.604941606521606445e-01 4.398142546415328979e-02 -2.748029232025146484e-01 -7.181837558746337891e-01 0.000000000000000000e+00 -9.874333739280700684e-01 -1.580359041690826416e-01 5.803406704217195511e-03 0.000000000000000000e+00 0.000000000000000000e+00 0.000000000000000000e+00 1.000000000000000000e+00
4.956621527671813965e-01 -8.654764890670776367e-01 7.259082049131393433e-02 1.495357513427734375e+00 -8.685154318809509277e-01 -4.939278662204742432e-01 4.142761230468750000e-02 -8.390022516250610352e-01 2.775557561562891351e-17 -8.358034491539001465e-02 -9.965010285377502441e-01 -8.196973204612731934e-01 0.000000000000000000e+00 0.000000000000000000e+00 0.000000000000000000e+00 1.000000000000000000e+00
-2.785433232784271240e-01 8.501248955726623535e-01 4.468794465065002441e-01 -1.606460094451904297e+00 -9.604236483573913574e-01 -2.465543299913406372e-01 -1.296045631170272827e-01 -1.597052335739135742e+00 0.000000000000000000e+00 -4.652940630912780762e-01 8.851561546325683594e-01 -7.467255741357803345e-02 0.000000000000000000e+00 0.000000000000000000e+00 0.000000000000000000e+00 1.000000000000000000e+00
9.475115537643432617e-01 2.543813884258270264e-01 1.936800926923751831e-01 -1.235054656863212585e-01 -3.197215497493743896e-01 7.538725733757019043e-01 5.739811062812805176e-01 6.080660223960876465e-01 0.000000000000000000e+00 -6.057774424552917480e-01 7.956341505050659180e-01 1.262323141098022461e+00 0.000000000000000000e+00 0.000000000000000000e+00 0.000000000000000000e+00 1.000000000000000000e+00
-4.690511226654052734e-01 2.194694727659225464e-01 -8.554672598838806152e-01 3.890494406223297119e-01 8.831710219383239746e-01 1.165599897503852844e-01 -4.543376863002777100e-01 9.657766222953796387e-01 0.000000000000000000e+00 -9.686314463615417480e-01 -2.485016733407974243e-01 -3.954680860042572021e-01 0.000000000000000000e+00 0.000000000000000000e+00 0.000000000000000000e+00 1.000000000000000000e+00
-9.992698431015014648e-01 -2.298274636268615723e-02 -3.052222914993762970e-02 4.520446062088012695e-01 3.820750117301940918e-02 -6.010852456092834473e-01 -7.982710599899291992e-01 9.232898950576782227e-01 5.551115123125782702e-17 -7.988543510437011719e-01 6.015244722366333008e-01 7.034022212028503418e-01 0.000000000000000000e+00 0.000000000000000000e+00 0.000000000000000000e+00 1.000000000000000000e+00
1.242897212505340576e-01 5.297421216964721680e-01 -8.390026092529296875e-01 9.345244169235229492e-01 9.922459721565246582e-01 -6.635602563619613647e-02 1.050943061709403992e-01 6.398205161094665527e-01 0.000000000000000000e+00 -8.455590605735778809e-01 -5.338818430900573730e-01 1.544917374849319458e-01 0.000000000000000000e+00 0.000000000000000000e+00 0.000000000000000000e+00 1.000000000000000000e+00
3.446778655052185059e-01 9.250064492225646973e-01 -1.598756760358810425e-01 7.230941951274871826e-02 9.387210011482238770e-01 -3.396421670913696289e-01 5.870285630226135254e-02 -2.204149961471557617e+00 0.000000000000000000e+00 -1.703122407197952271e-01 -9.853901267051696777e-01 -5.676660537719726562e-01 0.000000000000000000e+00 0.000000000000000000e+00 0.000000000000000000e+00 1.000000000000000000e+00
-2.581518590450286865e-01 -2.889153063297271729e-01 9.218924045562744141e-01 1.283004045486450195e+00 -9.661043286323547363e-01 7.720080018043518066e-02 -2.463380247354507446e-01 1.491877317428588867e+00 0.000000000000000000e+00 -9.542368650436401367e-01 -2.990518808364868164e-01 6.782174110412597656e-01 0.000000000000000000e+00 0.000000000000000000e+00 0.000000000000000000e+00 1.000000000000000000e+00
-9.992295503616333008e-01 -3.344104811549186707e-02 -2.054197154939174652e-02 -1.033995389938354492e+00 3.924635425209999084e-02 -8.514239192008972168e-01 -5.230076909065246582e-01 -3.999002575874328613e-01 0.000000000000000000e+00 -5.234109163284301758e-01 8.520804047584533691e-01 5.062332749366760254e-01 0.000000000000000000e+00 0.000000000000000000e+00 0.000000000000000000e+00 1.000000000000000000e+00
8.578198030591011047e-03 4.569526910781860352e-01 -8.894496560096740723e-01 -3.584632575511932373e-01 9.999632239341735840e-01 -3.919974900782108307e-03 7.630155421793460846e-03 -3.657533824443817139e-01 0.000000000000000000e+00 -8.894823789596557617e-01 -4.569695293903350830e-01 1.128883361816406250e+00 0.000000000000000000e+00 0.000000000000000000e+00 0.000000000000000000e+00 1.000000000000000000e+00
9.468360543251037598e-01 2.991296648979187012e-01 1.184184327721595764e-01 1.075660943984985352e+00 -3.217164874076843262e-01 8.803613781929016113e-01 3.485144674777984619e-01 -9.429935216903686523e-01 0.000000000000000000e+00 -3.680832087993621826e-01 9.297928810119628906e-01 3.301496207714080811e-01 0.000000000000000000e+00 0.000000000000000000e+00 0.000000000000000000e+00 1.000000000000000000e+00
9.994160532951354980e-01 -2.194522967329248786e-04 -3.416840359568595886e-02 -1.227039575576782227e+00 3.416910767555236816e-02 6.418784614652395248e-03 9.993954300880432129e-01 1.490808576345443726e-01 -4.336808689942017736e-19 -9.999793767929077148e-01 6.422535050660371780e-03 1.101023793220520020e+00 0.000000000000000000e+00 0.000000000000000000e+00 0.000000000000000000e+00 1.000000000000000000e+00
9.426943659782409668e-01 -1.739850193262100220e-01 -2.847044169902801514e-01 7.888585329055786133e-01 3.336575925350189209e-01 4.915659129619598389e-01 8.043852448463439941e-01 -2.354037761688232422e+00 5.551115123125782702e-17 -8.532831668853759766e-01 5.214478373527526855e-01 1.017433762550354004e+00 0.000000000000000000e+00 0.000000000000000000e+00 0.000000000000000000e+00 1.000000000000000000e+00
-3.635396957397460938e-01 5.630413293838500977e-01 7.421747446060180664e-01 1.034472703933715820e+00 -9.315786957740783691e-01 -2.197214961051940918e-01 -2.896266281604766846e-01 -4.361736774444580078e-01 0.000000000000000000e+00 -7.966849803924560547e-01 6.043947935104370117e-01 8.236632943153381348e-01 0.000000000000000000e+00 0.000000000000000000e+00 0.000000000000000000e+00 1.000000000000000000e+00
3.203745782375335693e-01 -9.471282362937927246e-01 1.755641400814056396e-02 -6.897839903831481934e-01 -9.472909569740295410e-01 -3.203195631504058838e-01 5.937593989074230194e-03 6.189703941345214844e-01 -2.775557561562891351e-17 -1.853328756988048553e-02 -9.998282194137573242e-01 4.459153711795806885e-01 0.000000000000000000e+00 0.000000000000000000e+00 0.000000000000000000e+00 1.000000000000000000e+00
-3.849229216575622559e-01 2.317847907543182373e-01 8.933700919151306152e-01 1.280367016792297363e+00 -9.229487180709838867e-01 -9.666764736175537109e-02 -3.725869357585906982e-01 -1.171968936920166016e+00 0.000000000000000000e+00 -9.679520726203918457e-01 2.511350512504577637e-01 1.468628883361816406e+00 0.000000000000000000e+00 0.000000000000000000e+00 0.000000000000000000e+00 1.000000000000000000e+00
-6.888997741043567657e-04 8.365202546119689941e-01 -5.479356050491333008e-01 -6.657674908638000488e-01 9.999997615814208984e-01 5.762787186540663242e-04 -3.774728102143853903e-04 -2.546016931533813477e+00 0.000000000000000000e+00 -5.479357242584228516e-01 -8.365204334259033203e-01 1.325292706489562988e+00 0.000000000000000000e+00 0.000000000000000000e+00 0.000000000000000000e+00 1.000000000000000000e+00
7.498450279235839844e-01 1.177921518683433533e-01 -6.510433554649353027e-01 -7.757708430290222168e-01 6.616135239601135254e-01 -1.335006952285766602e-01 7.378652691841125488e-01 9.440305233001708984e-01 0.000000000000000000e+00 -9.840236902236938477e-01 -1.780377030372619629e-01 9.485530257225036621e-01 0.000000000000000000e+00 0.000000000000000000e+00 0.000000000000000000e+00 1.000000000000000000e+00
8.211749196052551270e-01 4.915497899055480957e-01 2.899146378040313721e-01 -1.065794825553894043e+00 -5.706765055656433105e-01 7.073155641555786133e-01 4.171726405620574951e-01 -1.135185919702053070e-02 0.000000000000000000e+00 -5.080192089080810547e-01 8.613457083702087402e-01 1.578046917915344238e+00 0.000000000000000000e+00 0.000000000000000000e+00 0.000000000000000000e+00 1.000000000000000000e+00
2.618441879749298096e-01 -2.380178868770599365e-01 -9.352994561195373535e-01 1.165569067001342773e+00 9.651101827621459961e-01 6.457666307687759399e-02 2.537562251091003418e-01 -2.167989969253540039e+00 0.000000000000000000e+00 -9.691116213798522949e-01 2.466225028038024902e-01 -2.300914674997329712e-01 0.000000000000000000e+00 0.000000000000000000e+00 0.000000000000000000e+00 1.000000000000000000e+00
-9.539715051651000977e-01 1.474643796682357788e-01 -2.611372470855712891e-01 1.349017024040222168e+00 2.998973429203033447e-01 4.690832495689392090e-01 -8.306758999824523926e-01 1.288628101348876953e+00 -2.775557561562891351e-17 -8.707554936408996582e-01 -4.917162358760833740e-01 1.336436033248901367e+00 0.000000000000000000e+00 0.000000000000000000e+00 0.000000000000000000e+00 1.000000000000000000e+00
3.695279359817504883e-01 -6.263885498046875000e-01 6.863574385643005371e-01 1.617663979530334473e+00 -9.292196035385131836e-01 -2.490994036197662354e-01 2.729475796222686768e-01 8.674444556236267090e-01 0.000000000000000000e+00 -7.386385798454284668e-01 -6.741017103195190430e-01 5.814242362976074219e-01 0.000000000000000000e+00 0.000000000000000000e+00 0.000000000000000000e+00 1.000000000000000000e+00
2.828113138675689697e-01 8.982467055320739746e-01 3.364083766937255859e-01 -7.856599092483520508e-01 -9.591755867004394531e-01 2.648465633392333984e-01 9.918945282697677612e-02 -2.304250001907348633e+00 2.775557561562891351e-17 -3.507266044616699219e-01 9.364778995513916016e-01 1.230857849121093750e+00 0.000000000000000000e+00 0.000000000000000000e+00 0.000000000000000000e+00 1.000000000000000000e+00
9.912331104278564453e-01 4.148235078901052475e-03 -1.320595294237136841e-01 1.515787839889526367e+00 1.321246623992919922e-01 -3.112112544476985931e-02 9.907444715499877930e-01 1.444655895233154297e+00 0.000000000000000000e+00 -9.995070099830627441e-01 -3.139637410640716553e-02 4.336783587932586670e-01 0.000000000000000000e+00 0.000000000000000000e+00 0.000000000000000000e+00 1.000000000000000000e+00
-3.491978347301483154e-01 6.307680010795593262e-01 6.929593086242675781e-01 1.629755198955535889e-01 -9.370490312576293945e-01 -2.350600808858871460e-01 -2.582361102104187012e-01 6.022158265113830566e-01 0.000000000000000000e+00 -7.395123243331909180e-01 6.731430292129516602e-01 2.351470990106463432e-03 0.000000000000000000e+00 0.000000000000000000e+00 0.000000000000000000e+00 1.000000000000000000e+00
-9.070419073104858398e-01 1.277365386486053467e-01 -4.011961519718170166e-01 -1.300074160099029541e-01 4.210403561592102051e-01 2.751812040805816650e-01 -8.642917871475219727e-01 -1.835019230842590332e+00 2.775557561562891351e-17 -9.528686404228210449e-01 -3.033831417560577393e-01 -8.476737141609191895e-01 0.000000000000000000e+00 0.000000000000000000e+00 0.000000000000000000e+00 1.000000000000000000e+00
9.864071011543273926e-01 4.268467798829078674e-02 1.586789190769195557e-01 7.831768393516540527e-01 -1.643197536468505859e-01 2.562349736690521240e-01 9.525453448295593262e-01 -1.446603417396545410e+00 -2.775557561562891351e-17 -9.656715989112854004e-01 2.597659528255462646e-01 1.063792347908020020e+00 0.000000000000000000e+00 0.000000000000000000e+00 0.000000000000000000e+00 1.000000000000000000e+00
-3.645927309989929199e-01 8.238732218742370605e-01 4.339412450790405273e-01 -1.571213006973266602e+00 -9.311670660972595215e-01 -3.225824832916259766e-01 -1.699070334434509277e-01 -9.565473198890686035e-01 2.775557561562891351e-17 -4.660186767578125000e-01 8.847748637199401855e-01 1.251304388046264648e+00 0.000000000000000000e+00 0.000000000000000000e+00 0.000000000000000000e+00 1.000000000000000000e+00
-4.993341565132141113e-01 -2.199725806713104248e-01 -8.380199670791625977e-01 8.027182221412658691e-01 8.664094805717468262e-01 -1.267758756875991821e-01 -4.829725325107574463e-01 -2.035388469696044922e+00 -1.387778780781445676e-17 -9.672331213951110840e-01 2.538898587226867676e-01 -6.521207094192504883e-01 0.000000000000000000e+00 0.000000000000000000e+00 0.000000000000000000e+00 1.000000000000000000e+00
-8.126670122146606445e-01 -1.728077828884124756e-01 5.565157532691955566e-01 5.560779571533203125e-01 -5.827283263206481934e-01 2.409960031509399414e-01 -7.761112451553344727e-01 -1.768182516098022461e+00 0.000000000000000000e+00 -9.550175070762634277e-01 -2.965494990348815918e-01 1.377967476844787598e+00 0.000000000000000000e+00 0.000000000000000000e+00 0.000000000000000000e+00 1.000000000000000000e+00
-9.991043806076049805e-01 7.481695618480443954e-03 -4.164746776223182678e-02 1.296916365623474121e+00 4.231414943933486938e-02 1.766547262668609619e-01 -9.833629131317138672e-01 -1.279236078262329102e+00 0.000000000000000000e+00 -9.842444658279418945e-01 -1.768130809068679810e-01 1.510541081428527832e+00 0.000000000000000000e+00 0.000000000000000000e+00 0.000000000000000000e+00 1.000000000000000000e+00
8.272356986999511719e-01 2.598378360271453857e-01 -4.981620013713836670e-01 7.466846108436584473e-01 5.618550181388854980e-01 -3.825668990612030029e-01 7.334585785865783691e-01 -1.689215302467346191e+00 0.000000000000000000e+00 -8.866379857063293457e-01 -4.624641835689544678e-01 -7.452871203422546387e-01 0.000000000000000000e+00 0.000000000000000000e+00 0.000000000000000000e+00 1.000000000000000000e+00
-5.064120292663574219e-01 9.449204802513122559e-02 -8.570986390113830566e-01 -8.594970703125000000e-01 8.622916340827941895e-01 5.549388006329536438e-02 -5.033622384071350098e-01 8.842513561248779297e-01 0.000000000000000000e+00 -9.939777255058288574e-01 -1.095824688673019409e-01 5.667548775672912598e-01 0.000000000000000000e+00 0.000000000000000000e+00 0.000000000000000000e+00 1.000000000000000000e+00
-4.233534634113311768e-01 2.316783517599105835e-01 8.758407235145568848e-01 2.440254688262939453e-01 -9.059646129608154297e-01 -1.082623228430747986e-01 -4.092766940593719482e-01 -2.483160972595214844e+00 6.938893903907228378e-18 -9.667494297027587891e-01 2.557256221771240234e-01 -5.163193941116333008e-01 0.000000000000000000e+00 0.000000000000000000e+00 0.000000000000000000e+00 1.000000000000000000e+00
-6.724353432655334473e-01 -7.179405689239501953e-01 -1.799777746200561523e-01 -8.301386237144470215e-02 7.401558756828308105e-01 -6.522526741027832031e-01 -1.635107249021530151e-01 -1.285853505134582520e+00 5.551115123125782702e-17 -2.431619912385940552e-01 9.699856638908386230e-01 -8.270485997200012207e-01 0.000000000000000000e+00 0.000000000000000000e+00 0.000000000000000000e+00 1.000000000000000000e+00
2.541793286800384521e-01 -1.173932999372482300e-01 -9.600060582160949707e-01 -1.034709453582763672e+00 9.671571254730224609e-01 3.085222840309143066e-02 2.522999644279479980e-01 -2.677438974380493164e+00 0.000000000000000000e+00 -9.926061630249023438e-01 1.213797628879547119e-01 3.622670471668243408e-02 0.000000000000000000e+00 0.000000000000000000e+00 0.000000000000000000e+00 1.000000000000000000e+00
-2.135626524686813354e-01 -1.953712105751037598e-02 9.767339825630187988e-01 -1.015989780426025391e+00 -9.769293665885925293e-01 4.270932171493768692e-03 -2.135199308395385742e-01 -2.298195838928222656e+00 4.336808689942017736e-19 -9.998000264167785645e-01 -1.999849826097488403e-02 1.786788105964660645e-01 0.000000000000000000e+00 0.000000000000000000e+00 0.000000000000000000e+00 1.000000000000000000e+00
-8.423884510993957520e-01 -4.307851791381835938e-01 3.237373232841491699e-01 -8.129940032958984375e-01 -5.388708114624023438e-01 6.734238862991333008e-01 -5.060815811157226562e-01 3.035630583763122559e-01 0.000000000000000000e+00 -6.007698178291320801e-01 -7.994220256805419922e-01 6.558027118444442749e-02 0.000000000000000000e+00 0.000000000000000000e+00 0.000000000000000000e+00 1.000000000000000000e+00
-1.418715268373489380e-01 9.544412493705749512e-01 -2.625154852867126465e-01 -1.517026662826538086e+00 9.898850917816162109e-01 1.367916762828826904e-01 -3.762403875589370728e-02 1.779365390539169312e-01 0.000000000000000000e+00 -2.651979625225067139e-01 -9.641939997673034668e-01 1.360103130340576172e+00 0.000000000000000000e+00 0.000000000000000000e+00 0.000000000000000000e+00 1.000000000000000000e+00
1.369323283433914185e-01 1.111372485756874084e-01 9.843261837959289551e-01 7.564643621444702148e-01 -9.905803799629211426e-01 1.536299474537372589e-02 1.360677778720855713e-01 -1.159767985343933105e+00 8.673617379884035472e-19 -9.936863183975219727e-01 1.121940687298774719e-01 1.122607827186584473e+00 0.000000000000000000e+00 0.000000000000000000e+00 0.000000000000000000e+00 1.000000000000000000e+00
-1.590405702590942383e-01 3.946769237518310547e-01 -9.049509763717651367e-01 8.772184848785400391e-01 9.872720241546630859e-01 6.357886642217636108e-02 -1.457793861627578735e-01 -2.187111377716064453e+00 0.000000000000000000e+00 -9.166176319122314453e-01 -3.997651040554046631e-01 3.960415124893188477e-01 0.000000000000000000e+00 0.000000000000000000e+00 0.000000000000000000e+00 1.000000000000000000e+00
6.841697543859481812e-02 -4.665276706218719482e-01 -8.818565607070922852e-01 -4.358590245246887207e-01 9.976568222045898438e-01 3.199337795376777649e-02 6.047566607594490051e-02 -4.587925970554351807e-01 3.469446951953614189e-18 -8.839278221130371094e-01 4.676234126091003418e-01 1.279300808906555176e+00 0.000000000000000000e+00 0.000000000000000000e+00 0.000000000000000000e+00 1.000000000000000000e+00
-7.130635380744934082e-01 -2.437656521797180176e-01 -6.573573946952819824e-01 8.148038983345031738e-01 7.010994553565979004e-01 -2.479254603385925293e-01 -6.685750484466552734e-01 -2.414955139160156250e+00 0.000000000000000000e+00 -9.376093149185180664e-01 3.476905524730682373e-01 -7.626534700393676758e-01 0.000000000000000000e+00 0.000000000000000000e+00 0.000000000000000000e+00 1.000000000000000000e+00
-7.768520116806030273e-01 5.902502536773681641e-01 -2.193298339843750000e-01 2.048487186431884766e+00 6.296832561492919922e-01 7.282028198242187500e-01 -2.705913186073303223e-01 -2.178726673126220703e+00 0.000000000000000000e+00 -3.483177423477172852e-01 -9.373764991760253906e-01 -5.492075085639953613e-01 0.000000000000000000e+00 0.000000000000000000e+00 0.000000000000000000e+00 1.000000000000000000e+00
-5.865646600723266602e-01 -4.804772734642028809e-01 -6.519842743873596191e-01 1.680284857749938965e+00 8.099024295806884766e-01 -3.479814231395721436e-01 -4.721938371658325195e-01 -1.381821092218160629e-02 0.000000000000000000e+00 -8.050158619880676270e-01 5.932533144950866699e-01 -6.788461804389953613e-01 0.000000000000000000e+00 0.000000000000000000e+00 0.000000000000000000e+00 1.000000000000000000e+00
8.331817984580993652e-01 -9.060387313365936279e-02 5.455263853073120117e-01 1.633822083473205566e+00 -5.529991388320922852e-01 -1.365092396736145020e-01 8.219228386878967285e-01 -1.192948222160339355e+00 0.000000000000000000e+00 -9.864867925643920898e-01 -1.638408899307250977e-01 2.865680158138275146e-01 0.000000000000000000e+00 0.000000000000000000e+00 0.000000000000000000e+00 1.000000000000000000e+00
1.663908362388610840e-02 5.670015811920166016e-01 -8.235486149787902832e-01 -1.486909747123718262e+00 9.998615384101867676e-01 -9.435693733394145966e-03 1.370499189943075180e-02 1.755837351083755493e-01 0.000000000000000000e+00 -8.236626386642456055e-01 -5.670800805091857910e-01 -4.270321223884820938e-03 0.000000000000000000e+00 0.000000000000000000e+00 0.000000000000000000e+00 1.000000000000000000e+00
-3.264661133289337158e-01 1.164663359522819519e-01 9.380061030387878418e-01 -1.355059027671813965e+00 -9.452089071273803711e-01 -4.022635892033576965e-02 -3.239783346652984619e-01 -2.314949989318847656e+00 3.469446951953614189e-18 -9.923796653747558594e-01 1.232175603508949280e-01 -5.302884578704833984e-01 0.000000000000000000e+00 0.000000000000000000e+00 0.000000000000000000e+00 1.000000000000000000e+00
-1.429510712623596191e-01 -1.149282529950141907e-01 9.830343127250671387e-01 1.471471134573221207e-02 -9.897297620773315430e-01 1.659959927201271057e-02 -1.419840157032012939e-01 -1.185943603515625000e+00 0.000000000000000000e+00 -9.932351112365722656e-01 -1.161208450794219971e-01 -3.655839264392852783e-01 0.000000000000000000e+00 0.000000000000000000e+00 0.000000000000000000e+00 1.000000000000000000e+00
-8.212876915931701660e-01 3.945697546005249023e-01 -4.120694696903228760e-01 -1.193394303321838379e+00 5.705142617225646973e-01 5.680055618286132812e-01 -5.931974053382873535e-01 6.444821953773498535e-01 0.000000000000000000e+00 -7.222772240638732910e-01 -6.916036605834960938e-01 1.463672280311584473e+00 0.000000000000000000e+00 0.000000000000000000e+00 0.000000000000000000e+00 1.000000000000000000e+00
-9.181239604949951172e-01 -1.828761249780654907e-01 -3.515746295452117920e-01 -1.239934206008911133e+00 3.962933123111724854e-01 -4.236835241317749023e-01 -8.145206570625305176e-01 -6.567701697349548340e-01 -2.775557561562891351e-17 -8.871575593948364258e-01 4.614665806293487549e-01 2.174238264560699463e-01 0.000000000000000000e+00 0.000000000000000000e+00 0.000000000000000000e+00 1.000000000000000000e+00
-9.986824989318847656e-01 1.132259424775838852e-02 -5.005072802305221558e-02 3.982573449611663818e-01 5.131546035408973694e-02 2.203561365604400635e-01 -9.740687608718872070e-01 -5.686964392662048340e-01 0.000000000000000000e+00 -9.753537774085998535e-01 -2.206468433141708374e-01 1.413543581962585449e+00 0.000000000000000000e+00 0.000000000000000000e+00 0.000000000000000000e+00 1.000000000000000000e+00
-3.936905264854431152e-01 5.678349733352661133e-01 -7.228909134864807129e-01 -5.765572190284729004e-01 9.192430377006530762e-01 2.431905716657638550e-01 -3.095974326133728027e-01 -1.439706385135650635e-01 0.000000000000000000e+00 -7.863979935646057129e-01 -6.177201867103576660e-01 1.097761511802673340e+00 0.000000000000000000e+00 0.000000000000000000e+00 0.000000000000000000e+00 1.000000000000000000e+00
-3.170004189014434814e-01 -6.791075468063354492e-01 -6.620601415634155273e-01 7.452249526977539062e-02 9.484254121780395508e-01 -2.269839942455291748e-01 -2.212860882282257080e-01 -1.864137053489685059e+00 1.387778780781445676e-17 -6.980624794960021973e-01 7.160368561744689941e-01 8.657839894294738770e-01 0.000000000000000000e+00 0.000000000000000000e+00 0.000000000000000000e+00 1.000000000000000000e+00
-7.025584578514099121e-01 -3.822427093982696533e-01 6.002517342567443848e-01 1.636511564254760742e+00 -7.116260528564453125e-01 3.773721158504486084e-01 -5.926032662391662598e-01 -6.045960783958435059e-01 0.000000000000000000e+00 -8.434932231903076172e-01 -5.371398329734802246e-01 8.295923471450805664e-01 0.000000000000000000e+00 0.000000000000000000e+00 0.000000000000000000e+00 1.000000000000000000e+00
6.840704679489135742e-01 -4.539352953433990479e-01 -5.709556341171264648e-01 -4.157632589340209961e-01 7.294158935546875000e-01 4.257155954837799072e-01 5.354611277580261230e-01 4.524894058704376221e-01 0.000000000000000000e+00 -7.827572822570800781e-01 6.223270893096923828e-01 9.419786930084228516e-02 0.000000000000000000e+00 0.000000000000000000e+00 0.000000000000000000e+00 1.000000000000000000e+00
-9.963062405586242676e-01 2.573295123875141144e-02 8.192493021488189697e-02 1.453639626502990723e+00 -8.587129414081573486e-02 -2.985619306564331055e-01 -9.505192637443542480e-01 -1.879372000694274902e-01 -2.775557561562891351e-17 -9.540432691574096680e-01 2.996688485145568848e-01 1.377834081649780273e+00 0.000000000000000000e+00 0.000000000000000000e+00 0.000000000000000000e+00 1.000000000000000000e+00
-7.686381340026855469e-01 1.864025443792343140e-01 -6.119227409362792969e-01 -7.765275985002517700e-02 6.396838426589965820e-01 2.239795625209808350e-01 -7.352807521820068359e-01 -2.910454273223876953e+00 -1.387778780781445676e-17 -9.566019177436828613e-01 -2.913979291915893555e-01 9.520601630210876465e-01 0.000000000000000000e+00 0.000000000000000000e+00 0.000000000000000000e+00 1.000000000000000000e+00
-4.913059175014495850e-01 8.326154947280883789e-01 -2.556755244731903076e-01 -3.737101331353187561e-02 8.709871172904968262e-01 4.696612656116485596e-01 -1.442213058471679688e-01 2.066128551959991455e-01 0.000000000000000000e+00 -2.935468554496765137e-01 -9.559446573257446289e-01 1.482522040605545044e-01 0.000000000000000000e+00 0.000000000000000000e+00 0.000000000000000000e+00 1.000000000000000000e+00
3.936650753021240234e-01 -2.480143606662750244e-01 -8.851647973060607910e-01 1.015269160270690918e+00 9.192539453506469727e-01 1.062106862664222717e-01 3.790665864944458008e-01 1.612687587738037109e+00 0.000000000000000000e+00 -9.629164934158325195e-01 2.697996199131011963e-01 -6.879217624664306641e-01 0.000000000000000000e+00 0.000000000000000000e+00 0.000000000000000000e+00 1.000000000000000000e+00
-6.336962580680847168e-01 -4.844599068164825439e-01 -6.030983328819274902e-01 -8.644312620162963867e-02 7.735819220542907715e-01 -3.968557417392730713e-01 -4.940409958362579346e-01 2.509912550449371338e-01 0.000000000000000000e+00 -7.796179652214050293e-01 6.262554526329040527e-01 8.639475107192993164e-01 0.000000000000000000e+00 0.000000000000000000e+00 0.000000000000000000e+00 1.000000000000000000e+00
8.056105673313140869e-02 -6.629239320755004883e-01 7.443398237228393555e-01 1.546739697456359863e+00 -9.967496991157531738e-01 -5.358000472187995911e-02 6.016033887863159180e-02 4.326968491077423096e-01 -3.469446951953614189e-18 -7.467670440673828125e-01 -6.650856733322143555e-01 -7.819862961769104004e-01 0.000000000000000000e+00 0.000000000000000000e+00 0.000000000000000000e+00 1.000000000000000000e+00
-9.964505434036254883e-01 -1.567348279058933258e-02 -8.270855247974395752e-02 -7.379570007324218750e-01 8.418054133653640747e-02 -1.855280548334121704e-01 -9.790265560150146484e-01 -2.729774475097656250e+00 0.000000000000000000e+00 -9.825139641761779785e-01 1.861889213323593140e-01 1.172951459884643555e+00 0.000000000000000000e+00 0.000000000000000000e+00 0.000000000000000000e+00 1.000000000000000000e+00
-9.369737505912780762e-01 -6.141139194369316101e-02 3.439604938030242920e-01 5.889890715479850769e-02 -3.493997454643249512e-01 1.646849066019058228e-01 -9.223874807357788086e-01 -2.183620691299438477e+00 -1.387778780781445676e-17 -9.844325780868530273e-01 -1.757625639438629150e-01 5.551828742027282715e-01 0.000000000000000000e+00 0.000000000000000000e+00 0.000000000000000000e+00 1.000000000000000000e+00
-5.568696260452270508e-01 5.707677006721496582e-01 -6.034239530563354492e-01 -1.256994366645812988e+00 8.305999040603637695e-01 3.826670050621032715e-01 -4.045611619949340820e-01 -1.041909337043762207e+00 -2.775557561562891351e-17 -7.264916896820068359e-01 -6.871752142906188965e-01 1.462254047393798828e+00 0.000000000000000000e+00 0.000000000000000000e+00 0.000000000000000000e+00 1.000000000000000000e+00
-5.565370917320251465e-01 3.466859757900238037e-01 7.550333142280578613e-01 5.769979953765869141e-01 -8.308227658271789551e-01 -2.322319746017456055e-01 -5.057685971260070801e-01 -1.364507675170898438e+00 0.000000000000000000e+00 -9.087778329849243164e-01 4.172803163528442383e-01 9.432461857795715332e-01 0.000000000000000000e+00 0.000000000000000000e+00 0.000000000000000000e+00 1.000000000000000000e+00
-5.480147004127502441e-01 5.488022565841674805e-01 6.312654018402099609e-01 2.046818971633911133e+00 -8.364686965942382812e-01 -3.595492541790008545e-01 -4.135752022266387939e-01 -1.413637876510620117e+00 0.000000000000000000e+00 -7.546790242195129395e-01 6.560941934585571289e-01 1.395405054092407227e+00 0.000000000000000000e+00 0.000000000000000000e+00 0.000000000000000000e+00 1.000000000000000000e+00
9.198911786079406738e-01 1.034711524844169617e-01 3.782776296138763428e-01 9.122055768966674805e-01 -3.921737372875213623e-01 2.427041679620742798e-01 8.872961401939392090e-01 -2.501766443252563477e+00 -1.387778780781445676e-17 -9.645664095878601074e-01 2.638400793075561523e-01 -1.779499053955078125e-01 0.000000000000000000e+00 0.000000000000000000e+00 0.000000000000000000e+00 1.000000000000000000e+00
-7.866699695587158203e-01 1.161996051669120789e-01 6.063398718833923340e-01 1.515157669782638550e-01 -6.173737645149230957e-01 -1.480638533830642700e-01 -7.726103067398071289e-01 -3.854840099811553955e-01 -1.387778780781445676e-17 -9.821276664733886719e-01 1.882159858942031860e-01 9.623479247093200684e-01 0.000000000000000000e+00 0.000000000000000000e+00 0.000000000000000000e+00 1.000000000000000000e+00
-8.988986611366271973e-01 9.063973277807235718e-02 -4.286789894104003906e-01 -8.485132455825805664e-01 4.381566345691680908e-01 1.859516203403472900e-01 -8.794547915458679199e-01 -4.928527772426605225e-01 0.000000000000000000e+00 -9.783692955970764160e-01 -2.068660557270050049e-01 1.414216399192810059e+00 0.000000000000000000e+00 0.000000000000000000e+00 0.000000000000000000e+00 1.000000000000000000e+00
-6.214979290962219238e-01 -7.237637042999267578e-01 2.998440861701965332e-01 1.236727595329284668e+00 -7.834157943725585938e-01 5.741747617721557617e-01 -2.378717362880706787e-01 -2.534391880035400391e+00 -5.551115123125782702e-17 -3.827393949031829834e-01 -9.238563776016235352e-01 -4.455966651439666748e-01 0.000000000000000000e+00 0.000000000000000000e+00 0.000000000000000000e+00 1.000000000000000000e+00
-2.639471292495727539e-01 7.220378518104553223e-01 6.395257711410522461e-01 1.274563312530517578e+00 -9.645371437072753906e-01 -1.975868195295333862e-01 -1.750072538852691650e-01 -2.109647989273071289e+00 0.000000000000000000e+00 -6.630390286445617676e-01 7.485848069190979004e-01 2.321175038814544678e-01 0.000000000000000000e+00 0.000000000000000000e+00 0.000000000000000000e+00 1.000000000000000000e+00
-4.532521069049835205e-01 -4.593670666217803955e-01 7.639008164405822754e-01 -1.602089881896972656e+00 -8.913823962211608887e-01 2.335799932479858398e-01 -3.884299993515014648e-01 -1.496091127395629883e+00 0.000000000000000000e+00 -8.569844365119934082e-01 -5.153422951698303223e-01 1.025005102157592773e+00 0.000000000000000000e+00 0.000000000000000000e+00 0.000000000000000000e+00 1.000000000000000000e+00
-1.586305350065231323e-01 2.476847022771835327e-01 -9.557660222053527832e-01 -7.331681251525878906e-01 9.873380064964294434e-01 3.979423269629478455e-02 -1.535580307245254517e-01 -2.273793697357177734e+00 0.000000000000000000e+00 -9.680231213569641113e-01 -2.508611083030700684e-01 9.834381341934204102e-01 0.000000000000000000e+00 0.000000000000000000e+00 0.000000000000000000e+00 1.000000000000000000e+00
7.530325651168823242e-01 -1.098838001489639282e-01 -6.487430334091186523e-01 7.678490281105041504e-01 6.579833030700683594e-01 1.257571130990982056e-01 7.424575090408325195e-01 -1.789838910102844238e+00 0.000000000000000000e+00 -9.859567284584045410e-01 1.670009046792984009e-01 1.151276230812072754e+00 0.000000000000000000e+00 0.000000000000000000e+00 0.000000000000000000e+00 1.000000000000000000e+00
-8.372716903686523438e-01 -4.538172483444213867e-01 3.050016462802886963e-01 1.242011561989784241e-01 -5.467870831489562988e-01 6.949109435081481934e-01 -4.670360088348388672e-01 -2.411314725875854492e+00 -5.551115123125782702e-17 -5.578069686889648438e-01 -8.299707174301147461e-01 -2.786006545647978783e-03 0.000000000000000000e+00 0.000000000000000000e+00 0.000000000000000000e+00 1.000000000000000000e+00
-7.621472477912902832e-01 -6.472724676132202148e-01 -1.303449925035238266e-02 1.623503088951110840e+00 6.474036574363708496e-01 -7.619928121566772461e-01 -1.534468866884708405e-02 9.157065153121948242e-01 5.551115123125782702e-17 -2.013349533081054688e-02 9.997972846031188965e-01 9.215793609619140625e-01 0.000000000000000000e+00 0.000000000000000000e+00 0.000000000000000000e+00 1.000000000000000000e+00
-9.327545166015625000e-01 7.253002375364303589e-02 -3.531407415866851807e-01 -1.801901817321777344e+00 3.605121374130249023e-01 1.876572370529174805e-01 -9.136825203895568848e-01 9.051219224929809570e-01 1.387778780781445676e-17 -9.795530438423156738e-01 -2.011860907077789307e-01 -9.590989351272583008e-02 0.000000000000000000e+00 0.000000000000000000e+00 0.000000000000000000e+00 1.000000000000000000e+00
-2.300339937210083008e-01 4.399894177913665771e-01 8.680401444435119629e-01 -1.593832731246948242e+00 -9.731826186180114746e-01 -1.040015816688537598e-01 -2.051811665296554565e-01 -8.770440220832824707e-01 0.000000000000000000e+00 -8.919602036476135254e-01 4.521139562129974365e-01 7.143082618713378906e-01 0.000000000000000000e+00 0.000000000000000000e+00 0.000000000000000000e+00 1.000000000000000000e+00
-6.886283159255981445e-01 6.819442510604858398e-01 2.464611530303955078e-01 -1.608530163764953613e+00 -7.251145243644714355e-01 -6.476302742958068848e-01 -2.340597361326217651e-01 -3.914442360401153564e-01 0.000000000000000000e+00 -3.398927152156829834e-01 9.404641985893249512e-01 1.154851198196411133e+00 0.000000000000000000e+00 0.000000000000000000e+00 0.000000000000000000e+00 1.000000000000000000e+00
-1.440779864788055420e-01 -5.220559239387512207e-01 8.406540155410766602e-01 -1.064323782920837402e+00 -9.895663261413574219e-01 7.600982487201690674e-02 -1.223967820405960083e-01 -2.259802103042602539e+00 0.000000000000000000e+00 -8.495175838470458984e-01 -5.275602936744689941e-01 1.230278849601745605e+00 0.000000000000000000e+00 0.000000000000000000e+00 0.000000000000000000e+00 1.000000000000000000e+00
7.927063107490539551e-01 3.259709775447845459e-01 -5.151306986808776855e-01 -8.202677369117736816e-01 6.096037030220031738e-01 -4.238806962966918945e-01 6.698570251464843750e-01 -1.226992964744567871e+00 -2.775557561562891351e-17 -8.450254797935485840e-01 -5.347260236740112305e-01 9.253638982772827148e-02 0.000000000000000000e+00 0.000000000000000000e+00 0.000000000000000000e+00 1.000000000000000000e+00
6.376191973686218262e-01 -1.117578968405723572e-01 -7.622020244598388672e-01 -8.799439072608947754e-01 7.703517079353332520e-01 9.250187128782272339e-02 6.308736801147460938e-01 -1.501439809799194336e+00 0.000000000000000000e+00 -9.894208312034606934e-01 1.450738608837127686e-01 -2.920088469982147217e-01 0.000000000000000000e+00 0.000000000000000000e+00 0.000000000000000000e+00 1.000000000000000000e+00
3.175672888755798340e-02 -8.926343321800231934e-01 4.496614933013916016e-01 2.664842903614044189e-01 -9.994956254959106445e-01 -2.836145274341106415e-02 1.428698468953371048e-02 -1.538654446601867676e+00 0.000000000000000000e+00 -4.498884081840515137e-01 -8.930847644805908203e-01 1.433098316192626953e+00 0.000000000000000000e+00 0.000000000000000000e+00 0.000000000000000000e+00 1.000000000000000000e+00
-5.694974660873413086e-01 -7.760415673255920410e-01 -2.709836065769195557e-01 1.574674248695373535e+00 8.219930529594421387e-01 -5.376611351966857910e-01 -1.877442598342895508e-01 -2.287131786346435547e+00 0.000000000000000000e+00 -3.296665549278259277e-01 9.440974593162536621e-01 4.945709835737943649e-03 0.000000000000000000e+00 0.000000000000000000e+00 0.000000000000000000e+00 1.000000000000000000e+00
7.527687549591064453e-01 1.822343319654464722e-01 -6.325581669807434082e-01 1.316474437713623047e+00 6.582850217819213867e-01 -2.083904296159744263e-01 7.233493328094482422e-01 -2.450416088104248047e+00 0.000000000000000000e+00 -9.609183669090270996e-01 -2.768319547176361084e-01 -9.101251959800720215e-01 0.000000000000000000e+00 0.000000000000000000e+00 0.000000000000000000e+00 1.000000000000000000e+00
7.363507747650146484e-01 4.138602018356323242e-01 5.352637767791748047e-01 -5.859897658228874207e-02 -6.765999794006347656e-01 4.504083395004272461e-01 5.825330615043640137e-01 8.961810916662216187e-02 2.775557561562891351e-17 -7.911081314086914062e-01 6.116763353347778320e-01 2.939232289791107178e-01 0.000000000000000000e+00 0.000000000000000000e+00 0.000000000000000000e+00 1.000000000000000000e+00
-2.131626605987548828e-01 -6.029044464230537415e-02 9.751546978950500488e-01 -2.109614610671997070e-01 -9.770167469978332520e-01 1.315399352461099625e-02 -2.127564251422882080e-01 -7.615409493446350098e-01 -8.673617379884035472e-19 -9.980942010879516602e-01 -6.170871481299400330e-02 4.458221793174743652e-01 0.000000000000000000e+00 0.000000000000000000e+00 0.000000000000000000e+00 1.000000000000000000e+00
-2.636082703247666359e-03 -1.800629794597625732e-01 9.836515784263610840e-01 -5.111596584320068359e-01 -9.999965429306030273e-01 4.746625781990587711e-04 -2.592995995655655861e-03 2.216036170721054077e-01 2.710505431213761085e-20 -9.836549758911132812e-01 -1.800636053085327148e-01 5.163363814353942871e-01 0.000000000000000000e+00 0.000000000000000000e+00 0.000000000000000000e+00 1.000000000000000000e+00
-7.349420785903930664e-01 -3.274011611938476562e-01 5.938590764999389648e-01 9.850715100765228271e-02 -6.781299114227294922e-01 3.548300862312316895e-01 -6.436112523078918457e-01 8.686513900756835938e-01 0.000000000000000000e+00 -8.757305741310119629e-01 -4.828000664710998535e-01 -1.782218068838119507e-01 0.000000000000000000e+00 0.000000000000000000e+00 0.000000000000000000e+00 1.000000000000000000e+00
8.809474110603332520e-02 5.081040039658546448e-02 -9.948153495788574219e-01 -1.091860085725784302e-01 9.961121082305908203e-01 -4.493599757552146912e-03 8.798005431890487671e-02 7.859229445457458496e-01 4.336808689942017736e-19 -9.986982345581054688e-01 -5.100871995091438293e-02 -1.287397593259811401e-01 0.000000000000000000e+00 0.000000000000000000e+00 0.000000000000000000e+00 1.000000000000000000e+00
2.990361750125885010e-01 5.416615605354309082e-01 7.856081128120422363e-01 -9.579814076423645020e-01 -9.542417526245117188e-01 1.697435677051544189e-01 2.461904883384704590e-01 1.270121574401855469e+00 -2.775557561562891351e-17 -8.232799768447875977e-01 5.676355361938476562e-01 1.043484330177307129e+00 0.000000000000000000e+00 0.000000000000000000e+00 0.000000000000000000e+00 1.000000000000000000e+00
5.206968784332275391e-01 -5.988385677337646484e-01 -6.084958314895629883e-01 -8.912336230278015137e-01 8.537416458129882812e-01 3.652315139770507812e-01 3.711214959621429443e-01 -8.696476817131042480e-01 2.775557561562891351e-17 -7.127400040626525879e-01 7.014282941818237305e-01 -3.149740993976593018e-01 0.000000000000000000e+00 0.000000000000000000e+00 0.000000000000000000e+00 1.000000000000000000e+00
9.329190254211425781e-01 2.986770495772361755e-02 3.588453531265258789e-01 1.509426474571228027e+00 -3.600861728191375732e-01 7.738189399242401123e-02 9.297042489051818848e-01 -1.817958801984786987e-01 0.000000000000000000e+00 -9.965540170669555664e-01 8.294598758220672607e-02 -7.253466248512268066e-01 0.000000000000000000e+00 0.000000000000000000e+00 0.000000000000000000e+00 1.000000000000000000e+00
-8.829402923583984375e-01 -4.245477020740509033e-01 2.004386037588119507e-01 -2.300456762313842773e-01 -4.694852232933044434e-01 7.984282970428466797e-01 -3.769561052322387695e-01 -1.818032503128051758e+00 -5.551115123125782702e-17 -4.269326925277709961e-01 -9.042834043502807617e-01 -3.612740933895111084e-01 0.000000000000000000e+00 0.000000000000000000e+00 0.000000000000000000e+00 1.000000000000000000e+00
1.462446898221969604e-01 4.006499648094177246e-01 -9.044844508171081543e-01 -3.346067294478416443e-02 9.892484545707702637e-01 -5.922973901033401489e-02 1.337136775255203247e-01 -1.799795627593994141e+00 0.000000000000000000e+00 -9.143147468566894531e-01 -4.050043821334838867e-01 -9.013999700546264648e-01 0.000000000000000000e+00 0.000000000000000000e+00 0.000000000000000000e+00 1.000000000000000000e+00
-8.562883138656616211e-01 -3.207658529281616211e-01 -4.048204123973846436e-01 6.639668345451354980e-01 5.164980888366699219e-01 -5.317890644073486328e-01 -6.711409091949462891e-01 4.736475050449371338e-01 5.551115123125782702e-17 -7.837790846824645996e-01 6.210397481918334961e-01 1.372532248497009277e-01 0.000000000000000000e+00 0.000000000000000000e+00 0.000000000000000000e+00 1.000000000000000000e+00
-8.891711235046386719e-01 -1.808490157127380371e-01 4.203193783760070801e-01 1.005882501602172852e+00 -4.575748443603515625e-01 3.514304161071777344e-01 -8.167753219604492188e-01 1.336339235305786133e+00 2.775557561562891351e-17 -9.185805916786193848e-01 -3.952337205410003662e-01 -4.800860583782196045e-01 0.000000000000000000e+00 0.000000000000000000e+00 0.000000000000000000e+00 1.000000000000000000e+00
6.169350743293762207e-01 -2.581658661365509033e-01 -7.434658408164978027e-01 -8.055537343025207520e-01 7.870140671730041504e-01 2.023745030164718628e-01 5.827979445457458496e-01 -1.357762575149536133e+00 0.000000000000000000e+00 -9.446665644645690918e-01 3.280321061611175537e-01 1.502076864242553711e+00 0.000000000000000000e+00 0.000000000000000000e+00 0.000000000000000000e+00 1.000000000000000000e+00
-9.340646266937255859e-01 -7.524821558035910130e-04 3.571032881736755371e-01 1.804720163345336914e+00 -3.571040630340576172e-01 1.968241296708583832e-03 -9.340625405311584473e-01 -1.534031748771667480e+00 2.168404344971008868e-19 -9.999977946281433105e-01 -2.107178792357444763e-03 -1.770073324441909790e-01 0.000000000000000000e+00 0.000000000000000000e+00 0.000000000000000000e+00 1.000000000000000000e+00
-3.150887489318847656e-01 -3.964108824729919434e-01 -8.623093962669372559e-01 6.391741633415222168e-01 9.490622282028198242e-01 -1.316084563732147217e-01 -2.862868010997772217e-01 -8.801279067993164062e-01 1.387778780781445676e-17 -9.085910320281982422e-01 4.176869392395019531e-01 1.638281042687594891e-03 0.000000000000000000e+00 0.000000000000000000e+00 0.000000000000000000e+00 1.000000000000000000e+00
9.978923797607421875e-01 2.122326288372278214e-03 6.485607475042343140e-02 -7.163836620748043060e-03 -6.489078700542449951e-02 3.263719379901885986e-02 9.973585009574890137e-01 -1.323113560676574707e+00 -3.469446951953614189e-18 -9.994649887084960938e-01 3.270612657070159912e-02 2.492556907236576080e-02 0.000000000000000000e+00 0.000000000000000000e+00 0.000000000000000000e+00 1.000000000000000000e+00
9.743598699569702148e-01 1.486899107694625854e-01 -1.688613742589950562e-01 -6.398097872734069824e-01 2.249952405691146851e-01 -6.439135670661926270e-01 7.312676906585693359e-01 1.184532284736633301e+00 0.000000000000000000e+00 -7.505109310150146484e-01 -6.608580946922302246e-01 1.058259367942810059e+00 0.000000000000000000e+00 0.000000000000000000e+00 0.000000000000000000e+00 1.000000000000000000e+00
-6.978851556777954102e-01 -3.803746402263641357e-01 -6.068537235260009766e-01 1.407080054283142090e+00 7.162096500396728516e-01 -3.706426024436950684e-01 -5.913271307945251465e-01 -2.358989715576171875e+00 0.000000000000000000e+00 -8.473129272460937500e-01 5.310939550399780273e-01 1.469247341156005859e-01 0.000000000000000000e+00 0.000000000000000000e+00 0.000000000000000000e+00 1.000000000000000000e+00
-9.857788681983947754e-01 -1.512312982231378555e-02 -1.673657298088073730e-01 -4.540107846260070801e-01 1.680475920438766479e-01 -8.871333301067352295e-02 -9.817789793014526367e-01 8.449924588203430176e-01 -1.387778780781445676e-17 -9.959424138069152832e-01 8.999313414096832275e-02 -1.127350777387619019e-01 0.000000000000000000e+00 0.000000000000000000e+00 0.000000000000000000e+00 1.000000000000000000e+00
6.523529291152954102e-01 -5.620500445365905762e-01 5.084637999534606934e-01 1.436067372560501099e-01 -7.579153776168823242e-01 -4.837677180767059326e-01 4.376449286937713623e-01 -1.111446395516395569e-01 0.000000000000000000e+00 -6.708714365959167480e-01 -7.415736317634582520e-01 1.071606397628784180e+00 0.000000000000000000e+00 0.000000000000000000e+00 0.000000000000000000e+00 1.000000000000000000e+00
-7.304037809371948242e-01 -2.868828363716602325e-02 -6.824128627777099609e-01 -1.453980058431625366e-01 6.830156445503234863e-01 -3.067870065569877625e-02 -7.297592163085937500e-01 1.254730463027954102e+00 1.734723475976807094e-18 -9.991174936294555664e-01 4.200238361954689026e-02 1.073304533958435059e+00 0.000000000000000000e+00 0.000000000000000000e+00 0.000000000000000000e+00 1.000000000000000000e+00
-6.394896656274795532e-02 8.998072743415832520e-01 4.315755069255828857e-01 -8.424895405769348145e-01 -9.979531764984130859e-01 -5.765976756811141968e-02 -2.765541523694992065e-02 -1.073727846145629883e+00 0.000000000000000000e+00 -4.324606955051422119e-01 9.016528129577636719e-01 8.862182497978210449e-01 0.000000000000000000e+00 0.000000000000000000e+00 0.000000000000000000e+00 1.000000000000000000e+00
9.976330399513244629e-01 -6.008157879114151001e-02 -3.344467282295227051e-02 2.952755093574523926e-01 6.876294314861297607e-02 8.716812729835510254e-01 4.852251708507537842e-01 1.555891800671815872e-02 -5.551115123125782702e-17 -4.863764047622680664e-01 8.737493753433227539e-01 1.484608769416809082e+00 0.000000000000000000e+00 0.000000000000000000e+00 0.000000000000000000e+00 1.000000000000000000e+00
7.052631974220275879e-01 -6.860215067863464355e-01 1.788247525691986084e-01 1.263997435569763184e+00 -7.089455723762512207e-01 -6.824582219123840332e-01 1.778959184885025024e-01 -2.075170993804931641e+00 -5.551115123125782702e-17 -2.522404491901397705e-01 -9.676645994186401367e-01 1.400616288185119629e+00 0.000000000000000000e+00 0.000000000000000000e+00 0.000000000000000000e+00 1.000000000000000000e+00
3.571527898311614990e-01 -9.041716456413269043e-01 2.343405336141586304e-01 3.491091728210449219e-01 -9.340459704399108887e-01 -3.457297086715698242e-01 8.960520476102828979e-02 3.834332823753356934e-01 2.775557561562891351e-17 -2.508875727653503418e-01 -9.680162072181701660e-01 6.771901249885559082e-01 0.000000000000000000e+00 0.000000000000000000e+00 0.000000000000000000e+00 1.000000000000000000e+00
6.103960871696472168e-01 5.344281196594238281e-01 5.846393704414367676e-01 -1.325758218765258789e+00 -7.920963168144226074e-01 4.118348062038421631e-01 4.505280256271362305e-01 -1.966574549674987793e+00 0.000000000000000000e+00 -7.380912303924560547e-01 6.747009158134460449e-01 -1.231572106480598450e-01 0.000000000000000000e+00 0.000000000000000000e+00 0.000000000000000000e+00 1.000000000000000000e+00
8.582981824874877930e-01 1.307102143764495850e-01 -4.962248206138610840e-01 8.726130127906799316e-01 5.131512880325317383e-01 -2.186262607574462891e-01 8.299869298934936523e-01 1.485839009284973145e+00 1.387778780781445676e-17 -9.670146703720092773e-01 -2.547206282615661621e-01 -5.518472790718078613e-01 0.000000000000000000e+00 0.000000000000000000e+00 0.000000000000000000e+00 1.000000000000000000e+00
-9.742907881736755371e-01 3.448657318949699402e-02 -2.226391285657882690e-01 3.893319368362426758e-01 2.252942621707916260e-01 1.491380631923675537e-01 -9.628085494041442871e-01 -1.711992025375366211e+00 1.387778780781445676e-17 -9.882147908210754395e-01 -1.530734598636627197e-01 -1.476267427206039429e-01 0.000000000000000000e+00 0.000000000000000000e+00 0.000000000000000000e+00 1.000000000000000000e+00
-8.992387056350708008e-01 1.708268821239471436e-01 4.027256071567535400e-01 -2.849464118480682373e-01 -4.374582767486572266e-01 -3.511515259742736816e-01 -8.278422951698303223e-01 -1.273751407861709595e-01 -2.775557561562891351e-17 -9.206035137176513672e-01 3.904986679553985596e-01 1.139551028609275818e-01 0.000000000000000000e+00 0.000000000000000000e+00 0.000000000000000000e+00 1.000000000000000000e+00
-9.119625687599182129e-01 1.902601569890975952e-01 -3.634904921054840088e-01 -7.783231139183044434e-01 4.102734029293060303e-01 4.229134619235992432e-01 -8.079727292060852051e-01 -1.648291230201721191e+00 2.775557561562891351e-17 -8.859713673591613770e-01 -4.637399315834045410e-01 1.036301493644714355e+00 0.000000000000000000e+00 0.000000000000000000e+00 0.000000000000000000e+00 1.000000000000000000e+00
2.060061395168304443e-01 3.192671537399291992e-01 9.250026941299438477e-01 1.006509780883789062e+00 -9.785506725311279297e-01 6.721265614032745361e-02 1.947331130504608154e-01 -5.552819967269897461e-01 6.938893903907228378e-18 -9.452782273292541504e-01 3.262653052806854248e-01 -6.372048705816268921e-02 0.000000000000000000e+00 0.000000000000000000e+00 0.000000000000000000e+00 1.000000000000000000e+00
-5.600780248641967773e-01 5.256451368331909180e-01 -6.403201222419738770e-01 -1.166669845581054688e+00 8.284398913383483887e-01 3.553695082664489746e-01 -4.328970909118652344e-01 -5.063984394073486328e-01 0.000000000000000000e+00 -7.729228734970092773e-01 -6.345000267028808594e-01 5.431699156761169434e-01 0.000000000000000000e+00 0.000000000000000000e+00 0.000000000000000000e+00 1.000000000000000000e+00
7.835453748703002930e-02 -4.774236083030700684e-01 8.751727342605590820e-01 1.423871517181396484e+00 -9.969255328178405762e-01 -3.752367198467254639e-02 6.878522783517837524e-02 1.075638532638549805e+00 -3.469446951953614189e-18 -8.778716921806335449e-01 -4.788959324359893799e-01 5.210066437721252441e-01 0.000000000000000000e+00 0.000000000000000000e+00 0.000000000000000000e+00 1.000000000000000000e+00
-9.973714947700500488e-01 -2.862558700144290924e-02 6.656336039304733276e-02 -5.913345813751220703e-01 -7.245761156082153320e-02 3.940282464027404785e-01 -9.162377715110778809e-01 -5.285014212131500244e-02 -2.775557561562891351e-17 -9.186524748802185059e-01 -3.950666785240173340e-01 6.105004549026489258e-01 0.000000000000000000e+00 0.000000000000000000e+00 0.000000000000000000e+00 1.000000000000000000e+00
9.522863626480102539e-01 -1.768437325954437256e-01 2.487507164478302002e-01 4.847452938556671143e-01 -3.052058815956115723e-01 -5.517779588699340820e-01 7.761381268501281738e-01 -1.010215520858764648e+00 0.000000000000000000e+00 -8.150259852409362793e-01 -5.794244408607482910e-01 3.419317305088043213e-01 0.000000000000000000e+00 0.000000000000000000e+00 0.000000000000000000e+00 1.000000000000000000e+00
-8.044849038124084473e-01 3.885469436645507812e-01 -4.492608904838562012e-01 2.952464520931243896e-01 5.939731597900390625e-01 5.262530446052551270e-01 -6.084847450256347656e-01 1.000646829605102539e+00 -5.551115123125782702e-17 -7.563656568527221680e-01 -6.541490554809570312e-01 -7.734177112579345703e-01 0.000000000000000000e+00 0.000000000000000000e+00 0.000000000000000000e+00 1.000000000000000000e+00
8.504653573036193848e-01 -4.195080399513244629e-01 3.173668682575225830e-01 2.192158848047256470e-01 -5.260310769081115723e-01 -6.782432794570922852e-01 5.131056308746337891e-01 9.630054980516433716e-02 0.000000000000000000e+00 -6.033234000205993652e-01 -7.974966764450073242e-01 1.621989607810974121e+00 0.000000000000000000e+00 0.000000000000000000e+00 0.000000000000000000e+00 1.000000000000000000e+00
-9.655300974845886230e-01 -6.720980256795883179e-02 -2.514646947383880615e-01 7.960782051086425781e-01 2.602914571762084961e-01 -2.493093013763427734e-01 -9.327878952026367188e-01 -1.427425146102905273e+00 1.387778780781445676e-17 -9.660888910293579102e-01 2.582097649574279785e-01 -7.230479717254638672e-01 0.000000000000000000e+00 0.000000000000000000e+00 0.000000000000000000e+00 1.000000000000000000e+00
3.402379155158996582e-01 -6.292206048965454102e-01 6.987986564636230469e-01 -1.188829302787780762e+00 -9.403393864631652832e-01 -2.276674956083297729e-01 2.528425455093383789e-01 -2.282395839691162109e+00 1.387778780781445676e-17 -7.431344985961914062e-01 -6.691420674324035645e-01 1.175498127937316895e+00 0.000000000000000000e+00 0.000000000000000000e+00 0.000000000000000000e+00 1.000000000000000000e+00
9.540674090385437012e-01 -9.939280897378921509e-02 -2.826241850852966309e-01 7.235594391822814941e-01 2.995919883251190186e-01 3.165219426155090332e-01 9.000325202941894531e-01 -8.024499416351318359e-01 0.000000000000000000e+00 -9.433636069297790527e-01 3.317605555057525635e-01 4.725899100303649902e-01 0.000000000000000000e+00 0.000000000000000000e+00 0.000000000000000000e+00 1.000000000000000000e+00
-2.540653347969055176e-01 1.786906719207763672e-01 9.505369067192077637e-01 4.438544213771820068e-01 -9.671870470046997070e-01 -4.693931713700294495e-02 -2.496915906667709351e-01 -1.501673102378845215e+00 -3.469446951953614189e-18 -9.827849864959716797e-01 1.847529560327529907e-01 -7.402249574661254883e-01 0.000000000000000000e+00 0.000000000000000000e+00 0.000000000000000000e+00 1.000000000000000000e+00
7.935352921485900879e-01 -2.940605580806732178e-02 6.078132987022399902e-01 1.720582365989685059e+00 -6.085242033004760742e-01 -3.834645077586174011e-02 7.926082611083984375e-01 -1.844396114349365234e+00 0.000000000000000000e+00 -9.988317489624023438e-01 -4.832356050610542297e-02 -5.564035773277282715e-01 0.000000000000000000e+00 0.000000000000000000e+00 0.000000000000000000e+00 1.000000000000000000e+00
9.866983890533447266e-01 1.015147492289543152e-01 -1.269688755273818970e-01 -1.209646940231323242e+00 1.625618040561676025e-01 -6.161621809005737305e-01 7.706606388092041016e-01 3.530540689826011658e-02 -5.551115123125782702e-17 -7.810499072074890137e-01 -6.244686245918273926e-01 9.154012799263000488e-01 0.000000000000000000e+00 0.000000000000000000e+00 0.000000000000000000e+00 1.000000000000000000e+00
-2.958772182464599609e-01 8.635928630828857422e-01 -4.082449972629547119e-01 5.923617631196975708e-02 9.552260041236877441e-01 2.674942612648010254e-01 -1.264521777629852295e-01 -1.814750730991363525e-01 0.000000000000000000e+00 -4.273805618286132812e-01 -9.040718078613281250e-01 1.399618983268737793e+00 0.000000000000000000e+00 0.000000000000000000e+00 0.000000000000000000e+00 1.000000000000000000e+00
2.892066538333892822e-01 3.049972057342529297e-01 9.073787331581115723e-01 1.113450646400451660e+00 -9.572666883468627930e-01 9.214487671852111816e-02 2.741346657276153564e-01 -1.031780004501342773e+00 6.938893903907228378e-18 -9.478850364685058594e-01 3.186125755310058594e-01 -9.261921048164367676e-01 0.000000000000000000e+00 0.000000000000000000e+00 0.000000000000000000e+00 1.000000000000000000e+00
6.046276092529296875e-01 2.213481515645980835e-01 -7.651342749595642090e-01 -7.817726731300354004e-01 7.965083122253417969e-01 -1.680248677730560303e-01 5.808116793632507324e-01 -8.164120316505432129e-01 0.000000000000000000e+00 -9.606105685234069824e-01 -2.778981029987335205e-01 1.189102768898010254e+00 0.000000000000000000e+00 0.000000000000000000e+00 0.000000000000000000e+00 1.000000000000000000e+00
-9.818214774131774902e-01 -6.246741861104965210e-02 1.792327612638473511e-01 1.325626373291015625e-01 -1.898066401481628418e-01 3.231280744075775146e-01 -9.271255135536193848e-01 7.690610289573669434e-01 0.000000000000000000e+00 -9.442912936210632324e-01 -3.291108310222625732e-01 -9.162206649780273438e-01 0.000000000000000000e+00 0.000000000000000000e+00 0.000000000000000000e+00 1.000000000000000000e+00
7.475568056106567383e-01 -7.452999055385589600e-02 -6.600030660629272461e-01 4.685613512992858887e-01 6.641978621482849121e-01 8.388374745845794678e-02 7.428355813026428223e-01 1.033563852310180664e+00 0.000000000000000000e+00 -9.936844706535339355e-01 1.122105270624160767e-01 1.574572086334228516e+00 0.000000000000000000e+00 0.000000000000000000e+00 0.000000000000000000e+00 1.000000000000000000e+00
3.311035037040710449e-01 1.452735364437103271e-01 9.323443770408630371e-01 -4.383745491504669189e-01 -9.435944557189941406e-01 5.097590014338493347e-02 3.271559178829193115e-01 1.119525432586669922e+00 -3.469446951953614189e-18 -9.880774617195129395e-01 1.539576053619384766e-01 -8.343804627656936646e-02 0.000000000000000000e+00 0.000000000000000000e+00 0.000000000000000000e+00 1.000000000000000000e+00
9.903817176818847656e-01 8.603098988533020020e-02 1.083637177944183350e-01 1.683534026145935059e+00 -1.383619457483291626e-01 6.158017516136169434e-01 7.756572961807250977e-01 -2.950223088264465332e-01 0.000000000000000000e+00 -7.831901907920837402e-01 6.217821836471557617e-01 1.051622033119201660e+00 0.000000000000000000e+00 0.000000000000000000e+00 0.000000000000000000e+00 1.000000000000000000e+00
7.756564617156982422e-01 -3.270725011825561523e-01 -5.397968292236328125e-01 1.538482546806335449e+00 6.311553120613098145e-01 4.019548296928405762e-01 6.633816957473754883e-01 1.161530733108520508e+00 0.000000000000000000e+00 -8.552519679069519043e-01 5.182124376296997070e-01 -7.702856659889221191e-01 0.000000000000000000e+00 0.000000000000000000e+00 0.000000000000000000e+00 1.000000000000000000e+00
-1.137718260288238525e-01 8.969697952270507812e-01 4.272015094757080078e-01 1.649075865745544434e+00 -9.935069084167480469e-01 -1.027168408036231995e-01 -4.892114177346229553e-02 -8.833226561546325684e-01 1.387778780781445676e-17 -4.299934804439544678e-01 9.028319716453552246e-01 6.190076470375061035e-01 0.000000000000000000e+00 0.000000000000000000e+00 0.000000000000000000e+00 1.000000000000000000e+00
6.964889168739318848e-01 2.578473687171936035e-01 -6.696401238441467285e-01 -9.369465112686157227e-01 7.175675630569458008e-01 -2.502730786800384521e-01 6.499693989753723145e-01 -1.257400751113891602e+00 2.775557561562891351e-17 -9.332085251808166504e-01 -3.593353331089019775e-01 -1.925770938396453857e-01 0.000000000000000000e+00 0.000000000000000000e+00 0.000000000000000000e+00 1.000000000000000000e+00
2.119900286197662354e-02 1.572829782962799072e-01 9.873260259628295898e-01 -2.491758018732070923e-01 -9.997752904891967773e-01 3.334991866722702980e-03 2.093503251671791077e-02 -1.011229991912841797e+00 0.000000000000000000e+00 -9.875479340553283691e-01 1.573183387517929077e-01 6.178448200225830078e-01 0.000000000000000000e+00 0.000000000000000000e+00 0.000000000000000000e+00 1.000000000000000000e+00
-8.380181193351745605e-01 -1.039764136075973511e-01 -5.356440544128417969e-01 1.134838342666625977e+00 5.456424355506896973e-01 -1.596908718347549438e-01 -8.226622343063354492e-01 1.399702429771423340e+00 -1.387778780781445676e-17 -9.816759824752807617e-01 1.905577927827835083e-01 5.078616142272949219e-01 0.000000000000000000e+00 0.000000000000000000e+00 0.000000000000000000e+00 1.000000000000000000e+00
-8.218143582344055176e-01 -3.928762376308441162e-01 -4.126371443271636963e-01 -1.006380081176757812e+00 5.697553753852844238e-01 -5.666841864585876465e-01 -5.951872467994689941e-01 -2.925595521926879883e+00 0.000000000000000000e+00 -7.242356538772583008e-01 6.895525455474853516e-01 8.409650325775146484e-01 0.000000000000000000e+00 0.000000000000000000e+00 0.000000000000000000e+00 1.000000000000000000e+00
2.238305062055587769e-01 8.005743622779846191e-01 5.558602213859558105e-01 1.097048997879028320e+00 -9.746280908584594727e-01 1.838577836751937866e-01 1.276573836803436279e-01 -1.876948475837707520e+00 1.387778780781445676e-17 -5.703306198120117188e-01 8.214152455329895020e-01 3.618439733982086182e-01 0.000000000000000000e+00 0.000000000000000000e+00 0.000000000000000000e+00 1.000000000000000000e+00
6.216664314270019531e-01 -2.277950048446655273e-01 -7.494266033172607422e-01 -9.714586734771728516e-01 7.832821011543273926e-01 1.807937622070312500e-01 5.947964191436767578e-01 5.130082368850708008e-01 0.000000000000000000e+00 -9.567774534225463867e-01 2.908211648464202881e-01 -2.553634345531463623e-01 0.000000000000000000e+00 0.000000000000000000e+00 0.000000000000000000e+00 1.000000000000000000e+00
9.999636411666870117e-01 5.595730617642402649e-03 6.432957947254180908e-03 4.436756670475006104e-01 -8.526145480573177338e-03 6.562786698341369629e-01 7.544704079627990723e-01 -2.309164285659790039e+00 0.000000000000000000e+00 -7.544978260993957520e-01 6.563025712966918945e-01 7.343328744173049927e-02 0.000000000000000000e+00 0.000000000000000000e+00 0.000000000000000000e+00 1.000000000000000000e+00
6.746461987495422363e-01 -2.435655891895294189e-01 -6.967986226081848145e-01 1.486708521842956543e+00 7.381412386894226074e-01 2.226140499114990234e-01 6.368598937988281250e-01 -4.166859686374664307e-01 1.387778780781445676e-17 -9.439908862113952637e-01 3.299715220928192139e-01 4.001900255680084229e-01 0.000000000000000000e+00 0.000000000000000000e+00 0.000000000000000000e+00 1.000000000000000000e+00
-9.084486365318298340e-01 3.680909276008605957e-01 1.980659216642379761e-01 -1.603817462921142578e+00 -4.179964661598205566e-01 -7.999869585037231445e-01 -4.304646849632263184e-01 3.195209205150604248e-01 5.551115123125782702e-17 -4.738459289073944092e-01 8.806077837944030762e-01 -8.071946352720260620e-02 0.000000000000000000e+00 0.000000000000000000e+00 0.000000000000000000e+00 1.000000000000000000e+00
-9.996646642684936523e-01 1.794384792447090149e-02 1.867106743156909943e-02 -1.531465888023376465e+00 -2.589575946331024170e-02 -6.926937103271484375e-01 -7.207668423652648926e-01 -1.645580291748046875e+00 5.551115123125782702e-17 -7.210085988044738770e-01 6.929261088371276855e-01 -1.125307828187942505e-01 0.000000000000000000e+00 0.000000000000000000e+00 0.000000000000000000e+00 1.000000000000000000e+00
-9.026308655738830566e-01 3.148787915706634521e-01 2.934430241584777832e-01 6.753866076469421387e-01 -4.304154515266418457e-01 -6.603372097015380859e-01 -6.153838634490966797e-01 1.643238961696624756e-02 -5.551115123125782702e-17 -6.817669272422790527e-01 7.315694689750671387e-01 1.256911993026733398e+00 0.000000000000000000e+00 0.000000000000000000e+00 0.000000000000000000e+00 1.000000000000000000e+00
-5.083250999450683594e-01 -8.009953498840332031e-01 -3.162468373775482178e-01 3.976474404335021973e-01 8.611652851104736328e-01 -4.728082418441772461e-01 -1.866728812456130981e-01 -6.241194009780883789e-01 2.775557561562891351e-17 -3.672313094139099121e-01 9.301296472549438477e-01 2.325465232133865356e-01 0.000000000000000000e+00 0.000000000000000000e+00 0.000000000000000000e+00 1.000000000000000000e+00
6.774693727493286133e-01 -3.065465986728668213e-01 -6.686287522315979004e-01 -1.243859529495239258e+00 7.355509400367736816e-01 2.823406457901000977e-01 6.158315539360046387e-01 1.668458729982376099e-01 0.000000000000000000e+00 -9.090175628662109375e-01 4.167577922344207764e-01 6.619963049888610840e-01 0.000000000000000000e+00 0.000000000000000000e+00 0.000000000000000000e+00 1.000000000000000000e+00
3.771675229072570801e-01 2.749755978584289551e-01 8.843829035758972168e-01 -4.550872743129730225e-01 -9.261450767517089844e-01 1.119823157787322998e-01 3.601601123809814453e-01 -2.320906400680541992e+00 0.000000000000000000e+00 -9.549075365066528320e-01 2.969033718109130859e-01 4.712250232696533203e-01 0.000000000000000000e+00 0.000000000000000000e+00 0.000000000000000000e+00 1.000000000000000000e+00
-6.657635569572448730e-01 -1.925813704729080200e-01 -7.208823561668395996e-01 -1.455623149871826172e+00 7.461627721786499023e-01 -1.718306690454483032e-01 -6.432070136070251465e-01 1.123727083206176758e+00 0.000000000000000000e+00 -9.661193490028381348e-01 2.580956518650054932e-01 -2.714807689189910889e-01 0.000000000000000000e+00 0.000000000000000000e+00 0.000000000000000000e+00 1.000000000000000000e+00
-5.520267412066459656e-03 -6.730647683143615723e-01 7.395629882812500000e-01 1.121974349021911621e+00 -9.999847412109375000e-01 3.715554019436240196e-03 -4.082647617906332016e-03 -7.596347928047180176e-01 -4.336808689942017736e-19 -7.395742535591125488e-01 -6.730750203132629395e-01 3.281737565994262695e-01 0.000000000000000000e+00 0.000000000000000000e+00 0.000000000000000000e+00 1.000000000000000000e+00
9.376485943794250488e-01 2.987515628337860107e-01 1.776586472988128662e-01 -8.297645449638366699e-01 -3.475846350193023682e-01 8.059158921241760254e-01 4.792541563510894775e-01 -1.466755509376525879e+00 5.551115123125782702e-17 -5.111234188079833984e-01 8.595073223114013672e-01 5.608054995536804199e-01 0.000000000000000000e+00 0.000000000000000000e+00 0.000000000000000000e+00 1.000000000000000000e+00
6.738398075103759766e-01 1.195438727736473083e-01 7.291427254676818848e-01 8.430469036102294922e-01 -7.388774752616882324e-01 1.090213581919670105e-01 6.649619936943054199e-01 9.035009145736694336e-01 0.000000000000000000e+00 -9.868249893188476562e-01 1.617912054061889648e-01 1.312668800354003906e+00 0.000000000000000000e+00 0.000000000000000000e+00 0.000000000000000000e+00 1.000000000000000000e+00
8.246141672134399414e-01 1.876301467418670654e-01 5.336725711822509766e-01 1.115014195442199707e+00 -5.656955838203430176e-01 2.735083997249603271e-01 7.779342532157897949e-01 -1.033596754074096680e+00 0.000000000000000000e+00 -9.433917999267578125e-01 3.316804468631744385e-01 8.570377230644226074e-01 0.000000000000000000e+00 0.000000000000000000e+00 0.000000000000000000e+00 1.000000000000000000e+00
-6.889975070953369141e-01 2.115724980831146240e-01 6.931951045989990234e-01 4.886148869991302490e-01 -7.247636914253234863e-01 -2.011316716670989990e-01 -6.589868664741516113e-01 -2.048848390579223633e+00 2.775557561562891351e-17 -9.564429521560668945e-01 2.919192910194396973e-01 1.553422212600708008e-01 0.000000000000000000e+00 0.000000000000000000e+00 0.000000000000000000e+00 1.000000000000000000e+00
7.860420942306518555e-01 2.044903486967086792e-01 -5.833708643913269043e-01 -6.817781925201416016e-01 6.181730031967163086e-01 -2.600210905075073242e-01 7.417891621589660645e-01 2.062720619142055511e-02 0.000000000000000000e+00 -9.437016248703002930e-01 -3.307979404926300049e-01 -1.960314959287643433e-01 0.000000000000000000e+00 0.000000000000000000e+00 0.000000000000000000e+00 1.000000000000000000e+00
8.518087863922119141e-01 -1.071126759052276611e-01 -5.127851963043212891e-01 -1.294477343559265137e+00 5.238528251647949219e-01 1.741701364517211914e-01 8.338123559951782227e-01 -2.793909072875976562e+00 0.000000000000000000e+00 -9.788726568222045898e-01 2.044709324836730957e-01 -9.492636322975158691e-01 0.000000000000000000e+00 0.000000000000000000e+00 0.000000000000000000e+00 1.000000000000000000e+00
-6.545197963714599609e-01 -7.137918472290039062e-01 -2.492088079452514648e-01 1.125154018402099609e+00 7.560448646545410156e-01 -6.179407238960266113e-01 -2.157439440488815308e-01 -2.152935266494750977e+00 0.000000000000000000e+00 -3.296217322349548340e-01 9.441130757331848145e-01 1.349633574485778809e+00 0.000000000000000000e+00 0.000000000000000000e+00 0.000000000000000000e+00 1.000000000000000000e+00
-3.400605320930480957e-01 2.487408369779586792e-01 9.069105982780456543e-01 -1.491468429565429688e+00 -9.404035210609436035e-01 -8.994749188423156738e-02 -3.279491066932678223e-01 -8.005004525184631348e-01 6.938893903907228378e-18 -9.643844962120056152e-01 2.645043432712554932e-01 1.467594265937805176e+00 0.000000000000000000e+00 0.000000000000000000e+00 0.000000000000000000e+00 1.000000000000000000e+00
-1.309996396303176880e-01 -1.295787096023559570e-01 -9.828776121139526367e-01 -5.485963225364685059e-01 9.913824200630187988e-01 -1.712231710553169250e-02 -1.298758238554000854e-01 -1.084033608436584473e+00 0.000000000000000000e+00 -9.914212822914123535e-01 1.307050734758377075e-01 1.153400182723999023e+00 0.000000000000000000e+00 0.000000000000000000e+00 0.000000000000000000e+00 1.000000000000000000e+00
-3.131938874721527100e-01 7.439325451850891113e-01 -5.903168320655822754e-01 -1.334993362426757812e+00 9.496892094612121582e-01 2.453382909297943115e-01 -1.946780234575271606e-01 -1.464523673057556152e+00 -1.387778780781445676e-17 -6.215894818305969238e-01 -7.833431959152221680e-01 9.151948690414428711e-01 0.000000000000000000e+00 0.000000000000000000e+00 0.000000000000000000e+00 1.000000000000000000e+00
9.294625520706176758e-01 -4.455310851335525513e-02 3.662162721157073975e-01 -8.276876807212829590e-01 -3.689164221286773682e-01 -1.122488528490066528e-01 9.226596951484680176e-01 -1.214912295341491699e+00 0.000000000000000000e+00 -9.926808476448059082e-01 -1.207674816250801086e-01 -2.613463699817657471e-01 0.000000000000000000e+00 0.000000000000000000e+00 0.000000000000000000e+00 1.000000000000000000e+00
9.117674231529235840e-01 2.188808470964431763e-01 3.475216925144195557e-01 -1.194454073905944824e+00 -4.107069075107574463e-01 4.859144687652587891e-01 7.714965939521789551e-01 6.744113564491271973e-01 -5.551115123125782702e-17 -8.461549878120422363e-01 5.329368710517883301e-01 4.914728999137878418e-01 0.000000000000000000e+00 0.000000000000000000e+00 0.000000000000000000e+00 1.000000000000000000e+00
7.925246357917785645e-01 -1.357849501073360443e-02 -6.096886992454528809e-01 2.613655030727386475e-01 6.098399162292480469e-01 1.764609478414058685e-02 7.923281788825988770e-01 -1.371041655540466309e+00 1.734723475976807094e-18 -9.997521042823791504e-01 2.226567268371582031e-02 1.160904526710510254e+00 0.000000000000000000e+00 0.000000000000000000e+00 0.000000000000000000e+00 1.000000000000000000e+00
-1.873967796564102173e-01 -5.039917677640914917e-02 9.809905290603637695e-01 1.608144640922546387e+00 -9.822843074798583984e-01 9.614979848265647888e-03 -1.871499568223953247e-01 1.798210442066192627e-01 0.000000000000000000e+00 -9.986828565597534180e-01 -5.130813643336296082e-02 1.597726702690124512e+00 0.000000000000000000e+00 0.000000000000000000e+00 0.000000000000000000e+00 1.000000000000000000e+00
-8.310710191726684570e-01 -2.551547586917877197e-01 -4.941832125186920166e-01 1.443634510040283203e+00 5.561663508415222168e-01 -3.812739253044128418e-01 -7.384505271911621094e-01 -7.346714138984680176e-01 0.000000000000000000e+00 -8.885529041290283203e-01 4.587741792201995850e-01 4.749132096767425537e-01 0.000000000000000000e+00 0.000000000000000000e+00 0.000000000000000000e+00 1.000000000000000000e+00
-9.268273711204528809e-01 -2.510960102081298828e-01 -2.791807055473327637e-01 1.079044818878173828e+00 3.754877746105194092e-01 -6.197875142097473145e-01 -6.891098022460937500e-01 1.274944782257080078e+00 0.000000000000000000e+00 -7.435147762298583984e-01 6.687195301055908203e-01 1.330703139305114746e+00 0.000000000000000000e+00 0.000000000000000000e+00 0.000000000000000000e+00 1.000000000000000000e+00
-6.816956400871276855e-01 1.049811691045761108e-01 7.240648865699768066e-01 -3.096444606781005859e-01 -7.316358685493469238e-01 -9.781533479690551758e-02 -6.746414899826049805e-01 -9.803602695465087891e-01 0.000000000000000000e+00 -9.896520376205444336e-01 1.434882730245590210e-01 3.947949111461639404e-01 0.000000000000000000e+00 0.000000000000000000e+00 0.000000000000000000e+00 1.000000000000000000e+00
9.996002912521362305e-01 1.820353232324123383e-02 -2.163146436214447021e-02 1.660537004470825195e+00 2.827169746160507202e-02 -6.436209082603454590e-01 7.648220658302307129e-01 9.436096549034118652e-01 0.000000000000000000e+00 -7.651278972625732422e-01 -6.438782811164855957e-01 -9.571332931518554688e-01 0.000000000000000000e+00 0.000000000000000000e+00 0.000000000000000000e+00 1.000000000000000000e+00
6.034229993820190430e-01 -1.698832660913467407e-01 7.791150808334350586e-01 1.734186112880706787e-01 -7.974212765693664551e-01 -1.285537183284759521e-01 5.895704030990600586e-01 -2.627975225448608398e+00 0.000000000000000000e+00 -9.770433306694030762e-01 -2.130407989025115967e-01 9.823754429817199707e-01 0.000000000000000000e+00 0.000000000000000000e+00 0.000000000000000000e+00 1.000000000000000000e+00
-9.390903711318969727e-01 -2.546751201152801514e-01 2.307592928409576416e-01 -1.396065115928649902e+00 -3.436703085899353027e-01 6.959081888198852539e-01 -6.305573582649230957e-01 1.621499508619308472e-01 0.000000000000000000e+00 -6.714554429054260254e-01 -7.410449385643005371e-01 1.502420008182525635e-01 0.000000000000000000e+00 0.000000000000000000e+00 0.000000000000000000e+00 1.000000000000000000e+00
-1.062866449356079102e-01 -9.801303967833518982e-03 9.942872524261474609e-01 -2.553557418286800385e-02 -9.943355321884155273e-01 1.047682249918580055e-03 -1.062814816832542419e-01 4.590689241886138916e-01 0.000000000000000000e+00 -9.999514222145080566e-01 -9.857139550149440765e-03 6.192459464073181152e-01 0.000000000000000000e+00 0.000000000000000000e+00 0.000000000000000000e+00 1.000000000000000000e+00
5.942211151123046875e-01 4.025684595108032227e-01 -6.963044404983520508e-01 -1.869192272424697876e-01 8.043017387390136719e-01 -2.974190711975097656e-01 5.144323110580444336e-01 -1.586557507514953613e+00 0.000000000000000000e+00 -8.657254576683044434e-01 -5.005192160606384277e-01 -8.640381693840026855e-01 0.000000000000000000e+00 0.000000000000000000e+00 0.000000000000000000e+00 1.000000000000000000e+00
-9.983767271041870117e-01 4.751458764076232910e-02 -3.140564635396003723e-02 2.731718122959136963e-01 5.695569142699241638e-02 8.328835368156433105e-01 -5.505098104476928711e-01 -1.296075433492660522e-01 5.551115123125782702e-17 -5.514048933982849121e-01 -8.342377543449401855e-01 3.509446978569030762e-01 0.000000000000000000e+00 0.000000000000000000e+00 0.000000000000000000e+00 1.000000000000000000e+00
9.213156104087829590e-01 -1.036882922053337097e-01 3.747349977493286133e-01 3.027443587779998779e-01 -3.888156116008758545e-01 -2.456939518451690674e-01 8.879509568214416504e-01 6.609040498733520508e-01 0.000000000000000000e+00 -9.637858867645263672e-01 -2.666772902011871338e-01 1.347602486610412598e+00 0.000000000000000000e+00 0.000000000000000000e+00 0.000000000000000000e+00 1.000000000000000000e+00
-2.122077494859695435e-01 -5.695678591728210449e-01 -7.940782904624938965e-01 9.644113779067993164e-01 9.772245883941650391e-01 -1.236836537718772888e-01 -1.724368929862976074e-01 7.903225421905517578e-01 -6.938893903907228378e-18 -8.125852942466735840e-01 5.828422904014587402e-01 5.162014067173004150e-02 0.000000000000000000e+00 0.000000000000000000e+00 0.000000000000000000e+00 1.000000000000000000e+00
7.316381335258483887e-01 7.595580071210861206e-02 6.774483919143676758e-01 1.249035120010375977e+00 -6.816931962966918945e-01 8.152078837156295776e-02 7.270823717117309570e-01 6.485476493835449219e-01 0.000000000000000000e+00 -9.937731623649597168e-01 1.114222705364227295e-01 -3.210672438144683838e-01 0.000000000000000000e+00 0.000000000000000000e+00 0.000000000000000000e+00 1.000000000000000000e+00
-9.200958609580993652e-01 -1.983047425746917725e-01 3.377852737903594971e-01 9.047458767890930176e-01 -3.916933238506317139e-01 4.658220112323760986e-01 -7.934646606445312500e-01 1.238041043281555176e+00 5.551115123125782702e-17 -8.623718023300170898e-01 -5.062755346298217773e-01 1.168604135513305664e+00 0.000000000000000000e+00 0.000000000000000000e+00 0.000000000000000000e+00 1.000000000000000000e+00
7.036008685827255249e-02 2.689172141253948212e-02 -9.971591234207153320e-01 -1.470313906669616699e+00 9.975216388702392578e-01 -1.896804664283990860e-03 7.033450901508331299e-02 -1.837542533874511719e+00 -1.084202172485504434e-19 -9.996365308761596680e-01 -2.695853263139724731e-02 8.493945598602294922e-01 0.000000000000000000e+00 0.000000000000000000e+00 0.000000000000000000e+00 1.000000000000000000e+00
-3.146415650844573975e-01 -5.708090215921401978e-02 -9.474927186965942383e-01 -3.450271785259246826e-01 9.492105841636657715e-01 -1.892101205885410309e-02 -3.140721321105957031e-01 -6.039938703179359436e-02 0.000000000000000000e+00 -9.981902241706848145e-01 6.013513356447219849e-02 1.252590298652648926e+00 0.000000000000000000e+00 0.000000000000000000e+00 0.000000000000000000e+00 1.000000000000000000e+00
-9.018134474754333496e-01 3.489302992820739746e-01 2.549120187759399414e-01 8.276215195655822754e-01 -4.321255385875701904e-01 -7.281912565231323242e-01 -5.319821834564208984e-01 1.045110344886779785e+00 0.000000000000000000e+00 -5.899026989936828613e-01 8.074743747711181641e-01 8.992219567298889160e-01 0.000000000000000000e+00 0.000000000000000000e+00 0.000000000000000000e+00 1.000000000000000000e+00
-7.298090457916259766e-01 -1.877830326557159424e-01 6.573555469512939453e-01 1.756474673748016357e-01 -6.836510300636291504e-01 2.004615515470504761e-01 -7.017381191253662109e-01 -1.107312440872192383e+00 0.000000000000000000e+00 -9.615366458892822266e-01 -2.746767103672027588e-01 8.924074172973632812e-01 0.000000000000000000e+00 0.000000000000000000e+00 0.000000000000000000e+00 1.000000000000000000e+00
8.185653686523437500e-01 2.611677348613739014e-01 -5.116074085235595703e-01 -1.091025397181510925e-01 5.744133591651916504e-01 -3.721759915351867676e-01 7.290639877319335938e-01 1.317769646644592285e+00 0.000000000000000000e+00 -8.906607031822204590e-01 -4.546686112880706787e-01 8.624402284622192383e-01 0.000000000000000000e+00 0.000000000000000000e+00 0.000000000000000000e+00 1.000000000000000000e+00
-9.997203946113586426e-01 -1.177367102354764938e-02 2.050714939832687378e-02 -2.048403173685073853e-01 -2.364661730825901031e-02 4.977616667747497559e-01 -8.669914603233337402e-01 -7.343147397041320801e-01 0.000000000000000000e+00 -8.672339320182800293e-01 -4.979008734226226807e-01 1.155325531959533691e+00 0.000000000000000000e+00 0.000000000000000000e+00 0.000000000000000000e+00 1.000000000000000000e+00
-4.470492303371429443e-01 2.392901778221130371e-01 8.619090318679809570e-01 4.160616993904113770e-01 -8.945093750953674316e-01 -1.195901259779930115e-01 -4.307565391063690186e-01 -1.155955910682678223e+00 0.000000000000000000e+00 -9.635550975799560547e-01 2.675099670886993408e-01 3.416509330272674561e-01 0.000000000000000000e+00 0.000000000000000000e+00 0.000000000000000000e+00 1.000000000000000000e+00
7.448393702507019043e-01 4.118317272514104843e-03 -6.672311425209045410e-01 1.900277614593505859e+00 6.672438383102416992e-01 -4.597247112542390823e-03 7.448251843452453613e-01 4.355522096157073975e-01 0.000000000000000000e+00 -9.999809265136718750e-01 -6.172132212668657303e-03 1.209909558296203613e+00 0.000000000000000000e+00 0.000000000000000000e+00 0.000000000000000000e+00 1.000000000000000000e+00
6.432028412818908691e-01 -2.821523845195770264e-01 7.118147015571594238e-01 7.686549425125122070e-02 -7.656958103179931641e-01 -2.370147556066513062e-01 5.979413986206054688e-01 -1.948202848434448242e+00 1.387778780781445676e-17 -9.296311140060424805e-01 -3.684914708137512207e-01 2.693288028240203857e-01 0.000000000000000000e+00 0.000000000000000000e+00 0.000000000000000000e+00 1.000000000000000000e+00
8.947125673294067383e-01 -2.265920117497444153e-02 -4.460672438144683838e-01 1.428023934364318848e+00 4.466423988342285156e-01 4.539083689451217651e-02 8.935604095458984375e-01 -2.060098648071289062e+00 0.000000000000000000e+00 -9.987123012542724609e-01 5.073231458663940430e-02 4.516428709030151367e-01 0.000000000000000000e+00 0.000000000000000000e+00 0.000000000000000000e+00 1.000000000000000000e+00
-4.570969045162200928e-01 -2.048545181751251221e-01 -8.655039072036743164e-01 8.896473050117492676e-01 8.894168734550476074e-01 -1.052806228399276733e-01 -4.448073506355285645e-01 -8.913973569869995117e-01 -6.938893903907228378e-18 -9.731138944625854492e-01 2.303245216608047485e-01 1.482302397489547729e-01 0.000000000000000000e+00 0.000000000000000000e+00 0.000000000000000000e+00 1.000000000000000000e+00
5.128533244132995605e-01 -8.916595578193664551e-02 -8.538330793380737305e-01 1.670096255838871002e-02 8.584762215614318848e-01 5.326770246028900146e-02 5.100795030593872070e-01 5.783516168594360352e-01 3.469446951953614189e-18 -9.945913553237915039e-01 1.038653701543807983e-01 -4.316993951797485352e-01 0.000000000000000000e+00 0.000000000000000000e+00 0.000000000000000000e+00 1.000000000000000000e+00
-9.477435946464538574e-01 -3.086702227592468262e-01 8.065211772918701172e-02 1.317933201789855957e-01 -3.190330266952514648e-01 9.169591069221496582e-01 -2.395912557840347290e-01 -1.111595153808593750e+00 0.000000000000000000e+00 -2.528017759323120117e-01 -9.675180912017822266e-01 8.247184157371520996e-01 0.000000000000000000e+00 0.000000000000000000e+00 0.000000000000000000e+00 1.000000000000000000e+00
-9.670902490615844727e-01 -2.182649224996566772e-01 1.307550221681594849e-01 1.224198937416076660e+00 -2.544336020946502686e-01 8.296148180961608887e-01 -4.969937801361083984e-01 8.233952522277832031e-01 -5.551115123125782702e-17 -5.139063000679016113e-01 -8.578463196754455566e-01 -7.105377316474914551e-01 0.000000000000000000e+00 0.000000000000000000e+00 0.000000000000000000e+00 1.000000000000000000e+00
-9.567463397979736328e-01 -3.909211978316307068e-02 2.882851064205169678e-01 1.475217819213867188e+00 -2.909235060214996338e-01 1.285603940486907959e-01 -9.480694532394409180e-01 7.078203558921813965e-01 1.387778780781445676e-17 -9.909309148788452148e-01 -1.343725025653839111e-01 -3.179810941219329834e-01 0.000000000000000000e+00 0.000000000000000000e+00 0.000000000000000000e+00 1.000000000000000000e+00
9.475819468498229980e-01 1.919099092483520508e-01 -2.554585933685302734e-01 -4.775780737400054932e-01 3.195129334926605225e-01 -5.691486597061157227e-01 7.576155066490173340e-01 5.727620124816894531e-01 0.000000000000000000e+00 -7.995250821113586426e-01 -6.006326675415039062e-01 -2.474381774663925171e-01 0.000000000000000000e+00 0.000000000000000000e+00 0.000000000000000000e+00 1.000000000000000000e+00
6.284303665161132812e-01 -7.750775665044784546e-02 7.739946842193603516e-01 -1.596833109855651855e+00 -7.778658270835876465e-01 -6.261777877807617188e-02 6.253029108047485352e-01 5.628758668899536133e-02 6.938893903907228378e-18 -9.950233697891235352e-01 -9.964155405759811401e-02 -1.119670867919921875e-01 0.000000000000000000e+00 0.000000000000000000e+00 0.000000000000000000e+00 1.000000000000000000e+00
-1.634836345911026001e-01 -1.715312749147415161e-01 9.715194702148437500e-01 -5.260853096842765808e-02 -9.865460395812988281e-01 2.842498384416103363e-02 -1.609935313463211060e-01 8.412312865257263184e-01 -1.734723475976807094e-18 -9.847685098648071289e-01 -1.738705188035964966e-01 5.237268209457397461e-01 0.000000000000000000e+00 0.000000000000000000e+00 0.000000000000000000e+00 1.000000000000000000e+00
-8.818609118461608887e-01 -2.911213040351867676e-01 3.709039390087127686e-01 1.842810153961181641e+00 -4.715096354484558105e-01 5.444819331169128418e-01 -6.936988234519958496e-01 -2.251080513000488281e+00 0.000000000000000000e+00 -7.866306900978088379e-01 -6.174238324165344238e-01 1.305906176567077637e+00 0.000000000000000000e+00 0.000000000000000000e+00 0.000000000000000000e+00 1.000000000000000000e+00
9.225422739982604980e-01 -1.537447720766067505e-01 -3.539468050003051758e-01 2.737351953983306885e-01 3.858960866928100586e-01 3.675498366355895996e-01 8.461626768112182617e-01 -2.804998159408569336e-01 -2.775557561562891351e-17 -9.172075390815734863e-01 3.984097540378570557e-01 -8.552303910255432129e-02 0.000000000000000000e+00 0.000000000000000000e+00 0.000000000000000000e+00 1.000000000000000000e+00
8.429771065711975098e-01 -8.304923027753829956e-02 5.315001606941223145e-01 1.011363625526428223e+00 -5.379493832588195801e-01 -1.301397532224655151e-01 8.328709602355957031e-01 -6.978037953376770020e-01 -1.387778780781445676e-17 -9.880113601684570312e-01 -1.543811112642288208e-01 6.090882420539855957e-01 0.000000000000000000e+00 0.000000000000000000e+00 0.000000000000000000e+00 1.000000000000000000e+00
-7.952574491500854492e-01 -1.420131623744964600e-01 5.894047021865844727e-01 1.032205343246459961e+00 -6.062719225883483887e-01 1.862811446189880371e-01 -7.731323838233947754e-01 -2.840144038200378418e-01 0.000000000000000000e+00 -9.721788167953491211e-01 -2.342400550842285156e-01 -5.200524330139160156e-01 0.000000000000000000e+00 0.000000000000000000e+00 0.000000000000000000e+00 1.000000000000000000e+00
9.902709126472473145e-01 -1.006428822875022888e-01 9.609670937061309814e-02 6.913775205612182617e-01 -1.391530334949493408e-01 -7.162166237831115723e-01 6.838641762733459473e-01 -1.691139221191406250e+00 0.000000000000000000e+00 -6.905829310417175293e-01 -7.232532501220703125e-01 -2.917245030403137207e-01 0.000000000000000000e+00 0.000000000000000000e+00 0.000000000000000000e+00 1.000000000000000000e+00
-3.678129985928535461e-02 -7.954297214746475220e-02 9.961526393890380859e-01 8.603660017251968384e-02 -9.993233680725097656e-01 2.927674911916255951e-03 -3.666459769010543823e-02 -4.852418601512908936e-01 0.000000000000000000e+00 -9.968271255493164062e-01 -7.959683239459991455e-02 5.410299301147460938e-01 0.000000000000000000e+00 0.000000000000000000e+00 0.000000000000000000e+00 1.000000000000000000e+00
8.016916513442993164e-01 3.555062413215637207e-01 -4.805266261100769043e-01 1.784801483154296875e+00 5.977378487586975098e-01 -4.768083095550537109e-01 6.444868445396423340e-01 -5.333292484283447266e-01 -2.775557561562891351e-17 -8.039086461067199707e-01 -5.947527289390563965e-01 1.051088690757751465e+00 0.000000000000000000e+00 0.000000000000000000e+00 0.000000000000000000e+00 1.000000000000000000e+00
3.372776508331298828e-01 -5.580442547798156738e-01 7.581756711006164551e-01 1.735481262207031250e+00 -9.414052367210388184e-01 -1.999307423830032349e-01 2.716319262981414795e-01 1.659390211105346680e+00 0.000000000000000000e+00 -8.053659200668334961e-01 -5.927779674530029297e-01 -2.033846825361251831e-02 0.000000000000000000e+00 0.000000000000000000e+00 0.000000000000000000e+00 1.000000000000000000e+00
-1.013665124773979187e-01 -5.229547023773193359e-01 -8.463115692138671875e-01 5.968862175941467285e-01 9.948491454124450684e-01 -5.328455194830894470e-02 -8.623182028532028198e-02 -1.806810855865478516e+00 3.469446951953614189e-18 -8.506933450698852539e-01 5.256623029708862305e-01 -3.226458430290222168e-01 0.000000000000000000e+00 0.000000000000000000e+00 0.000000000000000000e+00 1.000000000000000000e+00
-5.655102133750915527e-01 -5.949981212615966797e-01 5.711176991462707520e-01 -6.624651551246643066e-01 -8.247413039207458496e-01 4.079794585704803467e-01 -3.916050791740417480e-01 -9.206591248512268066e-01 0.000000000000000000e+00 -6.924810409545898438e-01 -7.214360833168029785e-01 -2.532258331775665283e-01 0.000000000000000000e+00 0.000000000000000000e+00 0.000000000000000000e+00 1.000000000000000000e+00
6.162357926368713379e-01 -2.153799980878829956e-01 7.575386762619018555e-01 5.273362994194030762e-01 -7.875617146492004395e-01 -1.685263067483901978e-01 5.927439928054809570e-01 1.966251283884048462e-01 1.387778780781445676e-17 -9.618785381317138672e-01 -2.734769880771636963e-01 -1.022904515266418457e-01 0.000000000000000000e+00 0.000000000000000000e+00 0.000000000000000000e+00 1.000000000000000000e+00
9.831680655479431152e-01 -1.490042060613632202e-01 -1.057276427745819092e-01 -1.385322451591491699e+00 1.827035397291183472e-01 8.018244504928588867e-01 5.689437389373779297e-01 8.661653995513916016e-01 5.551115123125782702e-17 -5.786840915679931641e-01 8.155517578125000000e-01 -2.117999456822872162e-02 0.000000000000000000e+00 0.000000000000000000e+00 0.000000000000000000e+00 1.000000000000000000e+00
1.929213851690292358e-01 -5.299047231674194336e-01 -8.258222341537475586e-01 -2.532158195972442627e-01 9.812142252922058105e-01 1.041871905326843262e-01 1.623689979314804077e-01 -4.506113231182098389e-01 0.000000000000000000e+00 -8.416329622268676758e-01 5.400499701499938965e-01 4.431643187999725342e-01 0.000000000000000000e+00 0.000000000000000000e+00 0.000000000000000000e+00 1.000000000000000000e+00
-9.975541234016418457e-01 -5.652935057878494263e-02 4.111237451434135437e-02 4.815234839916229248e-01 -6.989846378564834595e-02 8.067572116851806641e-01 -5.867342352867126465e-01 -1.187648892402648926e+00 5.551115123125782702e-17 -5.881727933883666992e-01 -8.087352514266967773e-01 3.789471387863159180e-01 0.000000000000000000e+00 0.000000000000000000e+00 0.000000000000000000e+00 1.000000000000000000e+00
-8.918472528457641602e-01 2.125557065010070801e-01 3.992850184440612793e-01 5.390543341636657715e-01 -4.523366391658782959e-01 -4.190843701362609863e-01 -7.872482538223266602e-01 -6.807352304458618164e-01 2.775557561562891351e-17 -8.827164769172668457e-01 4.699060022830963135e-01 4.041225016117095947e-01 0.000000000000000000e+00 0.000000000000000000e+00 0.000000000000000000e+00 1.000000000000000000e+00
-3.600916862487792969e-01 -7.056344747543334961e-01 6.102572679519653320e-01 -5.800908803939819336e-01 -9.329169392585754395e-01 2.723641395568847656e-01 -2.355500012636184692e-01 1.376405835151672363e+00 0.000000000000000000e+00 -6.541389226913452148e-01 -7.563744187355041504e-01 -2.368455529212951660e-01 0.000000000000000000e+00 0.000000000000000000e+00 0.000000000000000000e+00 1.000000000000000000e+00
7.104089856147766113e-01 5.464155673980712891e-01 4.435640275478363037e-01 -1.528769612312316895e+00 -7.037890553474426270e-01 5.515552759170532227e-01 4.477362632751464844e-01 -5.751681923866271973e-01 0.000000000000000000e+00 -6.302514076232910156e-01 7.763911485671997070e-01 6.660572886466979980e-01 0.000000000000000000e+00 0.000000000000000000e+00 0.000000000000000000e+00 1.000000000000000000e+00
-4.370278716087341309e-01 -1.839467883110046387e-02 -8.992598652839660645e-01 2.088090658187866211e+00 8.994479775428771973e-01 -8.937689475715160370e-03 -4.369364678859710693e-01 -1.758516311645507812e+00 0.000000000000000000e+00 -9.997908473014831543e-01 2.045107632875442505e-02 1.557281136512756348e+00 0.000000000000000000e+00 0.000000000000000000e+00 0.000000000000000000e+00 1.000000000000000000e+00
5.903608202934265137e-01 -4.939250349998474121e-01 6.383668184280395508e-01 3.937231600284576416e-01 -8.071394562721252441e-01 -3.612684011459350586e-01 4.669165015220642090e-01 -4.771578311920166016e-01 -2.775557561562891351e-17 -7.909002304077148438e-01 -6.119450926780700684e-01 -3.693353533744812012e-01 0.000000000000000000e+00 0.000000000000000000e+00 0.000000000000000000e+00 1.000000000000000000e+00
5.803847312927246094e-01 5.565545558929443359e-01 5.944750308990478516e-01 1.776438057422637939e-01 -8.143423795700073242e-01 3.966584205627441406e-01 4.236845076084136963e-01 -3.344590067863464355e-01 -2.775557561562891351e-17 -7.300062179565429688e-01 6.834404468536376953e-01 -4.252462685108184814e-01 0.000000000000000000e+00 0.000000000000000000e+00 0.000000000000000000e+00 1.000000000000000000e+00
-2.089748233556747437e-01 4.496140778064727783e-01 8.684334754943847656e-01 2.780275940895080566e-01 -9.779210090637207031e-01 -9.607934951782226562e-02 -1.855781078338623047e-01 -4.791227579116821289e-01 0.000000000000000000e+00 -8.880404829978942871e-01 4.597652256488800049e-01 1.238715887069702148e+00 0.000000000000000000e+00 0.000000000000000000e+00 0.000000000000000000e+00 1.000000000000000000e+00
7.754869461059570312e-01 2.105354368686676025e-01 -5.952267050743103027e-01 -5.704255104064941406e-01 6.313636302947998047e-01 -2.585950195789337158e-01 7.311009764671325684e-01 1.443075180053710938e+00 -2.775557561562891351e-17 -9.427637457847595215e-01 -3.334614634513854980e-01 1.441141605377197266e+00 0.000000000000000000e+00 0.000000000000000000e+00 0.000000000000000000e+00 1.000000000000000000e+00
-7.344911694526672363e-01 -8.243538439273834229e-02 -6.735926866531372070e-01 9.537429809570312500e-01 6.786182522773742676e-01 -8.922256529331207275e-02 -7.290518879890441895e-01 -1.034428238868713379e+00 -6.938893903907228378e-18 -9.925944209098815918e-01 1.214753389358520508e-01 -4.433497786521911621e-01 0.000000000000000000e+00 0.000000000000000000e+00 0.000000000000000000e+00 1.000000000000000000e+00
9.437497258186340332e-01 -4.847157374024391174e-02 -3.270886242389678955e-01 -1.736671566963195801e+00 3.306606411933898926e-01 1.383443623781204224e-01 9.335547089576721191e-01 4.921660721302032471e-01 0.000000000000000000e+00 -9.891973137855529785e-01 1.465900987386703491e-01 -5.233097821474075317e-02 0.000000000000000000e+00 0.000000000000000000e+00 0.000000000000000000e+00 1.000000000000000000e+00
-1.454262733459472656e-01 3.822245001792907715e-01 9.125544428825378418e-01 1.519866466522216797e+00 -9.893690943717956543e-01 -5.618275701999664307e-02 -1.341353803873062134e-01 -8.532478213310241699e-01 0.000000000000000000e+00 -9.223600029945373535e-01 3.863315284252166748e-01 -3.208088576793670654e-01 0.000000000000000000e+00 0.000000000000000000e+00 0.000000000000000000e+00 1.000000000000000000e+00
-7.851493358612060547e-01 9.303932636976242065e-02 -6.122778654098510742e-01 5.987901687622070312e-01 6.193064451217651367e-01 1.179541498422622681e-01 -7.762385606765747070e-01 -1.254053950309753418e+00 0.000000000000000000e+00 -9.886508584022521973e-01 -1.502314805984497070e-01 5.739415287971496582e-01 0.000000000000000000e+00 0.000000000000000000e+00 0.000000000000000000e+00 1.000000000000000000e+00
2.677994072437286377e-01 8.331947326660156250e-01 4.838077723979949951e-01 4.220116510987281799e-02 -9.634746909141540527e-01 2.315878868103027344e-01 1.344751864671707153e-01 -8.043179512023925781e-01 0.000000000000000000e+00 -5.021489262580871582e-01 8.647811412811279297e-01 2.165304273366928101e-01 0.000000000000000000e+00 0.000000000000000000e+00 0.000000000000000000e+00 1.000000000000000000e+00
9.985265731811523438e-01 -2.770962379872798920e-02 4.665708914399147034e-02 -1.463186979293823242e+00 -5.426515638828277588e-02 -5.098814368247985840e-01 8.585314154624938965e-01 2.122569233179092407e-01 5.551115123125782702e-17 -8.597983121871948242e-01 -5.106338262557983398e-01 1.529478192329406738e+00 0.000000000000000000e+00 0.000000000000000000e+00 0.000000000000000000e+00 1.000000000000000000e+00
-1.141095981001853943e-01 -6.226982474327087402e-01 -7.740968465805053711e-01 -1.193740963935852051e+00 9.934681653976440430e-01 -7.152302563190460205e-02 -8.891264349222183228e-02 -2.627963304519653320e+00 0.000000000000000000e+00 -7.791863083839416504e-01 6.267923712730407715e-01 1.161175489425659180e+00 0.000000000000000000e+00 0.000000000000000000e+00 0.000000000000000000e+00 1.000000000000000000e+00
8.543050289154052734e-01 -2.818177938461303711e-01 -4.367397427558898926e-01 -9.668141007423400879e-01 5.197719335556030273e-01 4.631999731063842773e-01 7.178320884704589844e-01 4.121043980121612549e-01 -2.775557561562891351e-17 -8.402526378631591797e-01 5.421950817108154297e-01 8.036081194877624512e-01 0.000000000000000000e+00 0.000000000000000000e+00 0.000000000000000000e+00 1.000000000000000000e+00
-2.910001575946807861e-01 -1.318042874336242676e-01 9.476004242897033691e-01 1.298937082290649414e+00 -9.567230343818664551e-01 4.009004309773445129e-02 -2.882253825664520264e-01 -6.820026040077209473e-01 0.000000000000000000e+00 -9.904647469520568848e-01 -1.377664059400558472e-01 1.206215739250183105e+00 0.000000000000000000e+00 0.000000000000000000e+00 0.000000000000000000e+00 1.000000000000000000e+00
-8.266264796257019043e-01 3.068564236164093018e-01 4.717284739017486572e-01 -1.620269536972045898e+00 -5.627509355545043945e-01 -4.507423043251037598e-01 -6.929233074188232422e-01 -1.407599925994873047e+00 -2.775557561562891351e-17 -8.382544517517089844e-01 5.452792644500732422e-01 1.191449165344238281e-02 0.000000000000000000e+00 0.000000000000000000e+00 0.000000000000000000e+00 1.000000000000000000e+00
-6.292347311973571777e-01 5.929411649703979492e-01 5.024783015251159668e-01 9.742640852928161621e-01 -7.772153019905090332e-01 -4.800460934638977051e-01 -4.068072140216827393e-01 -2.287355251610279083e-02 2.775557561562891351e-17 -6.465110778808593750e-01 7.629045844078063965e-01 -8.612111806869506836e-01 0.000000000000000000e+00 0.000000000000000000e+00 0.000000000000000000e+00 1.000000000000000000e+00
-9.528326988220214844e-01 2.015945166349411011e-01 2.268688231706619263e-01 1.371454596519470215e+00 -3.034959733486175537e-01 -6.329106688499450684e-01 -7.122599482536315918e-01 1.628058552742004395e+00 0.000000000000000000e+00 -7.475183606147766113e-01 6.642411351203918457e-01 5.050682425498962402e-01 0.000000000000000000e+00 0.000000000000000000e+00 0.000000000000000000e+00 1.000000000000000000e+00
4.190001785755157471e-01 2.718339264392852783e-01 -8.663401007652282715e-01 -1.027852773666381836e+00 9.079861640930175781e-01 -1.254407614469528198e-01 3.997821509838104248e-01 1.272770404815673828e+00 0.000000000000000000e+00 -9.541335701942443848e-01 -2.993811666965484619e-01 -1.994453668594360352e-01 0.000000000000000000e+00 0.000000000000000000e+00 0.000000000000000000e+00 1.000000000000000000e+00
-4.273489862680435181e-02 -6.833786964416503906e-01 7.288122177124023438e-01 7.275234460830688477e-01 -9.990864396095275879e-01 2.923082374036312103e-02 -3.117419593036174774e-02 7.540656328201293945e-01 -3.469446951953614189e-18 -7.294786572456359863e-01 -6.840035915374755859e-01 -6.696152091026306152e-01 0.000000000000000000e+00 0.000000000000000000e+00 0.000000000000000000e+00 1.000000000000000000e+00
4.987938106060028076e-01 -2.526832520961761475e-01 -8.290693163871765137e-01 1.059961795806884766e+00 8.667206764221191406e-01 1.454180777072906494e-01 4.771256148815155029e-01 -3.140198886394500732e-01 1.387778780781445676e-17 -9.565588235855102539e-01 2.915394306182861328e-01 -8.723611831665039062e-01 0.000000000000000000e+00 0.000000000000000000e+00 0.000000000000000000e+00 1.000000000000000000e+00
8.221929073333740234e-01 2.490178197622299194e-01 5.118485093116760254e-01 -5.939530730247497559e-01 -5.692089200019836426e-01 3.596933782100677490e-01 7.393388152122497559e-01 -2.068725824356079102e+00 -2.775557561562891351e-17 -8.992278575897216797e-01 4.374805092811584473e-01 1.592073678970336914e+00 0.000000000000000000e+00 0.000000000000000000e+00 0.000000000000000000e+00 1.000000000000000000e+00
-8.530030846595764160e-01 -4.001021087169647217e-01 3.351179957389831543e-01 2.362968772649765015e-01 -5.219058990478515625e-01 6.539269685745239258e-01 -5.477169156074523926e-01 -1.480327844619750977e+00 -5.551115123125782702e-17 -6.421042680740356445e-01 -7.666173577308654785e-01 8.160125017166137695e-01 0.000000000000000000e+00 0.000000000000000000e+00 0.000000000000000000e+00 1.000000000000000000e+00
3.642720580101013184e-01 8.656635284423828125e-01 3.434130251407623291e-01 9.279937744140625000e-01 -9.312925934791564941e-01 3.386014699935913086e-01 1.343248784542083740e-01 -2.215000629425048828e+00 2.775557561562891351e-17 -3.687488138675689697e-01 9.295290708541870117e-01 1.021556496620178223e+00 0.000000000000000000e+00 0.000000000000000000e+00 0.000000000000000000e+00 1.000000000000000000e+00
9.450530409812927246e-01 5.053830891847610474e-02 3.229871094226837158e-01 1.376553773880004883e+00 -3.269171118736267090e-01 1.460963040590286255e-01 9.336921572685241699e-01 -8.067660778760910034e-02 0.000000000000000000e+00 -9.879786372184753418e-01 1.545905917882919312e-01 1.811962723731994629e-01 0.000000000000000000e+00 0.000000000000000000e+00 0.000000000000000000e+00 1.000000000000000000e+00
-1.948704570531845093e-01 6.421535015106201172e-01 -7.413935661315917969e-01 -3.474496006965637207e-01 9.808290004730224609e-01 1.275826394557952881e-01 -1.472995877265930176e-01 -6.623809337615966797e-01 1.387778780781445676e-17 -7.558845877647399902e-01 -6.547048687934875488e-01 -1.736284792423248291e-01 0.000000000000000000e+00 0.000000000000000000e+00 0.000000000000000000e+00 1.000000000000000000e+00
6.978859305381774902e-01 4.054233133792877197e-01 -5.904127359390258789e-01 1.383884668350219727e+00 7.162089347839355469e-01 -3.950512409210205078e-01 5.753080248832702637e-01 8.969346284866333008e-01 0.000000000000000000e+00 -8.243582248687744141e-01 -5.660684704780578613e-01 -5.370103716850280762e-01 0.000000000000000000e+00 0.000000000000000000e+00 0.000000000000000000e+00 1.000000000000000000e+00
-2.410632669925689697e-01 5.988649651408195496e-02 9.686599373817443848e-01 -2.685318887233734131e-01 -9.705094099044799805e-01 -1.487511023879051208e-02 -2.406038790941238403e-01 -2.283460617065429688e+00 0.000000000000000000e+00 -9.980943799018859863e-01 6.170624867081642151e-02 1.056845784187316895e+00 0.000000000000000000e+00 0.000000000000000000e+00 0.000000000000000000e+00 1.000000000000000000e+00
9.650956988334655762e-01 2.282488048076629639e-01 1.284242868423461914e-01 -7.887387871742248535e-01 -2.618975341320037842e-01 8.410997390747070312e-01 4.732451140880584717e-01 -2.189818143844604492e+00 -5.551115123125782702e-17 -4.903607964515686035e-01 8.715195059776306152e-01 9.827082753181457520e-01 0.000000000000000000e+00 0.000000000000000000e+00 0.000000000000000000e+00 1.000000000000000000e+00
-8.918085694313049316e-02 5.493651032447814941e-01 -8.308097124099731445e-01 3.522087335586547852e-01 9.960154294967651367e-01 4.918884113430976868e-02 -7.438872754573822021e-02 -1.763823628425598145e+00 -3.469446951953614189e-18 -8.341333866119384766e-01 -5.515627861022949219e-01 1.723480820655822754e-01 0.000000000000000000e+00 0.000000000000000000e+00 0.000000000000000000e+00 1.000000000000000000e+00
-9.947649836540222168e-01 -2.674250304698944092e-02 -9.862796962261199951e-02 1.015602946281433105e+00 1.021892204880714417e-01 -2.603259384632110596e-01 -9.600977897644042969e-01 -2.004657745361328125e+00 0.000000000000000000e+00 -9.651503562927246094e-01 2.616959214210510254e-01 1.057251811027526855e+00 0.000000000000000000e+00 0.000000000000000000e+00 0.000000000000000000e+00 1.000000000000000000e+00
-9.766975045204162598e-01 3.158320486545562744e-02 2.122840136289596558e-01 4.058342576026916504e-01 -2.146205902099609375e-01 -1.437291651964187622e-01 -9.660641551017761230e-01 1.340753078460693359e+00 0.000000000000000000e+00 -9.891129732131958008e-01 1.471583098173141479e-01 1.272789597511291504e+00 0.000000000000000000e+00 0.000000000000000000e+00 0.000000000000000000e+00 1.000000000000000000e+00
-9.115713238716125488e-01 -4.038975536823272705e-01 7.684107124805450439e-02 1.737905740737915039e+00 -4.111420214176177979e-01 8.955090045928955078e-01 -1.703696250915527344e-01 -1.347033858299255371e+00 0.000000000000000000e+00 -1.868966519832611084e-01 -9.823795557022094727e-01 1.607415199279785156e+00 0.000000000000000000e+00 0.000000000000000000e+00 0.000000000000000000e+00 1.000000000000000000e+00
-6.503689289093017578e-01 -3.338220119476318359e-01 -6.823365092277526855e-01 -1.617963016033172607e-01 7.596184611320495605e-01 -2.858112156391143799e-01 -5.842017531394958496e-01 -8.854875564575195312e-01 0.000000000000000000e+00 -8.982620835304260254e-01 4.394600987434387207e-01 1.066719651222229004e+00 0.000000000000000000e+00 0.000000000000000000e+00 0.000000000000000000e+00 1.000000000000000000e+00
9.610351920127868652e-01 1.414057910442352295e-01 -2.375200688838958740e-01 -1.811078429222106934e+00 2.764260768890380859e-01 -4.916176497936248779e-01 8.257727622985839844e-01 -1.795374155044555664e-01 2.775557561562891351e-17 -8.592534661293029785e-01 -5.115501284599304199e-01 3.038480281829833984e-01 0.000000000000000000e+00 0.000000000000000000e+00 0.000000000000000000e+00 1.000000000000000000e+00
8.235260248184204102e-01 3.854719698429107666e-01 -4.161925613880157471e-01 1.667644262313842773e+00 5.672785043716430664e-01 -5.595949888229370117e-01 6.041924953460693359e-01 -6.715793609619140625e-01 0.000000000000000000e+00 -7.336653470993041992e-01 -6.795110106468200684e-01 7.877146005630493164e-01 0.000000000000000000e+00 0.000000000000000000e+00 0.000000000000000000e+00 1.000000000000000000e+00
-7.824642062187194824e-01 -4.999774992465972900e-01 -3.711768984794616699e-01 7.615147829055786133e-01 6.226955652236938477e-01 -6.282595992088317871e-01 -4.664118885993957520e-01 1.031040191650390625e+00 0.000000000000000000e+00 -5.960808396339416504e-01 8.029244542121887207e-01 1.572253465652465820e+00 0.000000000000000000e+00 0.000000000000000000e+00 0.000000000000000000e+00 1.000000000000000000e+00
3.561722636222839355e-01 6.033162474632263184e-01 7.135480642318725586e-01 9.976423382759094238e-01 -9.344202876091003418e-01 2.299655824899673462e-01 2.719825506210327148e-01 -2.553826332092285156e+00 -1.387778780781445676e-17 -7.636264562606811523e-01 6.456583142280578613e-01 5.480052828788757324e-01 0.000000000000000000e+00 0.000000000000000000e+00 0.000000000000000000e+00 1.000000000000000000e+00
9.526157975196838379e-01 1.918293237686157227e-01 2.360605746507644653e-01 -6.712167263031005859e-01 -3.041760623455047607e-01 6.007692813873291016e-01 7.392923235893249512e-01 8.317579627037048340e-01 0.000000000000000000e+00 -7.760655283927917480e-01 6.306522488594055176e-01 1.099357128143310547e+00 0.000000000000000000e+00 0.000000000000000000e+00 0.000000000000000000e+00 1.000000000000000000e+00
-9.713532328605651855e-01 1.881237924098968506e-01 1.451976746320724487e-01 -5.893253684043884277e-01 -2.376403361558914185e-01 -7.689546942710876465e-01 -5.934945344924926758e-01 -9.146935939788818359e-01 -5.551115123125782702e-17 -6.109976172447204590e-01 7.916324138641357422e-01 5.362385511398315430e-01 0.000000000000000000e+00 0.000000000000000000e+00 0.000000000000000000e+00 1.000000000000000000e+00
9.590519070625305176e-01 -1.112538278102874756e-01 -2.604650557041168213e-01 1.507244706153869629e+00 2.832303941249847412e-01 3.767187297344207764e-01 8.819656968116760254e-01 1.309893131256103516e+00 0.000000000000000000e+00 -9.196225404739379883e-01 3.928032815456390381e-01 8.476918935775756836e-01 0.000000000000000000e+00 0.000000000000000000e+00 0.000000000000000000e+00 1.000000000000000000e+00
-6.737410426139831543e-01 -5.501726269721984863e-01 4.933387339115142822e-01 8.320367336273193359e-01 -7.389675378799438477e-01 5.016104578971862793e-01 -4.497931599617004395e-01 -2.853817224502563477e+00 5.551115123125782702e-17 -6.676054000854492188e-01 -7.445152997970581055e-01 9.842293262481689453e-01 0.000000000000000000e+00 0.000000000000000000e+00 0.000000000000000000e+00 1.000000000000000000e+00
-9.666007757186889648e-02 -6.987033486366271973e-01 -7.088515162467956543e-01 -9.059520810842514038e-02 9.953174591064453125e-01 -6.785445660352706909e-02 -6.883998960256576538e-02 -2.605190277099609375e-01 0.000000000000000000e+00 -7.121863365173339844e-01 7.019904851913452148e-01 -1.162623241543769836e-02 0.000000000000000000e+00 0.000000000000000000e+00 0.000000000000000000e+00 1.000000000000000000e+00
9.188535809516906738e-01 2.022305130958557129e-01 -3.388376533985137939e-01 2.053138494491577148e+00 3.945986926555633545e-01 -4.709093868732452393e-01 7.890096306800842285e-01 -1.166611194610595703e+00 0.000000000000000000e+00 -8.586891889572143555e-01 -5.124966502189636230e-01 -8.906033635139465332e-01 0.000000000000000000e+00 0.000000000000000000e+00 0.000000000000000000e+00 1.000000000000000000e+00
5.799221396446228027e-01 2.918365597724914551e-01 -7.606061697006225586e-01 1.286821365356445312e+00 8.146719336509704590e-01 -2.077431231737136841e-01 5.414355397224426270e-01 -1.020068526268005371e+00 1.387778780781445676e-17 -9.336349368095397949e-01 -3.582258820533752441e-01 -1.789135038852691650e-01 0.000000000000000000e+00 0.000000000000000000e+00 0.000000000000000000e+00 1.000000000000000000e+00
6.413477659225463867e-01 -6.420338749885559082e-01 4.200780689716339111e-01 -4.237760305404663086e-01 -7.672502994537353516e-01 -5.366787910461425781e-01 3.511449992656707764e-01 9.882922172546386719e-01 0.000000000000000000e+00 -5.475111007690429688e-01 -8.367984294891357422e-01 -2.645653486251831055e-02 0.000000000000000000e+00 0.000000000000000000e+00 0.000000000000000000e+00 1.000000000000000000e+00
2.166723310947418213e-01 -6.540935039520263672e-01 7.247170805931091309e-01 9.883664846420288086e-01 -9.762443900108337402e-01 -1.451726257801055908e-01 1.608471572399139404e-01 -1.238018035888671875e+00 0.000000000000000000e+00 -7.423520684242248535e-01 -6.700099706649780273e-01 8.087230920791625977e-01 0.000000000000000000e+00 0.000000000000000000e+00 0.000000000000000000e+00 1.000000000000000000e+00
-6.065167859196662903e-02 -3.431673943996429443e-01 -9.373139739036560059e-01 -9.299427866935729980e-01 9.981589913368225098e-01 -2.085206843912601471e-02 -5.695452168583869934e-02 -1.941275298595428467e-01 1.734723475976807094e-18 -9.390427470207214355e-01 3.438003361225128174e-01 4.006800055503845215e-01 0.000000000000000000e+00 0.000000000000000000e+00 0.000000000000000000e+00 1.000000000000000000e+00
-9.985294342041015625e-01 -3.725981712341308594e-02 -3.937826678156852722e-02 1.592941284179687500e+00 5.421200767159461975e-02 -6.862875223159790039e-01 -7.253072261810302734e-01 -2.458225011825561523e+00 5.551115123125782702e-17 -7.263754010200500488e-01 6.872981786727905273e-01 7.287817001342773438e-01 0.000000000000000000e+00 0.000000000000000000e+00 0.000000000000000000e+00 1.000000000000000000e+00
8.916330933570861816e-01 -1.644488275051116943e-01 4.218375980854034424e-01 1.457664012908935547e+00 -4.527586400508880615e-01 -3.238547146320343018e-01 8.307392597198486328e-01 -4.699185490608215332e-03 0.000000000000000000e+00 -9.317052960395812988e-01 -3.632152080535888672e-01 -5.462450385093688965e-01 0.000000000000000000e+00 0.000000000000000000e+00 0.000000000000000000e+00 1.000000000000000000e+00
5.278558731079101562e-01 4.204583764076232910e-01 7.379586100578308105e-01 8.403596282005310059e-01 -8.493339419364929199e-01 2.613123357295989990e-01 4.586367905139923096e-01 9.110873341560363770e-01 0.000000000000000000e+00 -8.688674569129943848e-01 4.950448274612426758e-01 -2.374283038079738617e-02 0.000000000000000000e+00 0.000000000000000000e+00 0.000000000000000000e+00 1.000000000000000000e+00
9.615462422370910645e-01 -1.724472194910049438e-01 -2.137539237737655640e-01 1.011717677116394043e+00 2.746430039405822754e-01 6.037509441375732422e-01 7.483689188957214355e-01 9.655888676643371582e-01 0.000000000000000000e+00 -7.782973647117614746e-01 6.278958916664123535e-01 -6.179499030113220215e-01 0.000000000000000000e+00 0.000000000000000000e+00 0.000000000000000000e+00 1.000000000000000000e+00
-3.275690674781799316e-01 -6.883539557456970215e-01 -6.471996307373046875e-01 2.178544759750366211e+00 9.448272585868835449e-01 -2.386504709720611572e-01 -2.243823707103729248e-01 -2.147432088851928711e+00 -1.387778780781445676e-17 -6.849925518035888672e-01 7.285500764846801758e-01 -7.528705596923828125e-01 0.000000000000000000e+00 0.000000000000000000e+00 0.000000000000000000e+00 1.000000000000000000e+00
-4.046510159969329834e-01 3.659165501594543457e-01 8.380707502365112305e-01 -1.095047950744628906e+00 -9.144712090492248535e-01 -1.619170904159545898e-01 -3.708440661430358887e-01 -2.077099800109863281e+00 0.000000000000000000e+00 -9.164540171623229980e-01 4.001400768756866455e-01 5.705715417861938477e-01 0.000000000000000000e+00 0.000000000000000000e+00 0.000000000000000000e+00 1.000000000000000000e+00
9.265992045402526855e-01 -3.197551071643829346e-01 -1.979154944419860840e-01 4.609423279762268066e-01 3.760503828525543213e-01 7.878860831260681152e-01 4.876696467399597168e-01 -2.067399501800537109e+00 -5.551115123125782702e-17 -5.263004899024963379e-01 8.502986431121826172e-01 -6.554073095321655273e-01 0.000000000000000000e+00 0.000000000000000000e+00 0.000000000000000000e+00 1.000000000000000000e+00
9.978736639022827148e-01 -4.968344420194625854e-02 -4.218624904751777649e-02 -3.503191173076629639e-01 6.517763435840606689e-02 7.606566548347473145e-01 6.458741426467895508e-01 2.257456034421920776e-01 5.551115123125782702e-17 -6.472503542900085449e-01 7.622774839401245117e-01 7.479662299156188965e-01 0.000000000000000000e+00 0.000000000000000000e+00 0.000000000000000000e+00 1.000000000000000000e+00
4.671863019466400146e-01 -4.066746234893798828e-01 -7.850813269615173340e-01 1.783624887466430664e+00 8.841589093208312988e-01 2.148853838443756104e-01 4.148340821266174316e-01 -7.816350460052490234e-01 0.000000000000000000e+00 -8.879414796829223633e-01 4.599564969539642334e-01 -1.143249198794364929e-01 0.000000000000000000e+00 0.000000000000000000e+00 0.000000000000000000e+00 1.000000000000000000e+00
-3.759815990924835205e-01 4.370616376399993896e-01 -8.170771002769470215e-01 1.815536141395568848e+00 9.266270995140075684e-01 1.773390024900436401e-01 -3.315313458442687988e-01 2.821407616138458252e-01 0.000000000000000000e+00 -8.817754983901977539e-01 -4.716693758964538574e-01 1.280512094497680664e+00 0.000000000000000000e+00 0.000000000000000000e+00 0.000000000000000000e+00 1.000000000000000000e+00
7.383916974067687988e-01 6.263969838619232178e-02 -6.714566349983215332e-01 2.758716642856597900e-01 6.743721365928649902e-01 -6.858621537685394287e-02 7.351993918418884277e-01 -2.098564147949218750e+00 0.000000000000000000e+00 -9.956767559051513672e-01 -9.288595616817474365e-02 -5.530080795288085938e-01 0.000000000000000000e+00 0.000000000000000000e+00 0.000000000000000000e+00 1.000000000000000000e+00
9.859278798103332520e-01 1.066540777683258057e-01 -1.287290155887603760e-01 -6.751282215118408203e-01 1.671713292598724365e-01 -6.290147304534912109e-01 7.592062950134277344e-01 -7.731959223747253418e-01 -5.551115123125782702e-17 -7.700424194335937500e-01 -6.379926800727844238e-01 -5.007349252700805664e-01 0.000000000000000000e+00 0.000000000000000000e+00 0.000000000000000000e+00 1.000000000000000000e+00
3.220503777265548706e-02 -8.875958323478698730e-01 -4.594958722591400146e-01 -1.074456095695495605e+00 9.994812607765197754e-01 2.859989181160926819e-02 1.480576209723949432e-02 -5.739240646362304688e-01 1.734723475976807094e-18 -4.597343504428863525e-01 8.880564570426940918e-01 -1.178593933582305908e-01 0.000000000000000000e+00 0.000000000000000000e+00 0.000000000000000000e+00 1.000000000000000000e+00
-6.980486512184143066e-01 1.798397451639175415e-01 6.930986642837524414e-01 1.645834557712078094e-02 -7.160503268241882324e-01 -1.753185391426086426e-01 -6.756739616394042969e-01 -2.187956571578979492e+00 0.000000000000000000e+00 -9.679468274116516113e-01 2.511551678180694580e-01 -5.021390914916992188e-01 0.000000000000000000e+00 0.000000000000000000e+00 0.000000000000000000e+00 1.000000000000000000e+00
-3.427420854568481445e-01 2.895300686359405518e-01 8.937003016471862793e-01 1.927363991737365723e+00 -9.394295215606689453e-01 -1.056323423981666565e-01 -3.260582089424133301e-01 -1.602073669433593750e+00 0.000000000000000000e+00 -9.513223171234130859e-01 3.081977665424346924e-01 8.336095809936523438e-01 0.000000000000000000e+00 0.000000000000000000e+00 0.000000000000000000e+00 1.000000000000000000e+00
6.491346359252929688e-01 5.991581678390502930e-01 4.686509668827056885e-01 1.155273795127868652e+00 -7.606735229492187500e-01 5.113025307655334473e-01 3.999318480491638184e-01 8.550401329994201660e-01 0.000000000000000000e+00 -6.161000132560729980e-01 7.876679301261901855e-01 6.936738491058349609e-01 0.000000000000000000e+00 0.000000000000000000e+00 0.000000000000000000e+00 1.000000000000000000e+00
-8.436995744705200195e-01 4.934860169887542725e-01 -2.112878859043121338e-01 -1.418065786361694336e+00 5.368156433105468750e-01 7.755995392799377441e-01 -3.320758342742919922e-01 3.966669142246246338e-01 0.000000000000000000e+00 -3.935948610305786133e-01 -9.192839860916137695e-01 1.600078463554382324e+00 0.000000000000000000e+00 0.000000000000000000e+00 0.000000000000000000e+00 1.000000000000000000e+00
3.636627197265625000e-01 -5.797325167804956436e-03 -9.315126538276672363e-01 8.751361370086669922e-01 9.315307140350341797e-01 2.263233065605163574e-03 3.636556565761566162e-01 2.464666217565536499e-01 0.000000000000000000e+00 -9.999806284904479980e-01 6.223439704626798630e-03 1.286214590072631836e+00 0.000000000000000000e+00 0.000000000000000000e+00 0.000000000000000000e+00 1.000000000000000000e+00
3.952593207359313965e-01 -5.450935959815979004e-01 7.393531203269958496e-01 1.096195459365844727e+00 -9.185695648193359375e-01 -2.345530837774276733e-01 3.181427121162414551e-01 -5.271039605140686035e-01 1.387778780781445676e-17 -8.048961758613586426e-01 -5.934156775474548340e-01 9.250519275665283203e-01 0.000000000000000000e+00 0.000000000000000000e+00 0.000000000000000000e+00 1.000000000000000000e+00
5.845765471458435059e-01 -7.943152189254760742e-01 -1.653285771608352661e-01 -9.957396388053894043e-01 8.113385438919067383e-01 5.723111033439636230e-01 1.191207021474838257e-01 1.417884230613708496e-01 -5.551115123125782702e-17 -2.037726193666458130e-01 9.790182709693908691e-01 8.692789673805236816e-01 0.000000000000000000e+00 0.000000000000000000e+00 0.000000000000000000e+00 1.000000000000000000e+00
5.660253018140792847e-02 7.387205958366394043e-01 6.716308593750000000e-01 -4.157115221023559570e-01 -9.983968138694763184e-01 4.188060015439987183e-02 3.807704895734786987e-02 2.987022995948791504e-01 3.469446951953614189e-18 -6.727093458175659180e-01 7.399068474769592285e-01 1.215911582112312317e-01 0.000000000000000000e+00 0.000000000000000000e+00 0.000000000000000000e+00 1.000000000000000000e+00
-9.583512544631958008e-01 1.600113362073898315e-01 -2.365571707487106323e-01 -1.681246399879455566e+00 2.855922281742095947e-01 5.369440913200378418e-01 -7.938060760498046875e-01 9.965547323226928711e-01 -5.551115123125782702e-17 -8.283039331436157227e-01 -5.602790117263793945e-01 2.677555978298187256e-01 0.000000000000000000e+00 0.000000000000000000e+00 0.000000000000000000e+00 1.000000000000000000e+00
-1.796816289424896240e-01 -1.408896893262863159e-01 9.735834002494812012e-01 1.120124697685241699e+00 -9.837248325347900391e-01 2.573411352932453156e-02 -1.778292506933212280e-01 4.707691073417663574e-01 1.734723475976807094e-18 -9.896907806396484375e-01 -1.432206332683563232e-01 1.528898030519485474e-01 0.000000000000000000e+00 0.000000000000000000e+00 0.000000000000000000e+00 1.000000000000000000e+00
7.959390878677368164e-01 1.611683964729309082e-01 -5.835286974906921387e-01 -8.395786285400390625e-01 6.053767204284667969e-01 -2.119014859199523926e-01 7.672136425971984863e-01 1.423159956932067871e+00 -1.387778780781445676e-17 -9.639099836349487305e-01 -2.662282586097717285e-01 1.078885316848754883e+00 0.000000000000000000e+00 0.000000000000000000e+00 0.000000000000000000e+00 1.000000000000000000e+00
-5.146710276603698730e-01 -2.894241213798522949e-01 8.070609569549560547e-01 2.593970894813537598e-01 -8.573877215385437012e-01 1.737349629402160645e-01 -4.844609797000885010e-01 -6.913758516311645508e-01 -1.387778780781445676e-17 -9.413021802902221680e-01 -3.375650644302368164e-01 8.005414009094238281e-01 0.000000000000000000e+00 0.000000000000000000e+00 0.000000000000000000e+00 1.000000000000000000e+00
9.173402786254882812e-01 7.104605436325073242e-02 3.917132019996643066e-01 2.189617902040481567e-01 -3.981039822101593018e-01 1.637095212936401367e-01 9.026142358779907227e-01 -1.310544013977050781e+00 1.387778780781445676e-17 -9.839469790458679199e-01 1.784610599279403687e-01 9.721240997314453125e-01 0.000000000000000000e+00 0.000000000000000000e+00 0.000000000000000000e+00 1.000000000000000000e+00
-6.569551229476928711e-01 7.143578529357910156e-01 -2.410452365875244141e-01 2.028809785842895508e+00 7.539296746253967285e-01 6.224732398986816406e-01 -2.100406885147094727e-01 -1.882592678070068359e+00 0.000000000000000000e+00 -3.197184503078460693e-01 -9.475125670433044434e-01 1.158294796943664551e+00 0.000000000000000000e+00 0.000000000000000000e+00 0.000000000000000000e+00 1.000000000000000000e+00
-4.701720476150512695e-01 -3.009854555130004883e-01 -8.296661972999572754e-01 1.767284274101257324e+00 8.825747966766357422e-01 -1.603432893753051758e-01 -4.419861733913421631e-01 2.781613767147064209e-01 0.000000000000000000e+00 -9.400520324707031250e-01 3.410311043262481689e-01 2.308939397335052490e-01 0.000000000000000000e+00 0.000000000000000000e+00 0.000000000000000000e+00 1.000000000000000000e+00
-9.991427659988403320e-01 -2.008262090384960175e-02 -3.619937971234321594e-02 1.426707148551940918e+00 4.139694198966026306e-02 -4.847074449062347412e-01 -8.736961483955383301e-01 -1.822844266891479492e+00 5.551115123125782702e-17 -8.744457364082336426e-01 4.851233065128326416e-01 -5.391374826431274414e-01 0.000000000000000000e+00 0.000000000000000000e+00 0.000000000000000000e+00 1.000000000000000000e+00
-3.332696855068206787e-01 -7.216343283653259277e-01 -6.067744493484497070e-01 -1.237746596336364746e+00 9.428315162658691406e-01 -2.550814449787139893e-01 -2.144810706377029419e-01 -9.865234494209289551e-01 0.000000000000000000e+00 -6.435661315917968750e-01 7.653905153274536133e-01 8.411908149719238281e-01 0.000000000000000000e+00 0.000000000000000000e+00 0.000000000000000000e+00 1.000000000000000000e+00
-5.340229272842407227e-01 2.953426353633403778e-02 8.449539542198181152e-01 1.198178410530090332e+00 -8.454699516296386719e-01 -1.865468360483646393e-02 -5.336970090866088867e-01 1.520572543144226074e+00 0.000000000000000000e+00 -9.993897080421447754e-01 3.493236377835273743e-02 1.971363127231597900e-01 0.000000000000000000e+00 0.000000000000000000e+00 0.000000000000000000e+00 1.000000000000000000e+00
6.459242105484008789e-01 3.019672334194183350e-01 -7.011402845382690430e-01 -1.423434495925903320e+00 7.634015679359436035e-01 -2.554984688758850098e-01 5.932441353797912598e-01 -2.122892379760742188e+00 0.000000000000000000e+00 -9.184423089027404785e-01 -3.955549001693725586e-01 8.879945874214172363e-01 0.000000000000000000e+00 0.000000000000000000e+00 0.000000000000000000e+00 1.000000000000000000e+00
9.945262074470520020e-01 6.164452992379665375e-03 1.043054684996604919e-01 -1.802154421806335449e+00 -1.044874712824821472e-01 5.867411941289901733e-02 9.927939176559448242e-01 -1.391747221350669861e-02 0.000000000000000000e+00 -9.982581734657287598e-01 5.899705737829208374e-02 1.106965899467468262e+00 0.000000000000000000e+00 0.000000000000000000e+00 0.000000000000000000e+00 1.000000000000000000e+00
6.332218647003173828e-01 -1.186884567141532898e-01 7.648157477378845215e-01 3.747156634926795959e-02 -7.739703059196472168e-01 -9.710466116666793823e-02 6.257320642471313477e-01 -6.485479474067687988e-01 0.000000000000000000e+00 -9.881719350814819336e-01 -1.533501446247100830e-01 1.107011675834655762e+00 0.000000000000000000e+00 0.000000000000000000e+00 0.000000000000000000e+00 1.000000000000000000e+00
-1.873943358659744263e-01 -5.751317143440246582e-01 -7.963082790374755859e-01 1.534087300300598145e+00 9.822847843170166016e-01 -1.097201406955718994e-01 -1.519148647785186768e-01 -9.465392231941223145e-01 -6.938893903907228378e-18 -8.106694817543029785e-01 5.855040550231933594e-01 5.959121882915496826e-02 0.000000000000000000e+00 0.000000000000000000e+00 0.000000000000000000e+00 1.000000000000000000e+00
-2.011160403490066528e-01 -2.751079797744750977e-01 -9.401425123214721680e-01 1.516388297080993652e+00 9.795674085617065430e-01 -5.648271366953849792e-02 -1.930216699838638306e-01 -2.258898735046386719e+00 3.469446951953614189e-18 -9.597527384757995605e-01 2.808463871479034424e-01 -7.293560504913330078e-01 0.000000000000000000e+00 0.000000000000000000e+00 0.000000000000000000e+00 1.000000000000000000e+00
-4.070450663566589355e-01 -2.485512793064117432e-01 8.789405822753906250e-01 1.563961744308471680e+00 -9.134081006050109863e-01 1.107627302408218384e-01 -3.916852176189422607e-01 1.307737946510314941e+00 0.000000000000000000e+00 -9.622649550437927246e-01 -2.721141576766967773e-01 -5.825119614601135254e-01 0.000000000000000000e+00 0.000000000000000000e+00 0.000000000000000000e+00 1.000000000000000000e+00
-3.964184224605560303e-01 -7.445440888404846191e-01 5.371280312538146973e-01 -1.612677812576293945e+00 -9.180699586868286133e-01 3.214907646179199219e-01 -2.319294363260269165e-01 -1.179627418518066406e+00 0.000000000000000000e+00 -5.850622057914733887e-01 -8.109884262084960938e-01 2.805660665035247803e-01 0.000000000000000000e+00 0.000000000000000000e+00 0.000000000000000000e+00 1.000000000000000000e+00
-6.321794986724853516e-01 4.257841035723686218e-02 -7.736511826515197754e-01 -9.219193458557128906e-01 7.748219370841979980e-01 3.473985195159912109e-02 -6.312242746353149414e-01 1.204050898551940918e+00 3.469446951953614189e-18 -9.984889626502990723e-01 -5.495250970125198364e-02 3.333701565861701965e-02 0.000000000000000000e+00 0.000000000000000000e+00 0.000000000000000000e+00 1.000000000000000000e+00
-9.999964237213134766e-01 -7.381577743217349052e-04 -2.574912039563059807e-03 2.717038691043853760e-01 2.678628312423825264e-03 -2.755720615386962891e-01 -9.612767100334167480e-01 -2.382419109344482422e+00 2.775557561562891351e-17 -9.612801074981689453e-01 2.755730450153350830e-01 6.394206285476684570e-01 0.000000000000000000e+00 0.000000000000000000e+00 0.000000000000000000e+00 1.000000000000000000e+00
9.951925873756408691e-01 -4.885605350136756897e-02 -8.488082140684127808e-02 -4.481838941574096680e-01 9.793706238269805908e-02 4.964533746242523193e-01 8.625209331512451172e-01 -2.280337810516357422e+00 -2.775557561562891351e-17 -8.666874766349792480e-01 4.988515377044677734e-01 -2.488340288400650024e-01 0.000000000000000000e+00 0.000000000000000000e+00 0.000000000000000000e+00 1.000000000000000000e+00
-9.690197110176086426e-01 -1.019623130559921265e-01 2.249544560909271240e-01 1.627113580703735352e+00 -2.469834387302398682e-01 4.000409245491027832e-01 -8.825907707214355469e-01 -8.885358572006225586e-01 -2.775557561562891351e-17 -9.108078479766845703e-01 -4.128305315971374512e-01 5.131888985633850098e-01 0.000000000000000000e+00 0.000000000000000000e+00 0.000000000000000000e+00 1.000000000000000000e+00
4.328415095806121826e-01 1.993637382984161377e-01 -8.791486620903015137e-01 -1.056784629821777344e+00 9.014700651168823242e-01 -9.572464972734451294e-02 4.221238791942596436e-01 -2.591587543487548828e+00 0.000000000000000000e+00 -9.752389192581176758e-01 -2.211540341377258301e-01 -1.006725654006004333e-01 0.000000000000000000e+00 0.000000000000000000e+00 0.000000000000000000e+00 1.000000000000000000e+00
-9.511523246765136719e-01 -1.634994298219680786e-01 -2.618725001811981201e-01 -1.463502764701843262e+00 3.087219893932342529e-01 -5.037310719490051270e-01 -8.068120479583740234e-01 4.373795986175537109e-01 0.000000000000000000e+00 -8.482469916343688965e-01 5.296008586883544922e-01 1.111108899116516113e+00 0.000000000000000000e+00 0.000000000000000000e+00 0.000000000000000000e+00 1.000000000000000000e+00
9.709807634353637695e-01 5.989522859454154968e-02 -2.315359562635421753e-01 8.795139193534851074e-01 2.391575574874877930e-01 -2.431749105453491211e-01 9.400370121002197266e-01 1.509057402610778809e+00 0.000000000000000000e+00 -9.681314826011657715e-01 -2.504425644874572754e-01 2.063720822334289551e-01 0.000000000000000000e+00 0.000000000000000000e+00 0.000000000000000000e+00 1.000000000000000000e+00
6.868008375167846680e-01 3.245417773723602295e-01 6.503670215606689453e-01 3.077039122581481934e-01 -7.268456816673278809e-01 3.066614866256713867e-01 6.145356893539428711e-01 1.010296821594238281e+00 0.000000000000000000e+00 -8.947800397872924805e-01 4.465071558952331543e-01 4.121134579181671143e-01 0.000000000000000000e+00 0.000000000000000000e+00 0.000000000000000000e+00 1.000000000000000000e+00
-9.999749064445495605e-01 -3.727007424458861351e-03 6.020450498908758163e-03 9.316398501396179199e-01 -7.080706767737865448e-03 5.263477563858032227e-01 -8.502399325370788574e-01 -1.879350423812866211e+00 0.000000000000000000e+00 -8.502612113952636719e-01 -5.263609290122985840e-01 9.527914524078369141e-01 0.000000000000000000e+00 0.000000000000000000e+00 0.000000000000000000e+00 1.000000000000000000e+00
-9.894734025001525879e-01 -7.877715979702770710e-04 -1.447128355503082275e-01 1.759069681167602539e+00 1.447149813175201416e-01 -5.386305041611194611e-03 -9.894587397575378418e-01 -2.197829484939575195e+00 0.000000000000000000e+00 -9.999851584434509277e-01 5.443607456982135773e-03 6.063193678855895996e-01 0.000000000000000000e+00 0.000000000000000000e+00 0.000000000000000000e+00 1.000000000000000000e+00
-2.318267971277236938e-01 3.127442598342895508e-01 -9.211120009422302246e-01 1.611366868019104004e+00 9.727571010589599609e-01 7.453300058841705322e-02 -2.195187807083129883e-01 -2.061040401458740234e+00 6.938893903907228378e-18 -9.469085931777954102e-01 -3.215029537677764893e-01 -5.197560787200927734e-01 0.000000000000000000e+00 0.000000000000000000e+00 0.000000000000000000e+00 1.000000000000000000e+00
-5.759314075112342834e-02 -5.379185080528259277e-01 8.410271406173706055e-01 1.458846211433410645e+00 -9.983401298522949219e-01 3.103192709386348724e-02 -4.851792752742767334e-02 6.068027019500732422e-01 1.734723475976807094e-18 -8.424254655838012695e-01 -5.388128757476806641e-01 -6.167919933795928955e-02 0.000000000000000000e+00 0.000000000000000000e+00 0.000000000000000000e+00 1.000000000000000000e+00
6.225517019629478455e-02 1.189235597848892212e-01 -9.909498095512390137e-01 -4.606233537197113037e-01 9.980602860450744629e-01 -7.417995482683181763e-03 6.181164458394050598e-02 3.880998790264129639e-01 4.336808689942017736e-19 -9.928756952285766602e-01 -1.191546916961669922e-01 -7.037698030471801758e-01 0.000000000000000000e+00 0.000000000000000000e+00 0.000000000000000000e+00 1.000000000000000000e+00
9.033538699150085449e-01 1.776804029941558838e-01 -3.903606832027435303e-01 -5.744139552116394043e-01 4.288960099220275879e-01 -3.742358684539794922e-01 8.221895694732666016e-01 -2.424464225769042969e+00 0.000000000000000000e+00 -9.101523160934448242e-01 -4.142738282680511475e-01 -5.194652676582336426e-01 0.000000000000000000e+00 0.000000000000000000e+00 0.000000000000000000e+00 1.000000000000000000e+00
5.803598165512084961e-01 5.320424437522888184e-01 6.165333390235900879e-01 3.234204351902008057e-01 -8.143602013587951660e-01 3.791639804840087891e-01 4.393770396709442139e-01 8.121370077133178711e-01 0.000000000000000000e+00 -7.570769786834716797e-01 6.533256769180297852e-01 -7.400618791580200195e-01 0.000000000000000000e+00 0.000000000000000000e+00 0.000000000000000000e+00 1.000000000000000000e+00
9.836851954460144043e-01 -3.630620613694190979e-02 -1.761968284845352173e-01 3.332303464412689209e-01 1.798984706401824951e-01 1.985223889350891113e-01 9.634445309638977051e-01 -1.940787196159362793e+00 -1.387778780781445676e-17 -9.794236421585083008e-01 2.018149644136428833e-01 -5.130945146083831787e-02 0.000000000000000000e+00 0.000000000000000000e+00 0.000000000000000000e+00 1.000000000000000000e+00
8.091499805450439453e-01 -5.004256367683410645e-01 -3.079779744148254395e-01 -1.338658213615417480e+00 5.876021385192871094e-01 6.891047358512878418e-01 4.240971505641937256e-01 -9.386623501777648926e-01 -5.551115123125782702e-17 -5.241267085075378418e-01 8.516402840614318848e-01 2.751390635967254639e-01 0.000000000000000000e+00 0.000000000000000000e+00 0.000000000000000000e+00 1.000000000000000000e+00
1.933490186929702759e-01 7.443035244941711426e-01 6.392405033111572266e-01 9.523938894271850586e-01 -9.811300635337829590e-01 1.466781646013259888e-01 1.259736418724060059e-01 2.827570438385009766e-01 0.000000000000000000e+00 -6.515349745750427246e-01 7.586185932159423828e-01 6.464405059814453125e-01 0.000000000000000000e+00 0.000000000000000000e+00 0.000000000000000000e+00 1.000000000000000000e+00
-5.346232652664184570e-01 -5.523535609245300293e-01 6.395963430404663086e-01 1.809077024459838867e+00 -8.450905084609985352e-01 3.494313061237335205e-01 -4.046230316162109375e-01 6.625112891197204590e-01 -2.775557561562891351e-17 -7.568376660346984863e-01 -6.536028385162353516e-01 -6.853920817375183105e-01 0.000000000000000000e+00 0.000000000000000000e+00 0.000000000000000000e+00 1.000000000000000000e+00
9.998734593391418457e-01 -5.267465603537857533e-04 -1.589768193662166595e-02 6.923459768295288086e-01 1.590640656650066376e-02 3.311118111014366150e-02 9.993250966072082520e-01 -6.898363828659057617e-01 -3.469446951953614189e-18 -9.994515180587768555e-01 3.311537206172943115e-02 -8.964518308639526367e-01 0.000000000000000000e+00 0.000000000000000000e+00 0.000000000000000000e+00 1.000000000000000000e+00
-9.806610941886901855e-01 -1.201089397072792053e-01 -1.545238941907882690e-01 1.406016826629638672e+00 1.957135349512100220e-01 -6.018294095993041992e-01 -7.742722630500793457e-01 1.173908352851867676e+00 0.000000000000000000e+00 -7.895411252975463867e-01 6.136976480484008789e-01 6.634695529937744141e-01 0.000000000000000000e+00 0.000000000000000000e+00 0.000000000000000000e+00 1.000000000000000000e+00
9.483765363693237305e-01 -1.569937467575073242e-01 -2.755628526210784912e-01 -1.274080038070678711e+00 3.171465098857879639e-01 4.694649875164031982e-01 8.240271210670471191e-01 9.383031129837036133e-01 -2.775557561562891351e-17 -8.688818216323852539e-01 4.950195848941802979e-01 2.480870634317398071e-01 0.000000000000000000e+00 0.000000000000000000e+00 0.000000000000000000e+00 1.000000000000000000e+00
4.002847075462341309e-01 -8.398918509483337402e-01 3.665430545806884766e-01 -4.477200210094451904e-01 -9.163908362388610840e-01 -3.668695092201232910e-01 1.601080745458602905e-01 1.377223372459411621e+00 0.000000000000000000e+00 -3.999855220317840576e-01 -9.165214896202087402e-01 6.228981018066406250e-01 0.000000000000000000e+00 0.000000000000000000e+00 0.000000000000000000e+00 1.000000000000000000e+00
2.172515243291854858e-01 6.269490122795104980e-01 7.481555342674255371e-01 -1.030586004257202148e+00 -9.761156439781188965e-01 1.395384073257446289e-01 1.665150374174118042e-01 -1.416591286659240723e+00 0.000000000000000000e+00 -7.664619684219360352e-01 6.422896981239318848e-01 4.093641936779022217e-01 0.000000000000000000e+00 0.000000000000000000e+00 0.000000000000000000e+00 1.000000000000000000e+00
4.511393308639526367e-01 4.791650474071502686e-01 -7.529104351997375488e-01 -1.485258460044860840e+00 8.924535512924194336e-01 -2.422201186418533325e-01 3.805996775627136230e-01 -1.847655296325683594e+00 -2.775557561562891351e-17 -8.436411023139953613e-01 -5.369075536727905273e-01 1.536252200603485107e-01 0.000000000000000000e+00 0.000000000000000000e+00 0.000000000000000000e+00 1.000000000000000000e+00
7.580285072326660156e-01 5.770902037620544434e-01 -3.039073646068572998e-01 1.340070217847824097e-01 6.522214412689208984e-01 -6.707090735435485840e-01 3.532089293003082275e-01 -2.154080390930175781e+00 5.551115123125782702e-17 -4.659573435783386230e-01 -8.848071694374084473e-01 2.310729473829269409e-01 0.000000000000000000e+00 0.000000000000000000e+00 0.000000000000000000e+00 1.000000000000000000e+00
-9.192783832550048828e-01 -2.440943717956542969e-01 -3.087802231311798096e-01 6.017806529998779297e-01 3.936080336570739746e-01 -5.700865983963012695e-01 -7.211615443229675293e-01 1.420243263244628906e+00 5.551115123125782702e-17 -7.844865918159484863e-01 6.201457977294921875e-01 1.020478248596191406e+00 0.000000000000000000e+00 0.000000000000000000e+00 0.000000000000000000e+00 1.000000000000000000e+00
-7.438975572586059570e-02 2.670881450176239014e-01 9.607965946197509766e-01 1.143979430198669434e+00 -9.972292184829711914e-01 -1.992382667958736420e-02 -7.167200744152069092e-02 5.386295914649963379e-01 0.000000000000000000e+00 -9.634661078453063965e-01 2.678302526473999023e-01 1.065059423446655273e+00 0.000000000000000000e+00 0.000000000000000000e+00 0.000000000000000000e+00 1.000000000000000000e+00
-9.064880013465881348e-01 7.446941733360290527e-02 -4.156125485897064209e-01 1.143776059150695801e+00 4.222315549850463867e-01 1.598782241344451904e-01 -8.922776579856872559e-01 -7.332258671522140503e-02 2.775557561562891351e-17 -9.843237400054931641e-01 -1.763710379600524902e-01 -6.660137176513671875e-01 0.000000000000000000e+00 0.000000000000000000e+00 0.000000000000000000e+00 1.000000000000000000e+00
-8.216277956962585449e-01 -1.328805685043334961e-01 5.543198585510253906e-01 1.532095313072204590e+00 -5.700243115425109863e-01 1.915328353643417358e-01 -7.989915013313293457e-01 -8.678774833679199219e-01 0.000000000000000000e+00 -9.724494218826293945e-01 -2.331138700246810913e-01 -4.373307824134826660e-01 0.000000000000000000e+00 0.000000000000000000e+00 0.000000000000000000e+00 1.000000000000000000e+00
-9.941728115081787109e-01 9.235312789678573608e-02 -5.559967830777168274e-02 -8.932819366455078125e-01 1.077980771660804749e-01 8.517310619354248047e-01 -5.127706527709960938e-01 -2.188206195831298828e+00 0.000000000000000000e+00 -5.157761573791503906e-01 -8.567233681678771973e-01 7.947886586189270020e-01 0.000000000000000000e+00 0.000000000000000000e+00 0.000000000000000000e+00 1.000000000000000000e+00
2.336341440677642822e-01 2.058865129947662354e-01 -9.502767324447631836e-01 3.073309957981109619e-01 9.723245501518249512e-01 -4.947125539183616638e-02 2.283363938331604004e-01 -1.047462075948715210e-01 0.000000000000000000e+00 -9.773246049880981445e-01 -2.117466926574707031e-01 -3.264646828174591064e-01 0.000000000000000000e+00 0.000000000000000000e+00 0.000000000000000000e+00 1.000000000000000000e+00
9.923498034477233887e-01 7.798846811056137085e-02 9.570605307817459106e-02 -9.455764293670654297e-02 -1.234578862786293030e-01 6.268683671951293945e-01 7.692816257476806641e-01 -1.437715440988540649e-01 0.000000000000000000e+00 -7.752121686935424805e-01 6.317009925842285156e-01 -8.182224631309509277e-01 0.000000000000000000e+00 0.000000000000000000e+00 0.000000000000000000e+00 1.000000000000000000e+00
2.977945208549499512e-01 -5.050284266471862793e-01 -8.101016283035278320e-01 1.422395706176757812e+00 9.546300172805786133e-01 1.575424075126647949e-01 2.527092695236206055e-01 -1.831763148307800293e+00 1.387778780781445676e-17 -8.486027717590332031e-01 5.290305614471435547e-01 7.811492681503295898e-01 0.000000000000000000e+00 0.000000000000000000e+00 0.000000000000000000e+00 1.000000000000000000e+00
-2.018410414457321167e-01 -5.231710672378540039e-01 -8.279808163642883301e-01 1.360054254531860352e+00 9.794182777404785156e-01 -1.078164428472518921e-01 -1.706324219703674316e-01 -1.378640770912170410e+00 0.000000000000000000e+00 -8.453801870346069336e-01 5.341650843620300293e-01 1.006706476211547852e+00 0.000000000000000000e+00 0.000000000000000000e+00 0.000000000000000000e+00 1.000000000000000000e+00
8.721578121185302734e-01 2.070624530315399170e-01 -4.432446658611297607e-01 -4.007546901702880859e-01 4.892245829105377197e-01 -3.691374957561492920e-01 7.901878356933593750e-01 1.425696134567260742e+00 0.000000000000000000e+00 -9.060147404670715332e-01 -4.232462048530578613e-01 -4.944233000278472900e-01 0.000000000000000000e+00 0.000000000000000000e+00 0.000000000000000000e+00 1.000000000000000000e+00
-9.224461913108825684e-01 -5.557128041982650757e-02 -3.821057975292205811e-01 -1.631415247917175293e+00 3.861256539821624756e-01 -1.327586323022842407e-01 -9.128428697586059570e-01 9.974855780601501465e-01 0.000000000000000000e+00 -9.895892739295959473e-01 1.439201980829238892e-01 6.875463128089904785e-01 0.000000000000000000e+00 0.000000000000000000e+00 0.000000000000000000e+00 1.000000000000000000e+00
-5.986302495002746582e-01 3.345017433166503906e-01 -7.278395891189575195e-01 1.283985972404479980e+00 8.010255098342895508e-01 2.499831169843673706e-01 -5.439361929893493652e-01 -2.283857345581054688e+00 -4.163336342344337027e-17 -9.086347222328186035e-01 -4.175918698310852051e-01 -3.100336194038391113e-01 0.000000000000000000e+00 0.000000000000000000e+00 0.000000000000000000e+00 1.000000000000000000e+00
4.959760010242462158e-01 3.722197189927101135e-02 -8.675380945205688477e-01 -2.702101469039916992e-01 8.683362007141113281e-01 -2.126043476164340973e-02 4.955201447010040283e-01 -1.996870756149291992e+00 0.000000000000000000e+00 -9.990808367729187012e-01 -4.286585003137588501e-02 3.011682927608489990e-01 0.000000000000000000e+00 0.000000000000000000e+00 0.000000000000000000e+00 1.000000000000000000e+00
9.962995648384094238e-01 -7.947823405265808105e-02 3.271738812327384949e-02 1.642356753349304199e+00 -8.594892174005508423e-02 -9.212928414344787598e-01 3.792522251605987549e-01 -2.145377159118652344e+00 0.000000000000000000e+00 -3.806608617305755615e-01 -9.247147440910339355e-01 -2.140801250934600830e-01 0.000000000000000000e+00 0.000000000000000000e+00 0.000000000000000000e+00 1.000000000000000000e+00
9.542233347892761230e-01 2.768686711788177490e-01 1.131439954042434692e-01 -1.379247546195983887e+00 -2.990950047969818115e-01 8.833131194114685059e-01 3.609710633754730225e-01 7.197559475898742676e-01 0.000000000000000000e+00 -3.782877922058105469e-01 9.256880283355712891e-01 5.070277452468872070e-01 0.000000000000000000e+00 0.000000000000000000e+00 0.000000000000000000e+00 1.000000000000000000e+00
-2.661277949810028076e-01 3.944885730743408203e-01 8.795196413993835449e-01 -1.733736157417297363e+00 -9.639377593994140625e-01 -1.089119836688041687e-01 -2.428212910890579224e-01 7.872509360313415527e-01 0.000000000000000000e+00 -9.124236702919006348e-01 4.092469513416290283e-01 -2.360636889934539795e-01 0.000000000000000000e+00 0.000000000000000000e+00 0.000000000000000000e+00 1.000000000000000000e+00
-9.854553937911987305e-01 -8.915140479803085327e-02 -1.446711272001266479e-01 1.474992275238037109e+00 1.699344217777252197e-01 -5.169919729232788086e-01 -8.389526605606079102e-01 1.246156334877014160e+00 5.551115123125782702e-17 -8.513350486755371094e-01 5.246223807334899902e-01 -6.101757287979125977e-01 0.000000000000000000e+00 0.000000000000000000e+00 0.000000000000000000e+00 1.000000000000000000e+00
-9.998631477355957031e-01 -2.535363193601369858e-03 1.634850166738033295e-02 -1.160961627960205078e+00 -1.654392853379249573e-02 1.532294005155563354e-01 -9.880521297454833984e-01 -9.619433283805847168e-01 0.000000000000000000e+00 -9.881873726844787598e-01 -1.532503664493560791e-01 -3.259912729263305664e-01 0.000000000000000000e+00 0.000000000000000000e+00 0.000000000000000000e+00 1.000000000000000000e+00
-3.797430098056793213e-01 -5.165458917617797852e-01 -7.674474716186523438e-01 -1.257626056671142578e+00 9.250920414924621582e-01 -2.120380252599716187e-01 -3.150311410427093506e-01 -1.683702111244201660e+00 1.387778780781445676e-17 -8.295903801918029785e-01 5.583724379539489746e-01 4.954152405261993408e-01 0.000000000000000000e+00 0.000000000000000000e+00 0.000000000000000000e+00 1.000000000000000000e+00
4.854505658149719238e-01 5.467474460601806641e-01 6.822059750556945801e-01 2.122308492660522461e+00 -8.742641210556030273e-01 3.035911619663238525e-01 3.788068592548370361e-01 -2.413611650466918945e+00 -2.775557561562891351e-17 -7.803201675415039062e-01 6.253802180290222168e-01 1.228492259979248047e+00 0.000000000000000000e+00 0.000000000000000000e+00 0.000000000000000000e+00 1.000000000000000000e+00
7.830699086189270020e-01 7.832241058349609375e-02 -6.169822812080383301e-01 3.113328516483306885e-01 6.219336986541748047e-01 -9.861487895250320435e-02 7.768356204032897949e-01 2.632995247840881348e-01 0.000000000000000000e+00 -9.920386672019958496e-01 -1.259336918592453003e-01 -3.648037612438201904e-01 0.000000000000000000e+00 0.000000000000000000e+00 0.000000000000000000e+00 1.000000000000000000e+00
9.634819030761718750e-01 1.463526338338851929e-01 -2.242399603128433228e-01 8.069034814834594727e-01 2.677735090255737305e-01 -5.265946984291076660e-01 8.068428039550781250e-01 5.066524147987365723e-01 5.551115123125782702e-17 -8.374239802360534668e-01 -5.465538501739501953e-01 -6.317939758300781250e-01 0.000000000000000000e+00 0.000000000000000000e+00 0.000000000000000000e+00 1.000000000000000000e+00
9.721329212188720703e-01 -4.398899525403976440e-02 2.302662432193756104e-01 8.573136925697326660e-01 -2.344303280115127563e-01 -1.824130415916442871e-01 9.548653960227966309e-01 1.675708293914794922e-01 0.000000000000000000e+00 -9.822374582290649414e-01 -1.876420825719833374e-01 1.483046293258666992e+00 0.000000000000000000e+00 0.000000000000000000e+00 0.000000000000000000e+00 1.000000000000000000e+00
-7.621354460716247559e-01 5.995077490806579590e-01 -2.444177120923995972e-01 1.510325551033020020e+00 6.474176049232482910e-01 7.057362794876098633e-01 -2.877267897129058838e-01 1.633765935897827148e+00 5.551115123125782702e-17 -3.775271177291870117e-01 -9.259985089302062988e-01 5.617442727088928223e-02 0.000000000000000000e+00 0.000000000000000000e+00 0.000000000000000000e+00 1.000000000000000000e+00
9.385309219360351562e-01 -3.368062674999237061e-01 7.563883066177368164e-02 -7.989366352558135986e-02 -3.451951444149017334e-01 -9.157229065895080566e-01 2.056500017642974854e-01 -1.506590843200683594e+00 0.000000000000000000e+00 -2.191190421581268311e-01 -9.756981134414672852e-01 9.873570203781127930e-01 0.000000000000000000e+00 0.000000000000000000e+00 0.000000000000000000e+00 1.000000000000000000e+00
-9.573128223419189453e-01 -1.064496189355850220e-01 2.687389552593231201e-01 9.543175101280212402e-01 -2.890538573265075684e-01 3.525487780570983887e-01 -8.900321722030639648e-01 1.355585694313049316e+00 -2.775557561562891351e-17 -9.297192096710205078e-01 -3.682691454887390137e-01 -3.097156621515750885e-02 0.000000000000000000e+00 0.000000000000000000e+00 0.000000000000000000e+00 1.000000000000000000e+00
-2.236007452011108398e-01 -5.300190448760986328e-01 -8.179746270179748535e-01 -4.385453164577484131e-01 9.746808409690856934e-01 -1.215912476181983948e-01 -1.876509040594100952e-01 -1.800091028213500977e+00 -1.387778780781445676e-17 -8.392230868339538574e-01 5.437873005867004395e-01 4.442709684371948242e-01 0.000000000000000000e+00 0.000000000000000000e+00 0.000000000000000000e+00 1.000000000000000000e+00
3.768544495105743408e-01 7.183806300163269043e-01 -5.847306847572326660e-01 -7.710440754890441895e-01 9.262725114822387695e-01 -2.922735512256622314e-01 2.378979921340942383e-01 4.481719434261322021e-01 0.000000000000000000e+00 -6.312728524208068848e-01 -7.755607962608337402e-01 -2.291395813226699829e-01 0.000000000000000000e+00 0.000000000000000000e+00 0.000000000000000000e+00 1.000000000000000000e+00
-6.794335246086120605e-01 2.144325673580169678e-01 7.017042040824890137e-01 -7.907730340957641602e-01 -7.337371110916137695e-01 -1.985624879598617554e-01 -6.497713327407836914e-01 1.149602413177490234e+00 0.000000000000000000e+00 -9.563428163528442383e-01 2.922471463680267334e-01 9.612516760826110840e-01 0.000000000000000000e+00 0.000000000000000000e+00 0.000000000000000000e+00 1.000000000000000000e+00
-9.022583365440368652e-01 -1.801211684942245483e-01 -3.917732238769531250e-01 -6.583354473114013672e-01 4.311958849430084229e-01 -3.768955767154693604e-01 -8.197681307792663574e-01 9.022122621536254883e-01 -2.775557561562891351e-17 -9.085736274719238281e-01 4.177246987819671631e-01 1.377080798149108887e+00 0.000000000000000000e+00 0.000000000000000000e+00 0.000000000000000000e+00 1.000000000000000000e+00
3.310641944408416748e-01 8.859744668006896973e-01 3.247240185737609863e-01 4.536782503128051758e-01 -9.436082243919372559e-01 3.108434379100799561e-01 1.139291673898696899e-01 -1.007989168167114258e+00 -2.775557561562891351e-17 -3.441301286220550537e-01 9.389219880104064941e-01 -3.795447945594787598e-01 0.000000000000000000e+00 0.000000000000000000e+00 0.000000000000000000e+00 1.000000000000000000e+00
-9.507620930671691895e-01 3.002707846462726593e-02 3.084636330604553223e-01 3.744609951972961426e-01 -3.099216520786285400e-01 -9.211556613445281982e-02 -9.462892413139343262e-01 6.707401871681213379e-01 -6.938893903907228378e-18 -9.952954649925231934e-01 9.688603132963180542e-02 -6.917348504066467285e-01 0.000000000000000000e+00 0.000000000000000000e+00 0.000000000000000000e+00 1.000000000000000000e+00
5.885424613952636719e-01 -1.026340648531913757e-01 8.019251823425292969e-01 -8.460520505905151367e-01 -8.084663152694702148e-01 -7.471492886543273926e-02 5.837807059288024902e-01 1.364360451698303223e+00 0.000000000000000000e+00 -9.919092059135437012e-01 -1.269490867853164673e-01 7.922849804162979126e-02 0.000000000000000000e+00 0.000000000000000000e+00 0.000000000000000000e+00 1.000000000000000000e+00
-2.075249888002872467e-02 -1.875601708889007568e-01 9.820338487625122070e-01 -5.965502858161926270e-01 -9.997846484184265137e-01 3.893180517479777336e-03 -2.038404531776905060e-02 -3.176834881305694580e-01 0.000000000000000000e+00 -9.822453856468200684e-01 -1.876005679368972778e-01 9.716722369194030762e-01 0.000000000000000000e+00 0.000000000000000000e+00 0.000000000000000000e+00 1.000000000000000000e+00
9.107413291931152344e-01 3.941336572170257568e-01 -1.233243197202682495e-01 1.755390763282775879e+00 4.129772782325744629e-01 -8.691853880882263184e-01 2.719678878784179688e-01 8.881792426109313965e-02 -5.551115123125782702e-17 -2.986225187778472900e-01 -9.543713331222534180e-01 -8.533248901367187500e-01 0.000000000000000000e+00 0.000000000000000000e+00 0.000000000000000000e+00 1.000000000000000000e+00
-7.945486903190612793e-01 -7.818309962749481201e-02 6.021460294723510742e-01 1.189833045005798340e+00 -6.072005033493041992e-01 1.023060381412506104e-01 -7.879346609115600586e-01 -5.253090262413024902e-01 0.000000000000000000e+00 -9.916757941246032715e-01 -1.287599354982376099e-01 5.121762156486511230e-01 0.000000000000000000e+00 0.000000000000000000e+00 0.000000000000000000e+00 1.000000000000000000e+00
-6.190289258956909180e-01 4.893948435783386230e-01 6.142441630363464355e-01 -1.546238064765930176e+00 -7.853681445121765137e-01 -3.857420980930328369e-01 -4.841485917568206787e-01 -4.250395596027374268e-01 0.000000000000000000e+00 -7.821097970008850098e-01 6.231406331062316895e-01 4.204986691474914551e-01 0.000000000000000000e+00 0.000000000000000000e+00 0.000000000000000000e+00 1.000000000000000000e+00
-9.273400306701660156e-01 -4.699306190013885498e-02 -3.712574839591979980e-01 -1.430203676223754883e+00 3.742198050022125244e-01 -1.164517402648925781e-01 -9.199991822242736816e-01 4.381410181522369385e-01 -6.938893903907228378e-18 -9.920839667320251465e-01 1.255760937929153442e-01 -8.306256681680679321e-02 0.000000000000000000e+00 0.000000000000000000e+00 0.000000000000000000e+00 1.000000000000000000e+00
-2.214562445878982544e-01 -2.094086706638336182e-01 -9.524206519126892090e-01 4.056157171726226807e-01 9.751703143119812012e-01 -4.755564779043197632e-02 -2.162899225950241089e-01 -2.550421953201293945e+00 0.000000000000000000e+00 -9.766710996627807617e-01 2.147406041622161865e-01 1.842580437660217285e-01 0.000000000000000000e+00 0.000000000000000000e+00 0.000000000000000000e+00 1.000000000000000000e+00
8.595398068428039551e-01 4.871686995029449463e-01 -1.544602513313293457e-01 -6.791408061981201172e-01 5.110688209533691406e-01 -8.193435072898864746e-01 2.597785890102386475e-01 -5.853751301765441895e-01 0.000000000000000000e+00 -3.022298514842987061e-01 -9.532350897789001465e-01 -6.283676624298095703e-01 0.000000000000000000e+00 0.000000000000000000e+00 0.000000000000000000e+00 1.000000000000000000e+00
9.005545377731323242e-01 2.486014813184738159e-01 -3.566494584083557129e-01 3.716792762279510498e-01 4.347430467605590820e-01 -5.149689912796020508e-01 7.387864589691162109e-01 1.254348516464233398e+00 0.000000000000000000e+00 -8.203683495521545410e-01 -5.718353986740112305e-01 -6.214423179626464844e-01 0.000000000000000000e+00 0.000000000000000000e+00 0.000000000000000000e+00 1.000000000000000000e+00
-8.906820416450500488e-01 -4.303884804248809814e-01 1.464624404907226562e-01 -6.844294667243957520e-01 -4.546267390251159668e-01 8.431956171989440918e-01 -2.869418859481811523e-01 8.233790993690490723e-01 0.000000000000000000e+00 -3.221597373485565186e-01 -9.466853141784667969e-01 7.259110808372497559e-01 0.000000000000000000e+00 0.000000000000000000e+00 0.000000000000000000e+00 1.000000000000000000e+00
9.961447119712829590e-01 6.178088020533323288e-03 -8.750713616609573364e-02 6.913093328475952148e-01 8.772495388984680176e-02 -7.015415281057357788e-02 9.936713576316833496e-01 5.863676667213439941e-01 0.000000000000000000e+00 -9.975170493125915527e-01 -7.042565941810607910e-02 1.133397698402404785e+00 0.000000000000000000e+00 0.000000000000000000e+00 0.000000000000000000e+00 1.000000000000000000e+00
-4.306453168392181396e-01 -3.722009956836700439e-01 -8.221989274024963379e-01 2.022152841091156006e-01 9.025212526321411133e-01 -1.775987148284912109e-01 -3.923188447952270508e-01 1.461835384368896484e+00 -1.387778780781445676e-17 -9.110022783279418945e-01 4.124013781547546387e-01 -5.395095348358154297e-01 0.000000000000000000e+00 0.000000000000000000e+00 0.000000000000000000e+00 1.000000000000000000e+00
9.991090297698974609e-01 -1.293076295405626297e-02 -4.017350822687149048e-02 1.124309062957763672e+00 4.220326244831085205e-02 3.061195313930511475e-01 9.510571360588073730e-01 -1.289368510246276855e+00 0.000000000000000000e+00 -9.519052505493164062e-01 3.063925206661224365e-01 5.942658185958862305e-01 0.000000000000000000e+00 0.000000000000000000e+00 0.000000000000000000e+00 1.000000000000000000e+00
3.919058144092559814e-01 3.413043916225433350e-01 8.543542027473449707e-01 4.587885737419128418e-01 -9.200053215026855469e-01 1.453895568847656250e-01 3.639396131038665771e-01 6.280506849288940430e-01 1.387778780781445676e-17 -9.286404848098754883e-01 3.709808886051177979e-01 -1.463157981634140015e-01 0.000000000000000000e+00 0.000000000000000000e+00 0.000000000000000000e+00 1.000000000000000000e+00
8.109907507896423340e-01 3.530446290969848633e-01 -4.665335118770599365e-01 1.854211807250976562e+00 5.850589871406555176e-01 -4.893795847892761230e-01 6.466943621635437012e-01 -1.247272729873657227e+00 -5.551115123125782702e-17 -7.974127531051635742e-01 -6.034342646598815918e-01 9.856271743774414062e-02 0.000000000000000000e+00 0.000000000000000000e+00 0.000000000000000000e+00 1.000000000000000000e+00
-9.570171684026718140e-02 -2.277415245771408081e-01 9.690071940422058105e-01 1.708918213844299316e+00 -9.954100847244262695e-01 2.189575508236885071e-02 -9.316326677799224854e-02 4.644331634044647217e-01 0.000000000000000000e+00 -9.734753966331481934e-01 -2.287916690111160278e-01 4.211901426315307617e-01 0.000000000000000000e+00 0.000000000000000000e+00 0.000000000000000000e+00 1.000000000000000000e+00
-1.671201735734939575e-01 -3.724606633186340332e-01 -9.128767251968383789e-01 1.605964779853820801e+00 9.859365224838256836e-01 -6.313356757164001465e-02 -1.547362506389617920e-01 3.855312168598175049e-01 0.000000000000000000e+00 -9.258980751037597656e-01 3.777734637260437012e-01 -2.865073978900909424e-01 0.000000000000000000e+00 0.000000000000000000e+00 0.000000000000000000e+00 1.000000000000000000e+00
9.971873760223388672e-01 -3.166256472468376160e-02 -6.793207675218582153e-02 3.468764126300811768e-01 7.494854927062988281e-02 4.212691485881805420e-01 9.038335084915161133e-01 -1.419905185699462891e+00 -2.775557561562891351e-17 -9.063827991485595703e-01 4.224573373794555664e-01 1.085181117057800293e+00 0.000000000000000000e+00 0.000000000000000000e+00 0.000000000000000000e+00 1.000000000000000000e+00
-9.546725153923034668e-01 4.003357142210006714e-03 -2.976312935352325439e-01 5.454515814781188965e-01 2.976582050323486328e-01 1.283987797796726227e-02 -9.545861482620239258e-01 -1.992168664932250977e+00 8.673617379884035472e-19 -9.999095797538757324e-01 -1.344951055943965912e-02 1.126867681741714478e-01 0.000000000000000000e+00 0.000000000000000000e+00 0.000000000000000000e+00 1.000000000000000000e+00
-9.995773434638977051e-01 1.102982461452484131e-02 2.689752355217933655e-02 -1.330568641424179077e-01 -2.907118573784828186e-02 -3.792470991611480713e-01 -9.248386025428771973e-01 4.580022692680358887e-01 2.775557561562891351e-17 -9.252296686172485352e-01 3.794074654579162598e-01 7.255437970161437988e-01 0.000000000000000000e+00 0.000000000000000000e+00 0.000000000000000000e+00 1.000000000000000000e+00
-9.748349785804748535e-01 -1.699803322553634644e-01 1.442341655492782593e-01 -1.303200006484985352e+00 -2.229278087615966797e-01 7.433024048805236816e-01 -6.307176351547241211e-01 -5.528262853622436523e-01 5.551115123125782702e-17 -6.469994187355041504e-01 -7.624905109405517578e-01 -1.766365319490432739e-01 0.000000000000000000e+00 0.000000000000000000e+00 0.000000000000000000e+00 1.000000000000000000e+00
-3.206331431865692139e-01 7.909016013145446777e-01 5.212188363075256348e-01 -2.631134688854217529e-01 -9.472034573554992676e-01 -2.677241563796997070e-01 -1.764351874589920044e-01 1.153741717338562012e+00 0.000000000000000000e+00 -5.502712130546569824e-01 8.349859714508056641e-01 1.066355332732200623e-01 0.000000000000000000e+00 0.000000000000000000e+00 0.000000000000000000e+00 1.000000000000000000e+00
-9.933251738548278809e-01 9.355492144823074341e-02 -6.747291982173919678e-02 4.968847334384918213e-01 1.153478175401687622e-01 8.056542873382568359e-01 -5.810474157333374023e-01 -3.646976500749588013e-02 5.551115123125782702e-17 -5.849518775939941406e-01 -8.110679984092712402e-01 1.479826450347900391e+00 0.000000000000000000e+00 0.000000000000000000e+00 0.000000000000000000e+00 1.000000000000000000e+00
-5.372346043586730957e-01 6.677848100662231445e-01 5.152110457420349121e-01 1.152634143829345703e+00 -8.434328436851501465e-01 -4.253534972667694092e-01 -3.281698226928710938e-01 9.074787497520446777e-01 -2.775557561562891351e-17 -6.108500957489013672e-01 7.917462587356567383e-01 -5.299153923988342285e-01 0.000000000000000000e+00 0.000000000000000000e+00 0.000000000000000000e+00 1.000000000000000000e+00
4.707686901092529297e-01 -8.590864539146423340e-01 2.008663415908813477e-01 -1.268057227134704590e+00 -8.822566866874694824e-01 -4.584051668643951416e-01 1.071814894676208496e-01 -1.851521730422973633e+00 0.000000000000000000e+00 -2.276733666658401489e-01 -9.737375378608703613e-01 1.695744097232818604e-01 0.000000000000000000e+00 0.000000000000000000e+00 0.000000000000000000e+00 1.000000000000000000e+00
1.404290925711393356e-02 2.278764843940734863e-01 -9.735887646675109863e-01 2.600143849849700928e-01 9.999014139175415039e-01 -3.200364531949162483e-03 1.367336791008710861e-02 5.242739319801330566e-01 0.000000000000000000e+00 -9.736847877502441406e-01 -2.278989553451538086e-01 9.044150710105895996e-01 0.000000000000000000e+00 0.000000000000000000e+00 0.000000000000000000e+00 1.000000000000000000e+00
-7.741774916648864746e-01 -3.595372438430786133e-01 -5.209435820579528809e-01 -1.527392864227294922e+00 6.329686045646667480e-01 -4.397463500499725342e-01 -6.371607780456542969e-01 -1.412115573883056641e+00 -2.775557561562891351e-17 -8.230164647102355957e-01 5.680175423622131348e-01 -2.278497219085693359e-01 0.000000000000000000e+00 0.000000000000000000e+00 0.000000000000000000e+00 1.000000000000000000e+00
4.630637466907501221e-01 7.909831404685974121e-01 -3.998970389366149902e-01 8.707092404365539551e-01 8.863250017166137695e-01 -4.132520556449890137e-01 2.089276909828186035e-01 -1.322412729263305664e+00 -2.775557561562891351e-17 -4.511855840682983398e-01 -8.924301266670227051e-01 1.563688278198242188e+00 0.000000000000000000e+00 0.000000000000000000e+00 0.000000000000000000e+00 1.000000000000000000e+00
9.990020990371704102e-01 3.132182359695434570e-02 -3.183968365192413330e-02 8.276104331016540527e-01 4.466342926025390625e-02 -7.005858421325683594e-01 7.121689915657043457e-01 4.154804050922393799e-01 0.000000000000000000e+00 -7.128803730010986328e-01 -7.012856602668762207e-01 1.022882819175720215e+00 0.000000000000000000e+00 0.000000000000000000e+00 0.000000000000000000e+00 1.000000000000000000e+00
-7.757622003555297852e-01 1.514421999454498291e-01 -6.125832796096801758e-01 7.856389284133911133e-01 6.310253739356994629e-01 1.861781328916549683e-01 -7.530900835990905762e-01 8.630032539367675781e-01 0.000000000000000000e+00 -9.707744121551513672e-01 -2.399938255548477173e-01 4.565764963626861572e-01 0.000000000000000000e+00 0.000000000000000000e+00 0.000000000000000000e+00 1.000000000000000000e+00
-4.003915190696716309e-01 -6.789322942495346069e-02 -9.138255715370178223e-01 9.098036885261535645e-01 9.163441658020019531e-01 -2.966557256877422333e-02 -3.992910385131835938e-01 1.383273959159851074e+00 1.734723475976807094e-18 -9.972514510154724121e-01 7.409141212701797485e-02 -8.981670737266540527e-01 0.000000000000000000e+00 0.000000000000000000e+00 0.000000000000000000e+00 1.000000000000000000e+00
4.403034746646881104e-01 -6.924666166305541992e-01 -5.715092420578002930e-01 -1.108656451106071472e-02 8.978490233421325684e-01 3.395843207836151123e-01 2.802670598030090332e-01 7.797417044639587402e-01 0.000000000000000000e+00 -6.365315914154052734e-01 7.712506055831909180e-01 8.370180428028106689e-02 0.000000000000000000e+00 0.000000000000000000e+00 0.000000000000000000e+00 1.000000000000000000e+00
-9.826877713203430176e-01 1.173617020249366760e-01 -1.433560848236083984e-01 1.006205797195434570e+00 1.852693557739257812e-01 6.224985718727111816e-01 -7.603754401206970215e-01 1.019198775291442871e+00 -5.551115123125782702e-17 -7.737711071968078613e-01 -6.334652304649353027e-01 -3.168283104896545410e-01 0.000000000000000000e+00 0.000000000000000000e+00 0.000000000000000000e+00 1.000000000000000000e+00
-8.271091580390930176e-01 5.221962332725524902e-01 -2.078496664762496948e-01 -1.408698558807373047e+00 5.620412826538085938e-01 7.684725522994995117e-01 -3.058749735355377197e-01 -1.310925245285034180e+00 5.551115123125782702e-17 -3.698121011257171631e-01 -9.291065335273742676e-01 3.679330348968505859e-01 0.000000000000000000e+00 0.000000000000000000e+00 0.000000000000000000e+00 1.000000000000000000e+00
-8.950358629226684570e-01 -6.527806818485260010e-02 -4.411910474300384521e-01 2.967573702335357666e-01 4.459941387176513672e-01 -1.310022026300430298e-01 -8.853968977928161621e-01 -5.657954812049865723e-01 1.387778780781445676e-17 -9.892306327819824219e-01 1.463652998208999634e-01 2.264566570520401001e-01 0.000000000000000000e+00 0.000000000000000000e+00 0.000000000000000000e+00 1.000000000000000000e+00
-9.402921199798583984e-01 3.106159567832946777e-01 -1.391707062721252441e-01 -4.186931848526000977e-01 3.403685688972473145e-01 8.580984473228454590e-01 -3.844688534736633301e-01 -3.931513726711273193e-01 -5.551115123125782702e-17 -4.088823497295379639e-01 -9.125871062278747559e-01 -8.354535102844238281e-01 0.000000000000000000e+00 0.000000000000000000e+00 0.000000000000000000e+00 1.000000000000000000e+00
-9.966257810592651367e-01 7.297400385141372681e-02 3.757464140653610229e-02 -1.365699887275695801e+00 -8.207958936691284180e-02 -8.860640525817871094e-01 -4.562383294105529785e-01 9.725075364112854004e-01 -5.551115123125782702e-17 -4.577829837799072266e-01 8.890639543533325195e-01 6.452360153198242188e-01 0.000000000000000000e+00 0.000000000000000000e+00 0.000000000000000000e+00 1.000000000000000000e+00
4.053831696510314941e-01 2.322701364755630493e-01 8.841465115547180176e-01 1.008188724517822266e+00 -9.141468405723571777e-01 1.030013933777809143e-01 3.920793533325195312e-01 -1.504359006881713867e+00 -1.387778780781445676e-17 -9.671821594238281250e-01 2.540840506553649902e-01 -8.776215910911560059e-01 0.000000000000000000e+00 0.000000000000000000e+00 0.000000000000000000e+00 1.000000000000000000e+00
2.940088510513305664e-01 -9.103844761848449707e-01 2.911338210105895996e-01 1.686668515205383301e+00 -9.558026790618896484e-01 -2.800380289554595947e-01 8.955395966768264771e-02 1.237305998802185059e+00 0.000000000000000000e+00 -3.045961260795593262e-01 -9.524816274642944336e-01 -8.678178787231445312e-01 0.000000000000000000e+00 0.000000000000000000e+00 0.000000000000000000e+00 1.000000000000000000e+00
-9.912521243095397949e-01 -6.633567065000534058e-02 -1.140999421477317810e-01 -1.430372714996337891e+00 1.319818794727325439e-01 -4.982151389122009277e-01 -8.569495081901550293e-01 -1.141094207763671875e+00 0.000000000000000000e+00 -8.645121455192565918e-01 5.026119351387023926e-01 9.773483872413635254e-01 0.000000000000000000e+00 0.000000000000000000e+00 0.000000000000000000e+00 1.000000000000000000e+00
2.797091901302337646e-01 -2.434938400983810425e-01 -9.286945462226867676e-01 -4.233487844467163086e-01 9.600847959518432617e-01 7.093901187181472778e-02 2.705640196800231934e-01 -1.925038695335388184e+00 0.000000000000000000e+00 -9.673047065734863281e-01 2.536170184612274170e-01 4.490784704685211182e-01 0.000000000000000000e+00 0.000000000000000000e+00 0.000000000000000000e+00 1.000000000000000000e+00
-6.082489490509033203e-01 6.401666998863220215e-01 -4.692758619785308838e-01 -5.310666561126708984e-01 7.937463521957397461e-01 4.905606508255004883e-01 -3.596067726612091064e-01 -2.155696630477905273e+00 2.775557561562891351e-17 -5.912164449691772461e-01 -8.065129518508911133e-01 -3.440662324428558350e-01 0.000000000000000000e+00 0.000000000000000000e+00 0.000000000000000000e+00 1.000000000000000000e+00
-2.115318030118942261e-01 -3.764594495296478271e-01 -9.019604325294494629e-01 -1.887541264295578003e-01 9.773710966110229492e-01 -8.147688210010528564e-02 -1.952107101678848267e-01 -2.224004030227661133e+00 0.000000000000000000e+00 -9.228433370590209961e-01 3.851755559444427490e-01 -7.775623202323913574e-01 0.000000000000000000e+00 0.000000000000000000e+00 0.000000000000000000e+00 1.000000000000000000e+00
6.853808760643005371e-01 -5.086944699287414551e-01 -5.210403203964233398e-01 8.010533452033996582e-01 7.281847596168518066e-01 4.787925779819488525e-01 4.904127120971679688e-01 -1.891474127769470215e+00 2.775557561562891351e-17 -7.155331373214721680e-01 6.985788345336914062e-01 1.373078107833862305e+00 0.000000000000000000e+00 0.000000000000000000e+00 0.000000000000000000e+00 1.000000000000000000e+00
3.430887460708618164e-01 8.500337600708007812e-01 -3.996658027172088623e-01 -1.343771934509277344e+00 9.393029808998107910e-01 -3.104823827743530273e-01 1.459814906120300293e-01 2.507869601249694824e-01 2.775557561562891351e-17 -4.254918992519378662e-01 -9.049622416496276855e-01 1.534653306007385254e+00 0.000000000000000000e+00 0.000000000000000000e+00 0.000000000000000000e+00 1.000000000000000000e+00
9.175257682800292969e-01 1.689688712358474731e-01 3.599943816661834717e-01 -1.333536148071289062e+00 -3.976762890815734863e-01 3.898479640483856201e-01 8.305854201316833496e-01 9.551495313644409180e-01 2.775557561562891351e-17 -9.052447676658630371e-01 4.248904883861541748e-01 -1.681363396346569061e-02 0.000000000000000000e+00 0.000000000000000000e+00 0.000000000000000000e+00 1.000000000000000000e+00
-8.108462691307067871e-01 -9.567682445049285889e-02 5.773856639862060547e-01 1.316409856081008911e-01 -5.852591395378112793e-01 1.325552910566329956e-01 -7.999380230903625488e-01 -1.468280792236328125e+00 1.387778780781445676e-17 -9.865470528602600098e-01 -1.634777039289474487e-01 4.306227564811706543e-01 0.000000000000000000e+00 0.000000000000000000e+00 0.000000000000000000e+00 1.000000000000000000e+00
7.487410902976989746e-01 4.965011179447174072e-01 4.391735494136810303e-01 1.003279805183410645e+00 -6.628625392913818359e-01 5.608263611793518066e-01 4.960716068744659424e-01 -7.827337384223937988e-01 0.000000000000000000e+00 -6.625409126281738281e-01 7.490257620811462402e-01 3.968580365180969238e-01 0.000000000000000000e+00 0.000000000000000000e+00 0.000000000000000000e+00 1.000000000000000000e+00
-9.612410068511962891e-01 1.201243922114372253e-01 2.481650859117507935e-01 -1.604176402091979980e+00 -2.757095992565155029e-01 -4.188047647476196289e-01 -8.652091026306152344e-01 1.882812231779098511e-01 2.775557561562891351e-17 -9.000959396362304688e-01 4.356917440891265869e-01 9.177634716033935547e-01 0.000000000000000000e+00 0.000000000000000000e+00 0.000000000000000000e+00 1.000000000000000000e+00
9.131556749343872070e-01 4.990480467677116394e-02 -4.045445024967193604e-01 -1.083744615316390991e-01 4.076110124588012695e-01 -1.117998585104942322e-01 9.062858819961547852e-01 3.270101249217987061e-01 0.000000000000000000e+00 -9.924768805503845215e-01 -1.224324181675910950e-01 -3.112823143601417542e-02 0.000000000000000000e+00 0.000000000000000000e+00 0.000000000000000000e+00 1.000000000000000000e+00
-9.978150129318237305e-01 -3.776860237121582031e-02 5.421007424592971802e-02 1.921700000762939453e+00 -6.606965512037277222e-02 5.703991651535034180e-01 -8.187060356140136719e-01 -4.590463340282440186e-01 5.551115123125782702e-17 -8.204988241195678711e-01 -5.716482400894165039e-01 1.332668662071228027e+00 0.000000000000000000e+00 0.000000000000000000e+00 0.000000000000000000e+00 1.000000000000000000e+00
4.192982912063598633e-01 -6.884078383445739746e-01 -5.918475985527038574e-01 1.578740954399108887e+00 9.078485369682312012e-01 3.179475665092468262e-01 2.733503282070159912e-01 -7.532346844673156738e-01 0.000000000000000000e+00 -6.519232988357543945e-01 7.582848668098449707e-01 9.278605133295059204e-02 0.000000000000000000e+00 0.000000000000000000e+00 0.000000000000000000e+00 1.000000000000000000e+00
9.729365110397338867e-01 5.675566568970680237e-02 2.239941358566284180e-01 -8.174913525581359863e-01 -2.310726791620254517e-01 2.389709651470184326e-01 9.431321620941162109e-01 9.914759546518325806e-02 0.000000000000000000e+00 -9.693666100502014160e-01 2.456182539463043213e-01 2.523764669895172119e-01 0.000000000000000000e+00 0.000000000000000000e+00 0.000000000000000000e+00 1.000000000000000000e+00
-6.210784316062927246e-01 7.054026722908020020e-01 -3.415678739547729492e-01 -6.019341945648193359e-01 7.837484478950500488e-01 5.589936375617980957e-01 -2.706741690635681152e-01 -1.041319847106933594e+00 0.000000000000000000e+00 -4.358131587505340576e-01 -9.000371694564819336e-01 -4.396569430828094482e-01 0.000000000000000000e+00 0.000000000000000000e+00 0.000000000000000000e+00 1.000000000000000000e+00
-9.688678979873657227e-01 2.354491949081420898e-01 7.654216885566711426e-02 8.697609901428222656e-01 -2.475783228874206543e-01 -9.214019775390625000e-01 -2.995385229587554932e-01 9.337329268455505371e-01 0.000000000000000000e+00 -3.091634213924407959e-01 9.510089159011840820e-01 1.447932124137878418e+00 0.000000000000000000e+00 0.000000000000000000e+00 0.000000000000000000e+00 1.000000000000000000e+00
-1.934325993061065674e-01 -9.327799677848815918e-01 -3.041469752788543701e-01 -1.137327075004577637e+00 9.811135530471801758e-01 -1.839033365249633789e-01 -5.996445193886756897e-02 -2.279477357864379883e+00 1.387778780781445676e-17 -3.100017905235290527e-01 9.507359862327575684e-01 3.976338207721710205e-01 0.000000000000000000e+00 0.000000000000000000e+00 0.000000000000000000e+00 1.000000000000000000e+00
-3.134355247020721436e-01 7.166698575019836426e-01 6.230108737945556641e-01 -5.547512173652648926e-01 -9.496094584465026855e-01 -2.365496456623077393e-01 -2.056358307600021362e-01 -3.705600798130035400e-01 1.387778780781445676e-17 -6.560705900192260742e-01 7.546995282173156738e-01 1.554727911949157715e+00 0.000000000000000000e+00 0.000000000000000000e+00 0.000000000000000000e+00 1.000000000000000000e+00
5.504047870635986328e-01 -5.807022452354431152e-01 -5.998662114143371582e-01 1.837549090385437012e+00 8.348979353904724121e-01 3.828268051147460938e-01 3.954606056213378906e-01 -1.343548774719238281e+00 0.000000000000000000e+00 -7.184904813766479492e-01 6.955367922782897949e-01 9.019032120704650879e-01 0.000000000000000000e+00 0.000000000000000000e+00 0.000000000000000000e+00 1.000000000000000000e+00
9.845604300498962402e-01 1.513458341360092163e-01 -8.795008063316345215e-02 -6.035016179084777832e-01 1.750450730323791504e-01 -8.512614369392395020e-01 4.946849942207336426e-01 5.831856131553649902e-01 -5.551115123125782702e-17 -5.024424791336059570e-01 -8.646106123924255371e-01 -4.385362565517425537e-01 0.000000000000000000e+00 0.000000000000000000e+00 0.000000000000000000e+00 1.000000000000000000e+00
-7.770440578460693359e-01 -2.774748392403125763e-02 6.288343667984008789e-01 -1.769986599683761597e-01 -6.294462084770202637e-01 3.425394371151924133e-02 -7.762886881828308105e-01 -1.196546316146850586e+00 0.000000000000000000e+00 -9.990279078483581543e-01 -4.408237338066101074e-02 -4.022834002971649170e-01 0.000000000000000000e+00 0.000000000000000000e+00 0.000000000000000000e+00 1.000000000000000000e+00
4.970489442348480225e-01 -4.314478933811187744e-01 7.528579235076904297e-01 5.340517163276672363e-01 -8.677225112915039062e-01 -2.471420615911483765e-01 4.312522113323211670e-01 5.704244971275329590e-01 0.000000000000000000e+00 -8.676252365112304688e-01 -4.972187578678131104e-01 1.255377531051635742e+00 0.000000000000000000e+00 0.000000000000000000e+00 0.000000000000000000e+00 1.000000000000000000e+00
-9.098412394523620605e-01 -6.172680109739303589e-02 -4.103397727012634277e-01 2.573463022708892822e-01 4.149565398693084717e-01 -1.353432983160018921e-01 -8.997184634208679199e-01 -1.538718581199645996e+00 0.000000000000000000e+00 -9.888740777969360352e-01 1.487548649311065674e-01 -1.080129817128181458e-01 0.000000000000000000e+00 0.000000000000000000e+00 0.000000000000000000e+00 1.000000000000000000e+00
9.831215739250183105e-01 1.113299801945686340e-01 1.451811343431472778e-01 -9.107813835144042969e-01 -1.829533427953720093e-01 5.982449054718017578e-01 7.801480889320373535e-01 -1.608995437622070312e+00 -5.551115123125782702e-17 -7.935418486595153809e-01 6.085156798362731934e-01 9.509550929069519043e-01 0.000000000000000000e+00 0.000000000000000000e+00 0.000000000000000000e+00 1.000000000000000000e+00
9.402217268943786621e-01 3.316738083958625793e-02 3.389440476894378662e-01 1.970436692237854004e+00 -3.405629992485046387e-01 9.156806021928787231e-02 9.357521533966064453e-01 -1.353163242340087891e+00 6.938893903907228378e-18 -9.952462911605834961e-01 9.738985449075698853e-02 -1.967345736920833588e-02 0.000000000000000000e+00 0.000000000000000000e+00 0.000000000000000000e+00 1.000000000000000000e+00
-2.074232846498489380e-01 9.041502475738525391e-01 -3.734808266162872314e-01 1.544150352478027344e+00 9.782512784004211426e-01 1.917112767696380615e-01 -7.919092476367950439e-02 -2.554873466491699219e+00 1.387778780781445676e-17 -3.817841410636901855e-01 -9.242514967918395996e-01 -4.453027844429016113e-01 0.000000000000000000e+00 0.000000000000000000e+00 0.000000000000000000e+00 1.000000000000000000e+00
6.706035733222961426e-01 -4.712588489055633545e-01 -5.728926658630371094e-01 1.160083770751953125e+00 7.418159246444702148e-01 4.260192215442657471e-01 5.178964734077453613e-01 -1.807497382164001465e+00 2.775557561562891351e-17 -7.722840905189514160e-01 6.352773308753967285e-01 1.402342319488525391e+00 0.000000000000000000e+00 0.000000000000000000e+00 0.000000000000000000e+00 1.000000000000000000e+00
5.378857627511024475e-02 5.743957161903381348e-01 -8.168086409568786621e-01 1.339619159698486328e+00 9.985523223876953125e-01 -3.094071894884109497e-02 4.399866983294487000e-02 8.454900383949279785e-01 0.000000000000000000e+00 -8.179928064346313477e-01 -5.752284526824951172e-01 -1.733340024948120117e-01 0.000000000000000000e+00 0.000000000000000000e+00 0.000000000000000000e+00 1.000000000000000000e+00
-4.959686994552612305e-01 3.749505877494812012e-01 -7.832158803939819336e-01 -4.772935062646865845e-02 8.683404326438903809e-01 2.141599506139755249e-01 -4.473482370376586914e-01 -8.588299751281738281e-01 -1.387778780781445676e-17 -9.019687175750732422e-01 -4.318013787269592285e-01 1.393992424011230469e+00 0.000000000000000000e+00 0.000000000000000000e+00 0.000000000000000000e+00 1.000000000000000000e+00
9.954431056976318359e-01 -9.060713928192853928e-04 9.535322338342666626e-02 1.952698230743408203e-01 -9.535752981901168823e-02 -9.458534419536590576e-03 9.953981637954711914e-01 -1.797295808792114258e+00 0.000000000000000000e+00 -9.999548792839050293e-01 -9.501833468675613403e-03 7.866078615188598633e-02 0.000000000000000000e+00 0.000000000000000000e+00 0.000000000000000000e+00 1.000000000000000000e+00
-4.913522601127624512e-01 -5.981703996658325195e-01 6.330601572990417480e-01 -6.889231204986572266e-01 -8.709609508514404297e-01 3.374575972557067871e-01 -3.571406304836273193e-01 1.312172293663024902e+00 0.000000000000000000e+00 -7.268524765968322754e-01 -6.867936253547668457e-01 1.585423350334167480e+00 0.000000000000000000e+00 0.000000000000000000e+00 0.000000000000000000e+00 1.000000000000000000e+00
8.676511049270629883e-01 -1.962621808052062988e-01 -4.567961990833282471e-01 -9.043613076210021973e-01 4.971736073493957520e-01 3.425103127956390381e-01 7.971857190132141113e-01 3.978690505027770996e-02 0.000000000000000000e+00 -9.187860488891601562e-01 3.947558104991912842e-01 -2.221026867628097534e-01 0.000000000000000000e+00 0.000000000000000000e+00 0.000000000000000000e+00 1.000000000000000000e+00
7.873634696006774902e-01 -1.667246073484420776e-01 5.935163497924804688e-01 6.702659130096435547e-01 -6.164890527725219727e-01 -2.129362523555755615e-01 7.580233812332153320e-01 7.047752737998962402e-01 1.387778780781445676e-17 -9.627362489700317383e-01 -2.704421281814575195e-01 -1.744855642318725586e-01 0.000000000000000000e+00 0.000000000000000000e+00 0.000000000000000000e+00 1.000000000000000000e+00
-2.608333230018615723e-01 4.468309581279754639e-01 -8.557500243186950684e-01 8.031600117683410645e-01 9.653838276863098145e-01 1.207275316119194031e-01 -2.312117964029312134e-01 -1.251853108406066895e+00 6.938893903907228378e-18 -8.864349722862243652e-01 -4.628531634807586670e-01 -5.240464806556701660e-01 0.000000000000000000e+00 0.000000000000000000e+00 0.000000000000000000e+00 1.000000000000000000e+00
-1.314054727554321289e-01 -3.563327342271804810e-02 -9.906880855560302734e-01 1.190869808197021484e+00 9.913287162780761719e-01 -4.723364952951669693e-03 -1.313205659389495850e-01 2.079971581697463989e-01 8.673617379884035472e-19 -9.993537664413452148e-01 3.594496101140975952e-02 1.392406463623046875e+00 0.000000000000000000e+00 0.000000000000000000e+00 0.000000000000000000e+00 1.000000000000000000e+00
4.731822609901428223e-01 -2.538719475269317627e-01 -8.435920476913452148e-01 1.320828497409820557e-01 8.809645771980285645e-01 1.363593041896820068e-01 4.531088173389434814e-01 -1.071954250335693359e+00 -1.387778780781445676e-17 -9.575777649879455566e-01 2.881749868392944336e-01 -8.171542286872863770e-01 0.000000000000000000e+00 0.000000000000000000e+00 0.000000000000000000e+00 1.000000000000000000e+00
-3.385148569941520691e-02 2.745652496814727783e-01 -9.609724283218383789e-01 8.062205314636230469e-01 9.994269013404846191e-01 9.299770928919315338e-03 -3.254899755120277405e-02 -2.295422703027725220e-01 0.000000000000000000e+00 -9.615234732627868652e-01 -2.747226953506469727e-01 1.225859045982360840e+00 0.000000000000000000e+00 0.000000000000000000e+00 0.000000000000000000e+00 1.000000000000000000e+00
1.844428479671478271e-01 -1.000688299536705017e-01 9.777356982231140137e-01 1.942305088043212891e+00 -9.828432202339172363e-01 -1.877916976809501648e-02 1.834843605756759644e-01 -1.641490578651428223e+00 1.734723475976807094e-18 -9.948033094406127930e-01 -1.018156558275222778e-01 -2.796943485736846924e-01 0.000000000000000000e+00 0.000000000000000000e+00 0.000000000000000000e+00 1.000000000000000000e+00
-9.739216566085815430e-01 1.666461378335952759e-01 -1.539663076400756836e-01 1.008572220802307129e+00 2.268844693899154663e-01 7.153432965278625488e-01 -6.609140634536743164e-01 -1.316776156425476074e+00 0.000000000000000000e+00 -6.786110997200012207e-01 -7.344977855682373047e-01 -9.358750581741333008e-01 0.000000000000000000e+00 0.000000000000000000e+00 0.000000000000000000e+00 1.000000000000000000e+00
8.525627255439758301e-01 1.843271553516387939e-01 -4.890401661396026611e-01 1.008641719818115234e+00 5.226249098777770996e-01 -3.006945848464965820e-01 7.977756261825561523e-01 -2.091922283172607422e+00 2.775557561562891351e-17 -9.357383847236633301e-01 -3.526949584484100342e-01 -5.583004951477050781e-01 0.000000000000000000e+00 0.000000000000000000e+00 0.000000000000000000e+00 1.000000000000000000e+00
9.007374048233032227e-01 2.222223132848739624e-01 3.732149600982666016e-01 6.922775506973266602e-01 -4.343640804290771484e-01 4.608206450939178467e-01 7.739329338073730469e-01 -1.357353925704956055e+00 -2.775557561562891351e-17 -8.592215180397033691e-01 5.116037726402282715e-01 2.252423316240310669e-01 0.000000000000000000e+00 0.000000000000000000e+00 0.000000000000000000e+00 1.000000000000000000e+00
-8.693077564239501953e-01 -3.385890722274780273e-01 -3.600854277610778809e-01 -1.267913579940795898e+00 4.942712485790252686e-01 -5.954990983009338379e-01 -6.333062052726745605e-01 4.135469198226928711e-01 0.000000000000000000e+00 -7.285178303718566895e-01 6.850268244743347168e-01 -5.491660237312316895e-01 0.000000000000000000e+00 0.000000000000000000e+00 0.000000000000000000e+00 1.000000000000000000e+00
4.160324335098266602e-01 -3.826124072074890137e-01 -8.249392509460449219e-01 1.409621477127075195e+00 9.093497991561889648e-01 1.750472486019134521e-01 3.774141669273376465e-01 5.541648864746093750e-01 -2.775557561562891351e-17 -9.071748256683349609e-01 4.207538366317749023e-01 1.448249220848083496e+00 0.000000000000000000e+00 0.000000000000000000e+00 0.000000000000000000e+00 1.000000000000000000e+00
-5.127630233764648438e-01 5.658001303672790527e-01 -6.457122564315795898e-01 1.506893634796142578e+00 8.585301637649536133e-01 3.379279673099517822e-01 -3.856560587882995605e-01 -6.686928272247314453e-01 0.000000000000000000e+00 -7.521136403083801270e-01 -6.590334177017211914e-01 1.054609298706054688e+00 0.000000000000000000e+00 0.000000000000000000e+00 0.000000000000000000e+00 1.000000000000000000e+00
7.532945871353149414e-01 -5.260792374610900879e-01 3.946997821331024170e-01 -1.514345049858093262e+00 -6.576832532882690430e-01 -6.025584936141967773e-01 4.520796537399291992e-01 -1.418431401252746582e+00 0.000000000000000000e+00 -6.001365780830383301e-01 -7.998975515365600586e-01 7.658014297485351562e-01 0.000000000000000000e+00 0.000000000000000000e+00 0.000000000000000000e+00 1.000000000000000000e+00
5.924723227508366108e-04 -4.431304037570953369e-01 8.964569568634033203e-01 -5.514823198318481445e-01 -9.999998211860656738e-01 -2.625425404403358698e-04 5.311260465532541275e-04 1.148093104362487793e+00 0.000000000000000000e+00 -8.964571356773376465e-01 -4.431304633617401123e-01 7.564681768417358398e-01 0.000000000000000000e+00 0.000000000000000000e+00 0.000000000000000000e+00 1.000000000000000000e+00
-9.996336102485656738e-01 1.837306469678878784e-02 -1.987697742879390717e-02 -8.280884623527526855e-01 2.706776186823844910e-02 6.785316467285156250e-01 -7.340723276138305664e-01 -1.417477250099182129e+00 0.000000000000000000e+00 -7.343413829803466797e-01 -6.787803173065185547e-01 9.721723472466692328e-05 0.000000000000000000e+00 0.000000000000000000e+00 0.000000000000000000e+00 1.000000000000000000e+00
-8.209921717643737793e-01 5.565198659896850586e-01 1.275048255920410156e-01 -9.816139340400695801e-01 -5.709394812583923340e-01 -8.002573251724243164e-01 -1.833477616310119629e-01 -1.768235206604003906e+00 5.551115123125782702e-17 -2.233246117830276489e-01 9.747441411018371582e-01 1.520301103591918945e+00 0.000000000000000000e+00 0.000000000000000000e+00 0.000000000000000000e+00 1.000000000000000000e+00
9.241687059402465820e-01 -1.711370423436164856e-02 -3.816009759902954102e-01 -6.265673637390136719e-01 3.819845616817474365e-01 4.140468686819076538e-02 9.232407212257385254e-01 1.338201314210891724e-01 0.000000000000000000e+00 -9.989959001541137695e-01 4.480208829045295715e-02 -9.397989511489868164e-01 0.000000000000000000e+00 0.000000000000000000e+00 0.000000000000000000e+00 1.000000000000000000e+00
-8.571152687072753906e-01 4.826794564723968506e-01 1.799275130033493042e-01 -1.247398495674133301e+00 -5.151246190071105957e-01 -8.031298518180847168e-01 -2.993811964988708496e-01 -7.047449350357055664e-01 0.000000000000000000e+00 -3.492892980575561523e-01 9.370149374008178711e-01 5.790022611618041992e-01 0.000000000000000000e+00 0.000000000000000000e+00 0.000000000000000000e+00 1.000000000000000000e+00
-2.124985158443450928e-01 7.105923891067504883e-01 6.707479357719421387e-01 1.060776233673095703e+00 -9.771614074707031250e-01 -1.545290648937225342e-01 -1.458642780780792236e-01 -2.951996587216854095e-02 0.000000000000000000e+00 -6.864249706268310547e-01 7.272006869316101074e-01 -5.348959565162658691e-01 0.000000000000000000e+00 0.000000000000000000e+00 0.000000000000000000e+00 1.000000000000000000e+00
-6.290546059608459473e-01 1.643140614032745361e-01 -7.597967982292175293e-01 3.596914410591125488e-01 7.773610949516296387e-01 1.329659074544906616e-01 -6.148412823677062988e-01 -3.387614488601684570e-01 -1.387778780781445676e-17 -9.774051904678344727e-01 -2.113741785287857056e-01 -9.972240775823593140e-02 0.000000000000000000e+00 0.000000000000000000e+00 0.000000000000000000e+00 1.000000000000000000e+00
-1.405445933341979980e-01 -5.433072522282600403e-02 -9.885824918746948242e-01 4.278782010078430176e-01 9.900743365287780762e-01 -7.712440565228462219e-03 -1.403328180313110352e-01 3.524607419967651367e-01 4.336808689942017736e-19 -9.984931945800781250e-01 5.487539991736412048e-02 -2.469893991947174072e-01 0.000000000000000000e+00 0.000000000000000000e+00 0.000000000000000000e+00 1.000000000000000000e+00
-6.285583972930908203e-01 3.327875733375549316e-01 7.029699683189392090e-01 4.579072594642639160e-01 -7.777623534202575684e-01 -2.689464390277862549e-01 -5.681139826774597168e-01 -2.032473564147949219e+00 0.000000000000000000e+00 -9.038364291191101074e-01 4.278782010078430176e-01 1.308669745922088623e-01 0.000000000000000000e+00 0.000000000000000000e+00 0.000000000000000000e+00 1.000000000000000000e+00
-9.265697598457336426e-01 1.245547235012054443e-01 -3.549008071422576904e-01 2.114962816238403320e+00 3.761229515075683594e-01 3.068375587463378906e-01 -8.742895722389221191e-01 -1.677129626274108887e+00 0.000000000000000000e+00 -9.435766339302062988e-01 -3.311542868614196777e-01 1.178688526153564453e+00 0.000000000000000000e+00 0.000000000000000000e+00 0.000000000000000000e+00 1.000000000000000000e+00
-5.857067704200744629e-01 4.227015748620033264e-02 -8.094200491905212402e-01 6.707872748374938965e-01 8.105230331420898438e-01 3.054560348391532898e-02 -5.849096775054931641e-01 8.083304762840270996e-01 1.734723475976807094e-18 -9.986391663551330566e-01 -5.215170234441757202e-02 -9.012718498706817627e-02 0.000000000000000000e+00 0.000000000000000000e+00 0.000000000000000000e+00 1.000000000000000000e+00
7.077028751373291016e-01 3.031636215746402740e-02 -7.058594822883605957e-01 1.772437810897827148e+00 7.065101861953735352e-01 -3.036753833293914795e-02 7.070510387420654297e-01 6.788247823715209961e-01 0.000000000000000000e+00 -9.990789294242858887e-01 -4.291001334786415100e-02 1.535062789916992188e+00 0.000000000000000000e+00 0.000000000000000000e+00 0.000000000000000000e+00 1.000000000000000000e+00
-9.866855740547180176e-01 4.522183537483215332e-02 1.562259048223495483e-01 -1.990479975938796997e-01 -1.626393198966979980e-01 -2.743477821350097656e-01 -9.477772712707519531e-01 6.388044357299804688e-01 -2.775557561562891351e-17 -9.605666399002075195e-01 2.780498564243316650e-01 1.146711036562919617e-01 0.000000000000000000e+00 0.000000000000000000e+00 0.000000000000000000e+00 1.000000000000000000e+00
-3.678601682186126709e-01 -5.104332789778709412e-02 -9.284791350364685059e-01 8.877404928207397461e-01 9.298810958862304688e-01 -2.019269764423370361e-02 -3.673055469989776611e-01 -1.055602431297302246e+00 0.000000000000000000e+00 -9.984923005104064941e-01 5.489231646060943604e-02 8.658164739608764648e-01 0.000000000000000000e+00 0.000000000000000000e+00 0.000000000000000000e+00 1.000000000000000000e+00
-9.645110964775085449e-01 -1.635180264711380005e-01 2.073167264461517334e-01 1.571265935897827148e+00 -2.640423774719238281e-01 5.973092913627624512e-01 -7.572999596595764160e-01 8.764558434486389160e-01 5.551115123125782702e-17 -7.851645946502685547e-01 -6.192870736122131348e-01 6.557069420814514160e-01 0.000000000000000000e+00 0.000000000000000000e+00 0.000000000000000000e+00 1.000000000000000000e+00
5.926278233528137207e-01 1.166430488228797913e-01 7.969859838485717773e-01 1.453993558883666992e+00 -8.054764270782470703e-01 8.581991493701934814e-02 5.863810181617736816e-01 1.189224123954772949e+00 6.938893903907228378e-18 -9.894590973854064941e-01 1.448124945163726807e-01 -3.058526217937469482e-01 0.000000000000000000e+00 0.000000000000000000e+00 0.000000000000000000e+00 1.000000000000000000e+00
-5.135978460311889648e-01 8.414157480001449585e-02 -8.538954257965087891e-01 -6.637322306632995605e-01 8.580310344696044922e-01 5.036523193120956421e-02 -5.111224055290222168e-01 -4.871082007884979248e-01 0.000000000000000000e+00 -9.951801300048828125e-01 -9.806355834007263184e-02 1.007477164268493652e+00 0.000000000000000000e+00 0.000000000000000000e+00 0.000000000000000000e+00 1.000000000000000000e+00
7.979412674903869629e-01 4.575935378670692444e-02 -6.009957194328308105e-01 4.270533919334411621e-01 6.027352213859558105e-01 -6.057929620146751404e-02 7.956383228302001953e-01 7.516421079635620117e-01 3.469446951953614189e-18 -9.971139430999755859e-01 -7.591949403285980225e-02 7.748644351959228516e-01 0.000000000000000000e+00 0.000000000000000000e+00 0.000000000000000000e+00 1.000000000000000000e+00
-1.156905759125947952e-02 4.741567373275756836e-01 8.803644180297851562e-01 5.622071623802185059e-01 -9.999330639839172363e-01 -5.485913716256618500e-03 -1.018566824495792389e-02 6.231882795691490173e-02 0.000000000000000000e+00 -8.804233670234680176e-01 4.741884469985961914e-01 6.519397348165512085e-02 0.000000000000000000e+00 0.000000000000000000e+00 0.000000000000000000e+00 1.000000000000000000e+00
-9.669286012649536133e-01 6.236796081066131592e-02 2.473039925098419189e-01 1.315867066383361816e+00 -2.550471127033233643e-01 -2.364479601383209229e-01 -9.375731348991394043e-01 -2.163003921508789062e+00 0.000000000000000000e+00 -9.696404337882995605e-01 2.445350736379623413e-01 -5.346089601516723633e-01 0.000000000000000000e+00 0.000000000000000000e+00 0.000000000000000000e+00 1.000000000000000000e+00
-5.575608611106872559e-01 -4.269030392169952393e-01 7.119548320770263672e-01 2.056137561798095703e+00 -8.301360607147216797e-01 2.867293953895568848e-01 -4.781844317913055420e-01 -1.699437499046325684e+00 0.000000000000000000e+00 -8.576363325119018555e-01 -5.142567157745361328e-01 8.819202780723571777e-01 0.000000000000000000e+00 0.000000000000000000e+00 0.000000000000000000e+00 1.000000000000000000e+00
-2.357892096042633057e-01 -9.093581438064575195e-01 -3.427407145500183105e-01 -1.090640068054199219e+00 9.718042016029357910e-01 -2.206379026174545288e-01 -8.315929770469665527e-02 2.090661227703094482e-01 1.387778780781445676e-17 -3.526849448680877686e-01 9.357421398162841797e-01 -1.834836155176162720e-01 0.000000000000000000e+00 0.000000000000000000e+00 0.000000000000000000e+00 1.000000000000000000e+00
-3.821416199207305908e-02 7.838863730430603027e-01 -6.197271943092346191e-01 6.578128337860107422e-01 9.992695450782775879e-01 2.997745946049690247e-02 -2.369966730475425720e-02 8.326900601387023926e-01 0.000000000000000000e+00 -6.201801896095275879e-01 -7.844594120979309082e-01 -6.010421514511108398e-01 0.000000000000000000e+00 0.000000000000000000e+00 0.000000000000000000e+00 1.000000000000000000e+00
-5.086095929145812988e-01 7.182692885398864746e-01 -4.747688770294189453e-01 -1.560305953025817871e+00 8.609972596168518066e-01 4.242970943450927734e-01 -2.804561853408813477e-01 -1.710040807723999023e+00 0.000000000000000000e+00 -5.514174103736877441e-01 -8.342294692993164062e-01 1.527411341667175293e+00 0.000000000000000000e+00 0.000000000000000000e+00 0.000000000000000000e+00 1.000000000000000000e+00
9.957759976387023926e-01 -8.305709064006805420e-02 -3.913658857345581055e-02 3.596795797348022461e-01 9.181585907936096191e-02 9.007839560508728027e-01 4.244503378868103027e-01 -3.297820389270782471e-01 5.551115123125782702e-17 -4.262508153915405273e-01 9.046050310134887695e-01 9.525217413902282715e-01 0.000000000000000000e+00 0.000000000000000000e+00 0.000000000000000000e+00 1.000000000000000000e+00
8.433306962251663208e-02 4.117213487625122070e-01 -9.073992967605590820e-01 -7.063423395156860352e-01 9.964376091957092285e-01 -3.484585881233215332e-02 7.679735124111175537e-02 -2.550890445709228516e+00 0.000000000000000000e+00 -9.106433391571044922e-01 -4.131932854652404785e-01 -2.398723363876342773e-02 0.000000000000000000e+00 0.000000000000000000e+00 0.000000000000000000e+00 1.000000000000000000e+00
-5.003430247306823730e-01 8.069743514060974121e-01 -3.137662112712860107e-01 1.318552970886230469e+00 8.658272624015808105e-01 4.663332104682922363e-01 -1.813187748193740845e-01 1.535675525665283203e+00 0.000000000000000000e+00 -3.623889386653900146e-01 -9.320269823074340820e-01 2.640790641307830811e-01 0.000000000000000000e+00 0.000000000000000000e+00 0.000000000000000000e+00 1.000000000000000000e+00
7.571132183074951172e-01 -4.427577257156372070e-01 4.803594350814819336e-01 1.743964314460754395e+00 -6.532837152481079102e-01 -5.131273269653320312e-01 5.567052960395812988e-01 -8.098549395799636841e-02 0.000000000000000000e+00 -7.352998852729797363e-01 -6.777418851852416992e-01 1.493067622184753418e+00 0.000000000000000000e+00 0.000000000000000000e+00 0.000000000000000000e+00 1.000000000000000000e+00
4.416515827178955078e-01 2.340694814920425415e-01 -8.661150932312011719e-01 -6.118187904357910156e-01 8.971866369247436523e-01 -1.152236908674240112e-01 4.263562262058258057e-01 -1.804584145545959473e+00 -6.938893903907228378e-18 -9.653677940368652344e-01 -2.608927488327026367e-01 1.539289474487304688e+00 0.000000000000000000e+00 0.000000000000000000e+00 0.000000000000000000e+00 1.000000000000000000e+00
-3.688102364540100098e-01 -5.642974376678466797e-01 7.386118173599243164e-01 1.762606501579284668e+00 -9.295046925544738770e-01 2.239027470350265503e-01 -2.930674850940704346e-01 -2.233940124511718750e+00 0.000000000000000000e+00 -7.946294546127319336e-01 -6.070947647094726562e-01 -6.468341946601867676e-01 0.000000000000000000e+00 0.000000000000000000e+00 0.000000000000000000e+00 1.000000000000000000e+00
2.410051077604293823e-01 8.995676636695861816e-01 3.642726540565490723e-01 1.256540417671203613e+00 -9.705238342285156250e-01 2.233849316835403442e-01 9.045791625976562500e-02 -1.892120480537414551e+00 -1.387778780781445676e-17 -3.753361105918884277e-01 9.268887639045715332e-01 -1.361806541681289673e-01 0.000000000000000000e+00 0.000000000000000000e+00 0.000000000000000000e+00 1.000000000000000000e+00
5.049557685852050781e-01 6.192973256111145020e-02 8.609206676483154297e-01 8.853336572647094727e-01 -8.631452322006225586e-01 3.623002767562866211e-02 5.036543607711791992e-01 1.654696226119995117e+00 3.469446951953614189e-18 -9.974227547645568848e-01 7.174891233444213867e-02 6.175811290740966797e-01 0.000000000000000000e+00 0.000000000000000000e+00 0.000000000000000000e+00 1.000000000000000000e+00
-8.019753098487854004e-01 -5.999225750565528870e-02 5.943371057510375977e-01 2.283104956150054932e-01 -5.973572134971618652e-01 8.054193854331970215e-02 -7.979206442832946777e-01 -5.109868049621582031e-01 0.000000000000000000e+00 -9.949441552162170410e-01 -1.004294529557228088e-01 6.650524139404296875e-01 0.000000000000000000e+00 0.000000000000000000e+00 0.000000000000000000e+00 1.000000000000000000e+00
1.788078099489212036e-01 2.553392946720123291e-01 -9.501734375953674316e-01 -7.019448876380920410e-01 9.838840365409851074e-01 -4.640451818704605103e-02 1.726813763380050659e-01 -1.643072605133056641e+00 -3.469446951953614189e-18 -9.657372832298278809e-01 -2.595217525959014893e-01 1.555561065673828125e+00 0.000000000000000000e+00 0.000000000000000000e+00 0.000000000000000000e+00 1.000000000000000000e+00
8.455647826194763184e-01 -2.170806825160980225e-01 4.877460002899169922e-01 -7.349575310945510864e-02 -5.338727831840515137e-01 -3.438192903995513916e-01 7.725076675415039062e-01 -2.244917631149291992e+00 0.000000000000000000e+00 -9.135996103286743164e-01 -4.066149592399597168e-01 3.728410005569458008e-01 0.000000000000000000e+00 0.000000000000000000e+00 0.000000000000000000e+00 1.000000000000000000e+00
-2.464166134595870972e-01 -1.748237758874893188e-01 9.532657265663146973e-01 -1.576969861984252930e+00 -9.691640138626098633e-01 4.445014521479606628e-02 -2.423743605613708496e-01 -4.077154099941253662e-01 0.000000000000000000e+00 -9.835958480834960938e-01 -1.803861707448959351e-01 1.321489930152893066e+00 0.000000000000000000e+00 0.000000000000000000e+00 0.000000000000000000e+00 1.000000000000000000e+00
9.629060029983520508e-01 9.015848487615585327e-02 2.543293535709381104e-01 -7.562085390090942383e-01 -2.698369622230529785e-01 3.217281699180603027e-01 9.075676202774047852e-01 2.431160807609558105e-01 0.000000000000000000e+00 -9.425297975540161133e-01 3.341220617294311523e-01 5.865064859390258789e-01 0.000000000000000000e+00 0.000000000000000000e+00 0.000000000000000000e+00 1.000000000000000000e+00
-4.812847971916198730e-01 8.620798587799072266e-01 -1.586924046277999878e-01 1.105072379112243652e+00 8.765642642974853516e-01 4.733319878578186035e-01 -8.713136613368988037e-02 -1.899236559867858887e+00 -2.775557561562891351e-17 -1.810390949249267578e-01 -9.834759235382080078e-01 -7.000846862792968750e-01 0.000000000000000000e+00 0.000000000000000000e+00 0.000000000000000000e+00 1.000000000000000000e+00
2.842558920383453369e-01 9.401221871376037598e-01 1.880661100149154663e-01 -5.661654099822044373e-02 -9.587484598159790039e-01 2.787334620952606201e-01 5.575904995203018188e-02 -7.447685599327087402e-01 0.000000000000000000e+00 -1.961579322814941406e-01 9.805723428726196289e-01 1.047072410583496094e+00 0.000000000000000000e+00 0.000000000000000000e+00 0.000000000000000000e+00 1.000000000000000000e+00
-1.732976734638214111e-01 -4.756197929382324219e-01 8.624115586280822754e-01 1.370507478713989258e+00 -9.848694801330566406e-01 8.369007706642150879e-02 -1.517499834299087524e-01 7.690289020538330078e-01 -6.938893903907228378e-18 -8.756607770919799805e-01 -4.829267263412475586e-01 -8.453763723373413086e-01 0.000000000000000000e+00 0.000000000000000000e+00 0.000000000000000000e+00 1.000000000000000000e+00
7.821999788284301758e-01 1.919184327125549316e-01 5.927314162254333496e-01 1.051933526992797852e+00 -6.230274438858032227e-01 2.409502118825912476e-01 7.441638112068176270e-01 -1.508074164390563965e+00 -1.387778780781445676e-17 -9.513728618621826172e-01 3.080416917800903320e-01 6.472235172986984253e-02 0.000000000000000000e+00 0.000000000000000000e+00 0.000000000000000000e+00 1.000000000000000000e+00
-4.274137318134307861e-01 8.721719980239868164e-01 -2.379778772592544556e-01 -9.141389727592468262e-01 9.040561318397521973e-01 4.123397767543792725e-01 -1.125096231698989868e-01 1.277460455894470215e+00 2.775557561562891351e-17 -2.632335126399993896e-01 -9.647321701049804688e-01 9.205358624458312988e-01 0.000000000000000000e+00 0.000000000000000000e+00 0.000000000000000000e+00 1.000000000000000000e+00
7.923256158828735352e-01 -2.419031597673892975e-02 -6.096187233924865723e-01 -8.014164865016937256e-02 6.100984811782836914e-01 3.141559287905693054e-02 7.917025089263916016e-01 7.069334387779235840e-01 3.469446951953614189e-18 -9.992136359214782715e-01 3.964985534548759460e-02 1.514515280723571777e+00 0.000000000000000000e+00 0.000000000000000000e+00 0.000000000000000000e+00 1.000000000000000000e+00
-7.162457108497619629e-01 3.965714573860168457e-01 5.742152333259582520e-01 -2.928486466407775879e-01 -6.978482007980346680e-01 -4.070263504981994629e-01 -5.893534421920776367e-01 -3.610812127590179443e-01 2.775557561562891351e-17 -8.228369355201721191e-01 5.682775378227233887e-01 6.915124058723449707e-01 0.000000000000000000e+00 0.000000000000000000e+00 0.000000000000000000e+00 1.000000000000000000e+00
7.264043092727661133e-01 -4.258416965603828430e-02 6.859470009803771973e-01 3.991995751857757568e-01 -6.872676014900207520e-01 -4.500914365053176880e-02 7.250086069107055664e-01 -1.029412746429443359e-01 0.000000000000000000e+00 -9.980785250663757324e-01 -6.196155399084091187e-02 4.364413321018218994e-01 0.000000000000000000e+00 0.000000000000000000e+00 0.000000000000000000e+00 1.000000000000000000e+00
2.745593190193176270e-01 -9.593484401702880859e-01 -6.532777100801467896e-02 -2.926411032676696777e-01 9.615701436996459961e-01 2.739249467849731445e-01 1.865318790078163147e-02 -3.891663551330566406e-01 0.000000000000000000e+00 -6.793864071369171143e-02 9.976894855499267578e-01 6.624330580234527588e-02 0.000000000000000000e+00 0.000000000000000000e+00 0.000000000000000000e+00 1.000000000000000000e+00
3.554700016975402832e-01 -1.203051730990409851e-01 -9.269130229949951172e-01 1.867038607597351074e+00 9.346876740455627441e-01 4.575312137603759766e-02 3.525132238864898682e-01 2.883634865283966064e-01 0.000000000000000000e+00 -9.916820526123046875e-01 1.287116259336471558e-01 8.859065771102905273e-01 0.000000000000000000e+00 0.000000000000000000e+00 0.000000000000000000e+00 1.000000000000000000e+00
-1.418366730213165283e-01 -8.673878312110900879e-01 -4.769912958145141602e-01 8.614941239356994629e-01 9.898900985717773438e-01 -1.242839023470878601e-01 -6.834582984447479248e-02 -2.469051361083984375e+00 0.000000000000000000e+00 -4.818629026412963867e-01 8.762466311454772949e-01 -5.383063554763793945e-01 0.000000000000000000e+00 0.000000000000000000e+00 0.000000000000000000e+00 1.000000000000000000e+00
-3.667808175086975098e-01 2.979611791670322418e-02 -9.298301339149475098e-01 -8.047351241111755371e-01 9.303073883056640625e-01 1.174734719097614288e-02 -3.665926456451416016e-01 1.396772742271423340e+00 -8.673617379884035472e-19 -9.994869828224182129e-01 -3.202825039625167847e-02 -8.103137463331222534e-02 0.000000000000000000e+00 0.000000000000000000e+00 0.000000000000000000e+00 1.000000000000000000e+00
2.638868093490600586e-01 -4.161732196807861328e-01 -8.701514601707458496e-01 -1.294053912162780762e+00 9.645536541938781738e-01 1.138584911823272705e-01 2.380598485469818115e-01 -7.594781368970870972e-02 -6.938893903907228378e-18 -9.021286368370056152e-01 4.314671456813812256e-01 6.022425293922424316e-01 0.000000000000000000e+00 0.000000000000000000e+00 0.000000000000000000e+00 1.000000000000000000e+00
2.173842936754226685e-01 -1.159573942422866821e-01 9.691738486289978027e-01 -5.134519338607788086e-01 -9.760860800743103027e-01 -2.582489140331745148e-02 2.158448696136474609e-01 -2.227232217788696289e+00 0.000000000000000000e+00 -9.929184317588806152e-01 -1.187983304262161255e-01 4.411293268203735352e-01 0.000000000000000000e+00 0.000000000000000000e+00 0.000000000000000000e+00 1.000000000000000000e+00
9.883177280426025391e-01 -1.447695195674896240e-01 4.764308780431747437e-02 -5.456722378730773926e-01 -1.524076014757156372e-01 -9.387870430946350098e-01 3.089511692523956299e-01 -1.726475477218627930e+00 -5.551115123125782702e-17 -3.126030862331390381e-01 -9.498838186264038086e-01 -1.943868994712829590e-01 0.000000000000000000e+00 0.000000000000000000e+00 0.000000000000000000e+00 1.000000000000000000e+00
9.645150303840637207e-01 -3.233831375837326050e-03 -2.640082538127899170e-01 -4.938821196556091309e-01 2.640280425548553467e-01 1.181343756616115570e-02 9.644426703453063965e-01 4.762878119945526123e-01 -8.673617379884035472e-19 -9.999250173568725586e-01 1.224805973470211029e-02 -4.481792151927947998e-01 0.000000000000000000e+00 0.000000000000000000e+00 0.000000000000000000e+00 1.000000000000000000e+00
-2.243316322565078735e-01 -8.320699334144592285e-01 -5.072818994522094727e-01 -1.094412088394165039e+00 9.745128750801086426e-01 -1.915414482355117798e-01 -1.167756542563438416e-01 1.263617873191833496e+00 -1.387778780781445676e-17 -5.205492377281188965e-01 8.538316488265991211e-01 1.807642430067062378e-01 0.000000000000000000e+00 0.000000000000000000e+00 0.000000000000000000e+00 1.000000000000000000e+00
1.772834658622741699e-01 2.653443217277526855e-01 -9.477145671844482422e-01 -2.446499019861221313e-01 9.841598272323608398e-01 -4.779829829931259155e-02 1.707183420658111572e-01 7.336394190788269043e-01 0.000000000000000000e+00 -9.629681706428527832e-01 -2.696150839328765869e-01 1.044284701347351074e+00 0.000000000000000000e+00 0.000000000000000000e+00 0.000000000000000000e+00 1.000000000000000000e+00
-1.519222855567932129e-01 7.721855640411376953e-01 6.169676780700683594e-01 -3.515522480010986328e-01 -9.883924722671508789e-01 -1.186898872256278992e-01 -9.483189880847930908e-02 3.419225513935089111e-01 0.000000000000000000e+00 -6.242132186889648438e-01 7.812539935111999512e-01 -7.767012119293212891e-01 0.000000000000000000e+00 0.000000000000000000e+00 0.000000000000000000e+00 1.000000000000000000e+00
-3.378425836563110352e-01 5.682454109191894531e-01 -7.503063082695007324e-01 -1.611606478691101074e+00 9.412026405334472656e-01 2.039704322814941406e-01 -2.693207561969757080e-01 5.388601422309875488e-01 -1.387778780781445676e-17 -7.971782684326171875e-01 -6.037439703941345215e-01 1.411820292472839355e+00 0.000000000000000000e+00 0.000000000000000000e+00 0.000000000000000000e+00 1.000000000000000000e+00
8.471918106079101562e-01 5.126470923423767090e-01 -1.394954621791839600e-01 1.901839733123779297e+00 5.312871336936950684e-01 -8.174683451652526855e-01 2.224398255348205566e-01 -1.206025123596191406e+00 -5.551115123125782702e-17 -2.625613510608673096e-01 -9.649152755737304688e-01 1.304212212562561035e-01 0.000000000000000000e+00 0.000000000000000000e+00 0.000000000000000000e+00 1.000000000000000000e+00
-3.208554089069366455e-01 6.515288949012756348e-01 6.874313950538635254e-01 1.381726980209350586e+00 -9.471281766891479492e-01 -2.207162380218505859e-01 -2.328788042068481445e-01 1.576635956764221191e+00 0.000000000000000000e+00 -7.258060574531555176e-01 6.878994107246398926e-01 -1.272115297615528107e-02 0.000000000000000000e+00 0.000000000000000000e+00 0.000000000000000000e+00 1.000000000000000000e+00
-9.516094923019409180e-01 4.274921864271163940e-02 -3.043219745159149170e-01 -7.902463674545288086e-01 3.073098957538604736e-01 1.323763579130172729e-01 -9.423572421073913574e-01 2.030614912509918213e-01 0.000000000000000000e+00 -9.902772307395935059e-01 -1.391078531742095947e-01 1.485755443572998047e+00 0.000000000000000000e+00 0.000000000000000000e+00 0.000000000000000000e+00 1.000000000000000000e+00
1.708140224218368530e-01 8.590376973152160645e-01 -4.825731217861175537e-01 -3.817431926727294922e-01 9.853032827377319336e-01 -1.489243805408477783e-01 8.365978300571441650e-02 1.201294064521789551e+00 0.000000000000000000e+00 -4.897711575031280518e-01 -8.718510270118713379e-01 1.462700366973876953e+00 0.000000000000000000e+00 0.000000000000000000e+00 0.000000000000000000e+00 1.000000000000000000e+00
8.692741394042968750e-01 -4.729640185832977295e-01 -1.437619477510452271e-01 1.375151157379150391e+00 4.943303167819976807e-01 8.317017555236816406e-01 2.528037428855895996e-01 -5.302295088768005371e-01 0.000000000000000000e+00 -2.908216416835784912e-01 9.567772746086120605e-01 6.445219516754150391e-01 0.000000000000000000e+00 0.000000000000000000e+00 0.000000000000000000e+00 1.000000000000000000e+00
-4.071685969829559326e-01 8.324941992759704590e-01 3.757221698760986328e-01 3.515183627605438232e-01 -9.133530259132385254e-01 -3.711221218109130859e-01 -1.674952358007431030e-01 -2.236900568008422852e+00 -2.775557561562891351e-17 -4.113657772541046143e-01 9.114703536033630371e-01 -4.955519139766693115e-01 0.000000000000000000e+00 0.000000000000000000e+00 0.000000000000000000e+00 1.000000000000000000e+00
-7.314666509628295898e-01 5.571587085723876953e-01 -3.931040167808532715e-01 -7.501317262649536133e-01 6.818772554397583008e-01 5.976779460906982422e-01 -4.216924309730529785e-01 6.812928915023803711e-01 0.000000000000000000e+00 -5.765026211738586426e-01 -8.170952796936035156e-01 -5.321763753890991211e-01 0.000000000000000000e+00 0.000000000000000000e+00 0.000000000000000000e+00 1.000000000000000000e+00
-9.999574422836303711e-01 -7.779748644679784775e-03 4.955021664500236511e-03 -3.770724833011627197e-01 -9.223704226315021515e-03 8.434157371520996094e-01 -5.371822714805603027e-01 -2.295231103897094727e+00 1.110223024625156540e-16 -5.372051596641540527e-01 -8.434516191482543945e-01 -3.800285160541534424e-01 0.000000000000000000e+00 0.000000000000000000e+00 0.000000000000000000e+00 1.000000000000000000e+00
-7.982982993125915527e-01 -4.124040901660919189e-01 -4.389108121395111084e-01 -7.606574296951293945e-01 6.022622585296630859e-01 -5.466414093971252441e-01 -5.817760229110717773e-01 8.387237042188644409e-02 0.000000000000000000e+00 -7.287701964378356934e-01 6.847583055496215820e-01 1.356273889541625977e+00 0.000000000000000000e+00 0.000000000000000000e+00 0.000000000000000000e+00 1.000000000000000000e+00
8.701952546834945679e-02 -8.266019225120544434e-01 -5.560188293457031250e-01 4.337806403636932373e-01 9.962065815925598145e-01 7.220440357923507690e-02 4.856873303651809692e-02 1.121739625930786133e+00 -6.938893903907228378e-18 -5.581360459327697754e-01 8.297494649887084961e-01 8.688588142395019531e-01 0.000000000000000000e+00 0.000000000000000000e+00 0.000000000000000000e+00 1.000000000000000000e+00
-3.908513188362121582e-01 5.158910751342773438e-01 -7.622936964035034180e-01 9.638671278953552246e-01 9.204538464546203613e-01 2.190622687339782715e-01 -3.236919343471527100e-01 -1.080146789550781250e+00 1.387778780781445676e-17 -8.281715512275695801e-01 -5.604746937751770020e-01 -9.411125183105468750e-01 0.000000000000000000e+00 0.000000000000000000e+00 0.000000000000000000e+00 1.000000000000000000e+00
-4.478363394737243652e-01 -7.150675058364868164e-01 5.367690920829772949e-01 3.525774478912353516e-01 -8.941155672073364258e-01 3.581564128398895264e-01 -2.688519358634948730e-01 -9.737430810928344727e-01 2.775557561562891351e-17 -6.003352403640747070e-01 -7.997484207153320312e-01 1.291832804679870605e+00 0.000000000000000000e+00 0.000000000000000000e+00 0.000000000000000000e+00 1.000000000000000000e+00
-2.086971849203109741e-01 7.335731983184814453e-01 -6.467734575271606445e-01 -9.374522566795349121e-01 9.779803156852722168e-01 1.565416604280471802e-01 -1.380189359188079834e-01 -2.524713754653930664e+00 0.000000000000000000e+00 -6.613358259201049805e-01 -7.500899434089660645e-01 1.750407218933105469e-01 0.000000000000000000e+00 0.000000000000000000e+00 0.000000000000000000e+00 1.000000000000000000e+00
9.977018833160400391e-01 6.064626574516296387e-02 -3.021577745676040649e-02 -4.394044354557991028e-02 6.775664538145065308e-02 -8.930031061172485352e-01 4.449207782745361328e-01 -4.996793866157531738e-01 1.110223024625156540e-16 -4.459456205368041992e-01 -8.950600624084472656e-01 6.417283415794372559e-01 0.000000000000000000e+00 0.000000000000000000e+00 0.000000000000000000e+00 1.000000000000000000e+00
8.311253786087036133e-01 3.075961768627166748e-01 -4.632658064365386963e-01 4.849035292863845825e-02 5.560850501060485840e-01 -4.597335755825042725e-01 6.923975944519042969e-01 9.824200272560119629e-01 -2.775557561562891351e-17 -8.330844044685363770e-01 -5.531458854675292969e-01 -8.418209552764892578e-01 0.000000000000000000e+00 0.000000000000000000e+00 0.000000000000000000e+00 1.000000000000000000e+00
8.722784519195556641e-01 3.393984958529472351e-02 4.878303110599517822e-01 -4.351829886436462402e-01 -4.890095293521881104e-01 6.054073944687843323e-02 8.701750040054321289e-01 -3.230989351868629456e-02 0.000000000000000000e+00 -9.975885152816772461e-01 6.940529495477676392e-02 2.072352468967437744e-01 0.000000000000000000e+00 0.000000000000000000e+00 0.000000000000000000e+00 1.000000000000000000e+00
7.862515449523925781e-01 4.119797348976135254e-01 -4.605227410793304443e-01 1.127208113670349121e+00 6.179065704345703125e-01 -5.242211818695068359e-01 5.859894752502441406e-01 -2.211714982986450195e+00 0.000000000000000000e+00 -7.452951669692993164e-01 -6.667346954345703125e-01 1.131793022155761719e+00 0.000000000000000000e+00 0.000000000000000000e+00 0.000000000000000000e+00 1.000000000000000000e+00
-9.223392009735107422e-01 1.472852379083633423e-01 3.572078645229339600e-01 2.137599706649780273e+00 -3.863811492919921875e-01 -3.515879213809967041e-01 -8.526989817619323730e-01 -2.311058998107910156e+00 2.775557561562891351e-17 -9.244960546493530273e-01 3.811915516853332520e-01 6.348987221717834473e-01 0.000000000000000000e+00 0.000000000000000000e+00 0.000000000000000000e+00 1.000000000000000000e+00
-9.063695669174194336e-01 1.564601808786392212e-02 4.221959114074707031e-01 6.727381944656372070e-01 -4.224857389926910400e-01 -3.356580808758735657e-02 -9.057478308677673340e-01 -4.876030981540679932e-01 3.469446951953614189e-18 -9.993140101432800293e-01 3.703324496746063232e-02 2.122155576944351196e-01 0.000000000000000000e+00 0.000000000000000000e+00 0.000000000000000000e+00 1.000000000000000000e+00
8.075890541076660156e-01 -1.731918752193450928e-01 -5.637415051460266113e-01 -3.164539858698844910e-02 5.897456407546997070e-01 2.371664196252822876e-01 7.719793915748596191e-01 -7.861781716346740723e-01 1.387778780781445676e-17 -9.559062123298645020e-01 2.936721742153167725e-01 4.665037095546722412e-01 0.000000000000000000e+00 0.000000000000000000e+00 0.000000000000000000e+00 1.000000000000000000e+00
5.125487223267555237e-02 -9.361137747764587402e-01 -3.479425013065338135e-01 5.282352566719055176e-01 9.986855983734130859e-01 4.804354161024093628e-02 1.785722002387046814e-02 2.163987010717391968e-01 0.000000000000000000e+00 -3.484004437923431396e-01 9.373458027839660645e-01 -2.774646580219268799e-01 0.000000000000000000e+00 0.000000000000000000e+00 0.000000000000000000e+00 1.000000000000000000e+00
4.142003357410430908e-01 -8.213095068931579590e-01 3.922865986824035645e-01 1.469323515892028809e+00 -9.101857542991638184e-01 -3.737552165985107422e-01 1.785187721252441406e-01 -2.476218715310096741e-02 -2.775557561562891351e-17 -4.309962093830108643e-01 -9.023537635803222656e-01 -8.773335814476013184e-01 0.000000000000000000e+00 0.000000000000000000e+00 0.000000000000000000e+00 1.000000000000000000e+00
6.831596493721008301e-01 6.482552289962768555e-01 3.362410366535186768e-01 -7.703726887702941895e-01 -7.302690148353576660e-01 6.064365506172180176e-01 3.145502507686614990e-01 1.204275727272033691e+00 -5.551115123125782702e-17 -4.604344666004180908e-01 8.876937031745910645e-01 8.138823509216308594e-02 0.000000000000000000e+00 0.000000000000000000e+00 0.000000000000000000e+00 1.000000000000000000e+00
9.568337798118591309e-01 1.572094112634658813e-01 -2.444469034671783447e-01 1.945401191711425781e+00 2.906356751918792725e-01 -5.175665020942687988e-01 8.047706484794616699e-01 2.489275783300399780e-01 -5.551115123125782702e-17 -8.410767912864685059e-01 -5.409157872200012207e-01 1.557654857635498047e+00 0.000000000000000000e+00 0.000000000000000000e+00 0.000000000000000000e+00 1.000000000000000000e+00
-9.547378420829772949e-01 -2.079045772552490234e-01 2.127236127853393555e-01 -8.071743845939636230e-01 -2.974485754966735840e-01 6.673233509063720703e-01 -6.827912926673889160e-01 -1.805226564407348633e+00 0.000000000000000000e+00 -7.151610255241394043e-01 -6.989597678184509277e-01 4.249440133571624756e-01 0.000000000000000000e+00 0.000000000000000000e+00 0.000000000000000000e+00 1.000000000000000000e+00
-1.149043999612331390e-02 1.122890114784240723e-01 -9.936091303825378418e-01 -1.800291657447814941e+00 9.999339580535888672e-01 1.290335319936275482e-03 -1.141775958240032196e-02 6.345027089118957520e-01 0.000000000000000000e+00 -9.936747550964355469e-01 -1.122964248061180115e-01 1.070537924766540527e+00 0.000000000000000000e+00 0.000000000000000000e+00 0.000000000000000000e+00 1.000000000000000000e+00
-8.614373803138732910e-01 -2.638402879238128662e-01 4.339515864849090576e-01 1.031684726476669312e-01 -5.078638195991516113e-01 4.475252330303192139e-01 -7.360675930976867676e-01 7.980440258979797363e-01 -2.775557561562891351e-17 -8.544644713401794434e-01 -5.195098519325256348e-01 2.247726768255233765e-01 0.000000000000000000e+00 0.000000000000000000e+00 0.000000000000000000e+00 1.000000000000000000e+00
7.043655514717102051e-01 -1.323164999485015869e-01 -6.973962783813476562e-01 -8.704628348350524902e-01 7.098374366760253906e-01 1.312965154647827148e-01 6.920202374458312988e-01 -1.137969255447387695e+00 1.387778780781445676e-17 -9.824731945991516113e-01 1.864039450883865356e-01 -4.902048408985137939e-01 0.000000000000000000e+00 0.000000000000000000e+00 0.000000000000000000e+00 1.000000000000000000e+00
-9.825245738029479980e-01 -3.230255469679832458e-02 1.833084523677825928e-01 1.751731753349304199e+00 -1.861328631639480591e-01 1.705128997564315796e-01 -9.676156044006347656e-01 5.917505025863647461e-01 0.000000000000000000e+00 -9.848258495330810547e-01 -1.735456883907318115e-01 3.373691439628601074e-01 0.000000000000000000e+00 0.000000000000000000e+00 0.000000000000000000e+00 1.000000000000000000e+00
8.837076425552368164e-01 2.831858992576599121e-01 -3.726480007171630859e-01 -8.115331530570983887e-01 4.680393040180206299e-01 -5.346848964691162109e-01 7.035987973213195801e-01 -1.850728839635848999e-01 -5.551115123125782702e-17 -7.961895465850830078e-01 -6.050472855567932129e-01 9.735121726989746094e-01 0.000000000000000000e+00 0.000000000000000000e+00 0.000000000000000000e+00 1.000000000000000000e+00
-6.434093713760375977e-01 3.688949942588806152e-01 6.707763075828552246e-01 -1.810571432113647461e+00 -7.655223011970520020e-01 -3.100503981113433838e-01 -5.637769103050231934e-01 7.178696990013122559e-01 0.000000000000000000e+00 -8.762335777282714844e-01 4.818866848945617676e-01 3.342363834381103516e-01 0.000000000000000000e+00 0.000000000000000000e+00 0.000000000000000000e+00 1.000000000000000000e+00
8.887810111045837402e-01 2.805623412132263184e-02 4.574725627899169922e-01 6.197158098220825195e-01 -4.583320915699005127e-01 5.440563336014747620e-02 8.871142864227294922e-01 -5.805276036262512207e-01 0.000000000000000000e+00 -9.981246590614318848e-01 6.121376529335975647e-02 6.725723147392272949e-01 0.000000000000000000e+00 0.000000000000000000e+00 0.000000000000000000e+00 1.000000000000000000e+00
-5.281154513359069824e-01 4.519746899604797363e-01 -7.188970446586608887e-01 5.053519010543823242e-01 8.491725921630859375e-01 2.810910344123840332e-01 -4.470947682857513428e-01 -2.029551506042480469e+00 0.000000000000000000e+00 -8.465853333473205566e-01 -5.322530269622802734e-01 8.731349110603332520e-01 0.000000000000000000e+00 0.000000000000000000e+00 0.000000000000000000e+00 1.000000000000000000e+00
-1.203533858060836792e-01 4.662288427352905273e-01 -8.764392137527465820e-01 1.292826056480407715e+00 9.927310943603515625e-01 5.652308091521263123e-02 -1.062547862529754639e-01 6.499162912368774414e-01 0.000000000000000000e+00 -8.828566074371337891e-01 -4.696426391601562500e-01 -8.340470194816589355e-01 0.000000000000000000e+00 0.000000000000000000e+00 0.000000000000000000e+00 1.000000000000000000e+00
6.971497535705566406e-01 -3.786443471908569336e-01 6.087779998779296875e-01 -1.129503369331359863e+00 -7.169255018234252930e-01 -3.681997656822204590e-01 5.919854044914245605e-01 -1.067172050476074219e+00 0.000000000000000000e+00 -8.491509556770324707e-01 -5.281502008438110352e-01 7.972195744514465332e-01 0.000000000000000000e+00 0.000000000000000000e+00 0.000000000000000000e+00 1.000000000000000000e+00
7.461220026016235352e-01 1.470270603895187378e-01 6.493727564811706543e-01 1.555451273918151855e+00 -6.658092737197875977e-01 1.647620797157287598e-01 7.277028560638427734e-01 5.338742733001708984e-01 0.000000000000000000e+00 -9.753135442733764648e-01 2.208245843648910522e-01 -6.359770894050598145e-01 0.000000000000000000e+00 0.000000000000000000e+00 0.000000000000000000e+00 1.000000000000000000e+00
3.161266446113586426e-01 3.954188525676727295e-01 8.623849749565124512e-01 9.712152481079101562e-01 -9.487169981002807617e-01 1.317594498395919800e-01 2.873595356941223145e-01 -5.431727170944213867e-01 0.000000000000000000e+00 -9.090012907981872559e-01 4.167932569980621338e-01 1.357712864875793457e+00 0.000000000000000000e+00 0.000000000000000000e+00 0.000000000000000000e+00 1.000000000000000000e+00
-9.901164770126342773e-01 2.085571549832820892e-02 -1.386880725622177124e-01 1.550814747810363770e+00 1.402474194765090942e-01 1.472368389368057251e-01 -9.791077375411987305e-01 8.295525312423706055e-01 0.000000000000000000e+00 -9.888813495635986328e-01 -1.487065851688385010e-01 1.053951501846313477e+00 0.000000000000000000e+00 0.000000000000000000e+00 0.000000000000000000e+00 1.000000000000000000e+00
